matchId,season,over,ball,runs_so_far,wickets_fallen,wickets_in_hand,balls_bowled,balls_remaining,overs_completed,overs_remaining,target,required_runs,current_run_rate,required_run_rate,run_rate_diff,resources_remaining,match_phase,match_phase_enc,venue,venue_chase_win_rate,venue_matches,batting_team,bowling_team,batting_team_enc,bowling_team_enc,toss_won_by_batting_team,target_win,ball_runs,ball_wicket,is_boundary,runs_last_6,runs_last_12,wickets_last_12,boundaries_last_6,rr_acceleration,pressure_index_a,pressure_index_b,phase_x_rrr,phase_x_wkts
335982,2007/08,0,1,1,0,10,1,119,0.1666666666666666,19.83333333333333,223,222,6.0,11.19327731092437,-5.193277310924371,0.9916666666666668,powerplay,0,M Chinnaswamy Stadium,0.475,59,Royal Challengers Bangalore,Kolkata Knight Riders,16,8,1,0,1.0,0.0,0,1.0,1.0,0.0,0.0,-5.0,1.8655462184873952,1.865546218487395,0.0,0
335982,2007/08,0,2,2,0,10,1,119,0.1666666666666666,19.83333333333333,223,221,12.0,11.142857142857144,0.8571428571428559,0.9916666666666668,powerplay,0,M Chinnaswamy Stadium,0.475,59,Royal Challengers Bangalore,Kolkata Knight Riders,16,8,1,0,1.0,0.0,0,2.0,2.0,0.0,0.0,-10.0,0.9285714285714288,1.8571428571428568,0.0,0
335982,2007/08,0,3,2,0,10,2,118,0.3333333333333333,19.666666666666668,223,221,6.0,11.23728813559322,-5.23728813559322,0.9833333333333332,powerplay,0,M Chinnaswamy Stadium,0.475,59,Royal Challengers Bangalore,Kolkata Knight Riders,16,8,1,0,0.0,0.0,0,2.0,2.0,0.0,0.0,-4.0,1.8728813559322035,1.8728813559322035,0.0,0
335982,2007/08,0,4,3,0,10,3,117,0.5,19.5,223,220,6.0,11.282051282051285,-5.282051282051283,0.975,powerplay,0,M Chinnaswamy Stadium,0.475,59,Royal Challengers Bangalore,Kolkata Knight Riders,16,8,1,0,1.0,0.0,0,3.0,3.0,0.0,0.0,-3.0,1.8803418803418808,1.8803418803418803,0.0,0
335982,2007/08,0,5,4,0,10,4,116,0.6666666666666666,19.33333333333333,223,219,6.0,11.327586206896552,-5.327586206896552,0.9666666666666668,powerplay,0,M Chinnaswamy Stadium,0.475,59,Royal Challengers Bangalore,Kolkata Knight Riders,16,8,1,0,1.0,0.0,0,4.0,4.0,0.0,0.0,-2.0,1.887931034482759,1.887931034482759,0.0,0
335982,2007/08,0,6,4,0,10,5,115,0.8333333333333334,19.166666666666668,223,219,4.8,11.426086956521738,-6.626086956521738,0.9583333333333334,powerplay,0,M Chinnaswamy Stadium,0.475,59,Royal Challengers Bangalore,Kolkata Knight Riders,16,8,1,0,0.0,0.0,0,4.0,4.0,0.0,0.0,-0.7999999999999998,2.380434782608696,1.9043478260869569,0.0,0
335982,2007/08,0,7,4,0,10,6,114,1.0,19.0,223,219,4.0,11.526315789473683,-7.526315789473685,0.95,powerplay,0,M Chinnaswamy Stadium,0.475,59,Royal Challengers Bangalore,Kolkata Knight Riders,16,8,1,0,0.0,0.0,0,3.0,4.0,0.0,0.0,-1.0,2.881578947368421,1.9210526315789476,0.0,0
335982,2007/08,1,1,4,1,9,7,113,1.1666666666666667,18.83333333333333,223,219,3.4285714285714284,11.628318584070795,-8.199747155499368,0.8475,powerplay,0,M Chinnaswamy Stadium,0.475,59,Royal Challengers Bangalore,Kolkata Knight Riders,16,8,1,0,0.0,1.0,0,2.0,4.0,1.0,0.0,-1.4285714285714284,3.391592920353982,2.1318584070796462,0.0,0
335982,2007/08,1,2,4,1,9,8,112,1.3333333333333333,18.666666666666668,223,219,3.0,11.732142857142856,-8.732142857142856,0.8400000000000001,powerplay,0,M Chinnaswamy Stadium,0.475,59,Royal Challengers Bangalore,Kolkata Knight Riders,16,8,1,0,0.0,0.0,0,2.0,4.0,1.0,0.0,-1.0,3.910714285714285,2.1508928571428574,0.0,0
335982,2007/08,1,3,8,1,9,9,111,1.5,18.5,223,215,5.333333333333333,11.62162162162162,-6.288288288288288,0.8325,powerplay,0,M Chinnaswamy Stadium,0.475,59,Royal Challengers Bangalore,Kolkata Knight Riders,16,8,1,0,4.0,0.0,1,5.0,8.0,1.0,1.0,-0.333333333333333,2.179054054054054,2.130630630630631,0.0,0
335982,2007/08,1,4,9,1,9,10,110,1.6666666666666667,18.33333333333333,223,214,5.4,11.672727272727274,-6.272727272727274,0.825,powerplay,0,M Chinnaswamy Stadium,0.475,59,Royal Challengers Bangalore,Kolkata Knight Riders,16,8,1,0,1.0,0.0,0,5.0,9.0,1.0,1.0,-0.4000000000000003,2.1616161616161618,2.14,0.0,0
335982,2007/08,1,5,9,1,9,11,109,1.8333333333333333,18.166666666666668,223,214,4.909090909090909,11.779816513761467,-6.870725604670558,0.8175,powerplay,0,M Chinnaswamy Stadium,0.475,59,Royal Challengers Bangalore,Kolkata Knight Riders,16,8,1,0,0.0,0.0,0,5.0,9.0,1.0,1.0,0.0909090909090908,2.399592252803262,2.159633027522936,0.0,0
335982,2007/08,1,6,9,1,9,12,108,2.0,18.0,223,214,4.5,11.88888888888889,-7.388888888888889,0.81,powerplay,0,M Chinnaswamy Stadium,0.475,59,Royal Challengers Bangalore,Kolkata Knight Riders,16,8,1,0,0.0,0.0,0,5.0,8.0,1.0,1.0,0.5,2.6419753086419755,2.1796296296296296,0.0,0
335982,2007/08,2,1,9,1,9,13,107,2.1666666666666665,17.833333333333332,223,214,4.153846153846154,12.0,-7.846153846153846,0.8025000000000001,powerplay,0,M Chinnaswamy Stadium,0.475,59,Royal Challengers Bangalore,Kolkata Knight Riders,16,8,1,0,0.0,0.0,0,5.0,7.0,1.0,1.0,0.8461538461538458,2.888888888888889,2.2,0.0,0
335982,2007/08,2,2,9,2,8,14,106,2.333333333333333,17.666666666666668,223,214,3.8571428571428568,12.11320754716981,-8.256064690026953,0.7066666666666667,powerplay,0,M Chinnaswamy Stadium,0.475,59,Royal Challengers Bangalore,Kolkata Knight Riders,16,8,1,0,0.0,1.0,0,5.0,7.0,2.0,1.0,1.1428571428571432,3.1404612159329144,2.4226415094339626,0.0,0
335982,2007/08,2,3,10,2,8,15,105,2.5,17.5,223,213,4.0,12.17142857142857,-8.17142857142857,0.7000000000000001,powerplay,0,M Chinnaswamy Stadium,0.475,59,Royal Challengers Bangalore,Kolkata Knight Riders,16,8,1,0,1.0,0.0,0,2.0,7.0,2.0,0.0,-2.0,3.0428571428571427,2.434285714285714,0.0,0
335982,2007/08,2,4,10,2,8,16,104,2.6666666666666665,17.333333333333332,223,213,3.75,12.28846153846154,-8.53846153846154,0.6933333333333334,powerplay,0,M Chinnaswamy Stadium,0.475,59,Royal Challengers Bangalore,Kolkata Knight Riders,16,8,1,0,0.0,0.0,0,1.0,6.0,2.0,0.0,-2.75,3.2769230769230773,2.4576923076923074,0.0,0
335982,2007/08,2,5,11,2,8,16,104,2.6666666666666665,17.333333333333332,223,212,4.125,12.230769230769232,-8.105769230769232,0.6933333333333334,powerplay,0,M Chinnaswamy Stadium,0.475,59,Royal Challengers Bangalore,Kolkata Knight Riders,16,8,1,0,1.0,0.0,0,2.0,7.0,2.0,0.0,-2.125,2.965034965034965,2.446153846153846,0.0,0
335982,2007/08,2,6,11,2,8,17,103,2.833333333333333,17.166666666666668,223,212,3.882352941176471,12.349514563106796,-8.467161621930325,0.6866666666666666,powerplay,0,M Chinnaswamy Stadium,0.475,59,Royal Challengers Bangalore,Kolkata Knight Riders,16,8,1,0,0.0,0.0,0,2.0,7.0,2.0,0.0,-1.882352941176471,3.180935569285084,2.469902912621359,0.0,0
335982,2007/08,2,7,12,2,8,18,102,3.0,17.0,223,211,4.0,12.411764705882351,-8.411764705882353,0.68,powerplay,0,M Chinnaswamy Stadium,0.475,59,Royal Challengers Bangalore,Kolkata Knight Riders,16,8,1,0,1.0,0.0,0,3.0,8.0,1.0,0.0,-1.0,3.102941176470588,2.4823529411764707,0.0,0
335982,2007/08,3,1,14,2,8,19,101,3.1666666666666665,16.833333333333332,223,209,4.421052631578948,12.415841584158416,-7.994788952579468,0.6733333333333333,powerplay,0,M Chinnaswamy Stadium,0.475,59,Royal Challengers Bangalore,Kolkata Knight Riders,16,8,1,0,2.0,0.0,0,5.0,10.0,1.0,0.0,0.5789473684210522,2.808345120226308,2.483168316831683,0.0,0
335982,2007/08,3,2,15,2,8,20,100,3.333333333333333,16.666666666666668,223,208,4.5,12.48,-7.979999999999999,0.6666666666666667,powerplay,0,M Chinnaswamy Stadium,0.475,59,Royal Challengers Bangalore,Kolkata Knight Riders,16,8,1,0,1.0,0.0,0,5.0,7.0,1.0,0.0,0.5,2.773333333333333,2.496,0.0,0
335982,2007/08,3,3,15,2,8,21,99,3.5,16.5,223,208,4.285714285714286,12.606060606060606,-8.32034632034632,0.66,powerplay,0,M Chinnaswamy Stadium,0.475,59,Royal Challengers Bangalore,Kolkata Knight Riders,16,8,1,0,0.0,0.0,0,5.0,6.0,1.0,0.0,0.7142857142857144,2.9414141414141413,2.521212121212121,0.0,0
335982,2007/08,3,4,16,2,8,22,98,3.6666666666666665,16.333333333333332,223,207,4.363636363636364,12.673469387755103,-8.309833024118738,0.6533333333333333,powerplay,0,M Chinnaswamy Stadium,0.475,59,Royal Challengers Bangalore,Kolkata Knight Riders,16,8,1,0,1.0,0.0,0,5.0,7.0,1.0,0.0,0.6363636363636358,2.904336734693877,2.53469387755102,0.0,0
335982,2007/08,3,5,16,2,8,23,97,3.8333333333333335,16.166666666666668,223,207,4.173913043478261,12.804123711340203,-8.630210667861945,0.6466666666666667,powerplay,0,M Chinnaswamy Stadium,0.475,59,Royal Challengers Bangalore,Kolkata Knight Riders,16,8,1,0,0.0,0.0,0,5.0,7.0,1.0,0.0,0.8260869565217392,3.0676546391752573,2.560824742268041,0.0,0
335982,2007/08,3,6,16,2,8,24,96,4.0,16.0,223,207,4.0,12.9375,-8.9375,0.6400000000000001,powerplay,0,M Chinnaswamy Stadium,0.475,59,Royal Challengers Bangalore,Kolkata Knight Riders,16,8,1,0,0.0,0.0,0,4.0,7.0,1.0,0.0,0.0,3.234375,2.5875,0.0,0
335982,2007/08,4,1,17,2,8,25,95,4.166666666666667,15.833333333333334,223,206,4.08,13.010526315789471,-8.930526315789473,0.6333333333333333,powerplay,0,M Chinnaswamy Stadium,0.475,59,Royal Challengers Bangalore,Kolkata Knight Riders,16,8,1,0,1.0,0.0,0,3.0,8.0,0.0,0.0,-1.08,3.188854489164086,2.602105263157895,0.0,0
335982,2007/08,4,2,18,2,8,26,94,4.333333333333333,15.666666666666666,223,205,4.153846153846154,13.085106382978724,-8.931260229132569,0.6266666666666667,powerplay,0,M Chinnaswamy Stadium,0.475,59,Royal Challengers Bangalore,Kolkata Knight Riders,16,8,1,0,1.0,0.0,0,3.0,8.0,0.0,0.0,-1.1538461538461542,3.1501182033096926,2.617021276595745,0.0,0
335982,2007/08,4,3,18,2,8,27,93,4.5,15.5,223,205,4.0,13.225806451612904,-9.225806451612904,0.6200000000000001,powerplay,0,M Chinnaswamy Stadium,0.475,59,Royal Challengers Bangalore,Kolkata Knight Riders,16,8,1,0,0.0,0.0,0,3.0,8.0,0.0,0.0,-1.0,3.306451612903226,2.6451612903225805,0.0,0
335982,2007/08,4,4,24,2,8,28,92,4.666666666666667,15.333333333333334,223,199,5.142857142857142,12.978260869565217,-7.835403726708074,0.6133333333333334,powerplay,0,M Chinnaswamy Stadium,0.475,59,Royal Challengers Bangalore,Kolkata Knight Riders,16,8,1,0,6.0,0.0,1,8.0,13.0,0.0,1.0,2.8571428571428577,2.523550724637681,2.595652173913044,0.0,0
335982,2007/08,4,5,24,3,7,29,91,4.833333333333333,15.166666666666666,223,199,4.965517241379311,13.120879120879122,-8.15536187949981,0.5308333333333333,powerplay,0,M Chinnaswamy Stadium,0.475,59,Royal Challengers Bangalore,Kolkata Knight Riders,16,8,1,0,0.0,1.0,0,8.0,13.0,1.0,1.0,3.0344827586206886,2.642399267399268,2.8428571428571425,0.0,0
335982,2007/08,4,6,24,3,7,30,90,5.0,15.0,223,199,4.8,13.266666666666667,-8.466666666666669,0.5249999999999999,powerplay,0,M Chinnaswamy Stadium,0.475,59,Royal Challengers Bangalore,Kolkata Knight Riders,16,8,1,0,0.0,0.0,0,8.0,12.0,1.0,1.0,3.2,2.7638888888888893,2.874444444444445,0.0,0
335982,2007/08,5,1,24,3,7,31,89,5.166666666666667,14.833333333333334,223,199,4.64516129032258,13.415730337078651,-8.770569046756071,0.5191666666666667,powerplay,0,M Chinnaswamy Stadium,0.475,59,Royal Challengers Bangalore,Kolkata Knight Riders,16,8,1,0,0.0,0.0,0,7.0,10.0,1.0,1.0,2.35483870967742,2.88810861423221,2.906741573033708,0.0,0
335982,2007/08,5,2,24,4,6,32,88,5.333333333333333,14.666666666666666,223,199,4.5,13.568181818181818,-9.068181818181818,0.4399999999999999,powerplay,0,M Chinnaswamy Stadium,0.475,59,Royal Challengers Bangalore,Kolkata Knight Riders,16,8,1,0,0.0,1.0,0,6.0,9.0,2.0,1.0,1.5,3.015151515151515,3.1659090909090906,0.0,0
335982,2007/08,5,3,24,4,6,33,87,5.5,14.5,223,199,4.363636363636363,13.724137931034482,-9.36050156739812,0.435,powerplay,0,M Chinnaswamy Stadium,0.475,59,Royal Challengers Bangalore,Kolkata Knight Riders,16,8,1,0,0.0,0.0,0,6.0,9.0,2.0,1.0,1.636363636363637,3.145114942528736,3.2022988505747128,0.0,0
335982,2007/08,5,4,25,4,6,34,86,5.666666666666667,14.333333333333334,223,198,4.411764705882352,13.813953488372093,-9.40218878248974,0.43,powerplay,0,M Chinnaswamy Stadium,0.475,59,Royal Challengers Bangalore,Kolkata Knight Riders,16,8,1,0,1.0,0.0,0,1.0,9.0,2.0,0.0,-3.4117647058823524,3.1311627906976747,3.223255813953488,0.0,0
335982,2007/08,5,5,26,4,6,35,85,5.833333333333333,14.166666666666666,223,197,4.457142857142857,13.905882352941177,-9.44873949579832,0.425,powerplay,0,M Chinnaswamy Stadium,0.475,59,Royal Challengers Bangalore,Kolkata Knight Riders,16,8,1,0,1.0,0.0,0,2.0,10.0,2.0,0.0,-2.4571428571428573,3.1199095022624435,3.244705882352941,0.0,0
335982,2007/08,5,6,26,4,6,36,84,6.0,14.0,223,197,4.333333333333333,14.071428571428571,-9.738095238095235,0.42,powerplay,0,M Chinnaswamy Stadium,0.475,59,Royal Challengers Bangalore,Kolkata Knight Riders,16,8,1,0,0.0,0.0,0,2.0,10.0,2.0,0.0,-2.333333333333333,3.2472527472527477,3.283333333333333,0.0,0
335982,2007/08,6,1,26,4,6,37,83,6.166666666666667,13.833333333333334,223,197,4.216216216216216,14.240963855421686,-10.02474763920547,0.415,middle,1,M Chinnaswamy Stadium,0.475,59,Royal Challengers Bangalore,Kolkata Knight Riders,16,8,1,0,0.0,0.0,0,2.0,9.0,2.0,0.0,-2.216216216216216,3.3776645041705287,3.3228915662650604,14.240963855421686,4
335982,2007/08,6,2,26,4,6,38,82,6.333333333333333,13.666666666666666,223,197,4.105263157894737,14.414634146341465,-10.309370988446728,0.41,middle,1,M Chinnaswamy Stadium,0.475,59,Royal Challengers Bangalore,Kolkata Knight Riders,16,8,1,0,0.0,0.0,0,2.0,8.0,2.0,0.0,-2.105263157894737,3.5112570356472794,3.3634146341463413,14.414634146341465,4
335982,2007/08,6,3,27,4,6,39,81,6.5,13.5,223,196,4.153846153846154,14.51851851851852,-10.364672364672366,0.405,middle,1,M Chinnaswamy Stadium,0.475,59,Royal Challengers Bangalore,Kolkata Knight Riders,16,8,1,0,1.0,0.0,0,3.0,9.0,2.0,0.0,-1.1538461538461542,3.4951989026063104,3.387654320987654,14.51851851851852,4
335982,2007/08,6,4,28,4,6,39,81,6.5,13.5,223,195,4.307692307692308,14.444444444444445,-10.136752136752136,0.405,middle,1,M Chinnaswamy Stadium,0.475,59,Royal Challengers Bangalore,Kolkata Knight Riders,16,8,1,0,1.0,0.0,0,3.0,4.0,2.0,0.0,-1.3076923076923084,3.353174603174603,3.3703703703703702,14.444444444444445,4
335982,2007/08,6,5,29,4,6,39,81,6.5,13.5,223,194,4.461538461538462,14.37037037037037,-9.908831908831909,0.405,middle,1,M Chinnaswamy Stadium,0.475,59,Royal Challengers Bangalore,Kolkata Knight Riders,16,8,1,0,1.0,0.0,0,3.0,5.0,1.0,0.0,-1.4615384615384617,3.2209450830140485,3.3530864197530863,14.37037037037037,4
335982,2007/08,6,6,29,4,6,40,80,6.666666666666667,13.333333333333334,223,194,4.35,14.55,-10.2,0.3999999999999999,middle,1,M Chinnaswamy Stadium,0.475,59,Royal Challengers Bangalore,Kolkata Knight Riders,16,8,1,0,0.0,0.0,0,3.0,5.0,1.0,0.0,-1.3499999999999996,3.344827586206897,3.395,14.55,4
335982,2007/08,6,7,29,4,6,41,79,6.833333333333333,13.166666666666666,223,194,4.243902439024391,14.734177215189874,-10.490274776165483,0.3949999999999999,middle,1,M Chinnaswamy Stadium,0.475,59,Royal Challengers Bangalore,Kolkata Knight Riders,16,8,1,0,0.0,0.0,0,3.0,5.0,1.0,0.0,-1.2439024390243911,3.4718463553033603,3.437974683544304,14.734177215189874,4
335982,2007/08,6,8,33,4,6,42,78,7.0,13.0,223,190,4.714285714285714,14.615384615384617,-9.9010989010989,0.39,middle,1,M Chinnaswamy Stadium,0.475,59,Royal Challengers Bangalore,Kolkata Knight Riders,16,8,1,0,4.0,0.0,1,7.0,9.0,0.0,1.0,2.2857142857142856,3.1002331002331003,3.4102564102564097,14.615384615384617,4
335982,2007/08,7,1,34,4,6,43,77,7.166666666666667,12.833333333333334,223,189,4.744186046511628,14.727272727272728,-9.9830866807611,0.385,middle,1,M Chinnaswamy Stadium,0.475,59,Royal Challengers Bangalore,Kolkata Knight Riders,16,8,1,0,1.0,0.0,0,7.0,10.0,0.0,1.0,2.255813953488372,3.10427807486631,3.436363636363636,14.727272727272728,4
335982,2007/08,7,2,35,4,6,44,76,7.333333333333333,12.666666666666666,223,188,4.7727272727272725,14.842105263157896,-10.069377990430624,0.3799999999999999,middle,1,M Chinnaswamy Stadium,0.475,59,Royal Challengers Bangalore,Kolkata Knight Riders,16,8,1,0,1.0,0.0,0,7.0,10.0,0.0,1.0,2.2272727272727275,3.109774436090226,3.463157894736842,14.842105263157896,4
335982,2007/08,7,3,36,4,6,45,75,7.5,12.5,223,187,4.8,14.96,-10.16,0.375,middle,1,M Chinnaswamy Stadium,0.475,59,Royal Challengers Bangalore,Kolkata Knight Riders,16,8,1,0,1.0,0.0,0,7.0,10.0,0.0,1.0,2.2,3.116666666666667,3.4906666666666664,14.96,4
335982,2007/08,7,4,38,4,6,46,74,7.666666666666667,12.333333333333334,223,185,4.956521739130435,15.0,-10.043478260869566,0.37,middle,1,M Chinnaswamy Stadium,0.475,59,Royal Challengers Bangalore,Kolkata Knight Riders,16,8,1,0,2.0,0.0,0,9.0,12.0,0.0,1.0,4.043478260869565,3.0263157894736845,3.5,15.0,4
335982,2007/08,7,5,38,5,5,47,73,7.833333333333333,12.166666666666666,223,185,4.851063829787234,15.205479452054796,-10.35441562226756,0.3041666666666666,middle,1,M Chinnaswamy Stadium,0.475,59,Royal Challengers Bangalore,Kolkata Knight Riders,16,8,1,0,0.0,1.0,0,9.0,12.0,1.0,1.0,4.148936170212766,3.1344628695025234,3.8013698630136985,15.205479452054796,5
335982,2007/08,7,6,38,5,5,48,72,8.0,12.0,223,185,4.75,15.416666666666666,-10.666666666666666,0.3,middle,1,M Chinnaswamy Stadium,0.475,59,Royal Challengers Bangalore,Kolkata Knight Riders,16,8,1,0,0.0,0.0,0,5.0,12.0,1.0,0.0,0.25,3.245614035087719,3.854166666666667,15.416666666666666,5
335982,2007/08,8,1,38,5,5,49,71,8.166666666666666,11.833333333333334,223,185,4.653061224489797,15.633802816901408,-10.980741592411611,0.2958333333333333,middle,1,M Chinnaswamy Stadium,0.475,59,Royal Challengers Bangalore,Kolkata Knight Riders,16,8,1,0,0.0,0.0,0,4.0,11.0,1.0,0.0,-0.6530612244897966,3.359896219421793,3.908450704225352,15.633802816901408,5
335982,2007/08,8,2,38,6,4,50,70,8.333333333333334,11.666666666666666,223,185,4.56,15.857142857142858,-11.29714285714286,0.2333333333333333,middle,1,M Chinnaswamy Stadium,0.475,59,Royal Challengers Bangalore,Kolkata Knight Riders,16,8,1,0,0.0,1.0,0,3.0,10.0,2.0,0.0,-1.5599999999999996,3.477443609022557,4.228571428571429,15.857142857142858,6
335982,2007/08,8,3,38,6,4,51,69,8.5,11.5,223,185,4.470588235294118,16.08695652173913,-11.616368286445011,0.2299999999999999,middle,1,M Chinnaswamy Stadium,0.475,59,Royal Challengers Bangalore,Kolkata Knight Riders,16,8,1,0,0.0,0.0,0,2.0,9.0,2.0,0.0,-2.4705882352941178,3.598398169336384,4.2898550724637685,16.08695652173913,6
335982,2007/08,8,4,39,6,4,51,69,8.5,11.5,223,184,4.588235294117647,16.0,-11.411764705882351,0.2299999999999999,middle,1,M Chinnaswamy Stadium,0.475,59,Royal Challengers Bangalore,Kolkata Knight Riders,16,8,1,0,1.0,0.0,0,1.0,10.0,2.0,0.0,-3.5882352941176467,3.4871794871794872,4.266666666666667,16.0,6
335982,2007/08,8,5,40,6,4,51,69,8.5,11.5,223,183,4.705882352941177,15.91304347826087,-11.207161125319692,0.2299999999999999,middle,1,M Chinnaswamy Stadium,0.475,59,Royal Challengers Bangalore,Kolkata Knight Riders,16,8,1,0,1.0,0.0,0,2.0,11.0,2.0,0.0,-2.7058823529411766,3.3815217391304344,4.243478260869565,15.91304347826087,6
335982,2007/08,8,6,41,6,4,52,68,8.666666666666666,11.333333333333334,223,182,4.730769230769231,16.058823529411764,-11.328054298642536,0.2266666666666666,middle,1,M Chinnaswamy Stadium,0.475,59,Royal Challengers Bangalore,Kolkata Knight Riders,16,8,1,0,1.0,0.0,0,3.0,8.0,2.0,0.0,-1.7307692307692308,3.39454806312769,4.282352941176471,16.058823529411764,6
335982,2007/08,8,7,43,6,4,53,67,8.833333333333334,11.166666666666666,223,180,4.867924528301886,16.11940298507463,-11.251478456772745,0.2233333333333333,middle,1,M Chinnaswamy Stadium,0.475,59,Royal Challengers Bangalore,Kolkata Knight Riders,16,8,1,0,2.0,0.0,0,5.0,9.0,2.0,0.0,0.1320754716981138,3.3113502256161063,4.298507462686568,16.11940298507463,6
335982,2007/08,8,8,43,7,3,54,66,9.0,11.0,223,180,4.777777777777778,16.363636363636363,-11.585858585858585,0.165,middle,1,M Chinnaswamy Stadium,0.475,59,Royal Challengers Bangalore,Kolkata Knight Riders,16,8,1,0,0.0,1.0,0,5.0,8.0,3.0,0.0,0.2222222222222223,3.4249471458773786,4.636363636363636,16.363636363636363,7
335982,2007/08,9,1,44,7,3,55,65,9.166666666666666,10.833333333333334,223,179,4.800000000000001,16.52307692307692,-11.72307692307692,0.1624999999999999,middle,1,M Chinnaswamy Stadium,0.475,59,Royal Challengers Bangalore,Kolkata Knight Riders,16,8,1,0,1.0,0.0,0,6.0,8.0,3.0,0.0,1.1999999999999993,3.442307692307692,4.681538461538461,16.52307692307692,7
335982,2007/08,9,2,44,7,3,56,64,9.333333333333334,10.666666666666666,223,179,4.714285714285714,16.78125,-12.066964285714285,0.16,middle,1,M Chinnaswamy Stadium,0.475,59,Royal Challengers Bangalore,Kolkata Knight Riders,16,8,1,0,0.0,0.0,0,5.0,6.0,3.0,0.0,0.2857142857142856,3.559659090909091,4.7546875,16.78125,7
335982,2007/08,9,3,44,7,3,57,63,9.5,10.5,223,179,4.631578947368421,17.047619047619047,-12.416040100250626,0.1575,middle,1,M Chinnaswamy Stadium,0.475,59,Royal Challengers Bangalore,Kolkata Knight Riders,16,8,1,0,0.0,0.0,0,4.0,6.0,2.0,0.0,-0.6315789473684212,3.6807359307359295,4.83015873015873,17.047619047619047,7
335982,2007/08,9,4,45,7,3,57,63,9.5,10.5,223,178,4.7368421052631575,16.952380952380953,-12.215538847117797,0.1575,middle,1,M Chinnaswamy Stadium,0.475,59,Royal Challengers Bangalore,Kolkata Knight Riders,16,8,1,0,1.0,0.0,0,4.0,7.0,2.0,0.0,-0.7368421052631575,3.578835978835979,4.803174603174603,16.952380952380953,7
335982,2007/08,9,5,46,7,3,58,62,9.666666666666666,10.333333333333334,223,177,4.758620689655173,17.129032258064516,-12.370411568409343,0.155,middle,1,M Chinnaswamy Stadium,0.475,59,Royal Challengers Bangalore,Kolkata Knight Riders,16,8,1,0,1.0,0.0,0,3.0,8.0,2.0,0.0,-1.7586206896551726,3.599579242636746,4.853225806451613,17.129032258064516,7
335982,2007/08,9,6,50,7,3,59,61,9.833333333333334,10.166666666666666,223,173,5.084745762711864,17.016393442622952,-11.931647679911087,0.1525,middle,1,M Chinnaswamy Stadium,0.475,59,Royal Challengers Bangalore,Kolkata Knight Riders,16,8,1,0,4.0,0.0,1,7.0,12.0,1.0,1.0,1.915254237288136,3.346557377049181,4.821311475409836,17.016393442622952,7
335982,2007/08,9,7,51,7,3,60,60,10.0,10.0,223,172,5.1,17.2,-12.1,0.15,middle,1,M Chinnaswamy Stadium,0.475,59,Royal Challengers Bangalore,Kolkata Knight Riders,16,8,1,0,1.0,0.0,0,7.0,13.0,1.0,1.0,1.9000000000000004,3.372549019607843,4.873333333333333,17.2,7
335982,2007/08,10,1,51,7,3,61,59,10.166666666666666,9.833333333333334,223,172,5.016393442622952,17.491525423728813,-12.47513198110586,0.1475,middle,1,M Chinnaswamy Stadium,0.475,59,Royal Challengers Bangalore,Kolkata Knight Riders,16,8,1,0,0.0,0.0,0,7.0,12.0,1.0,1.0,1.983606557377048,3.486872715187769,4.95593220338983,17.491525423728813,7
335982,2007/08,10,2,51,7,3,62,58,10.333333333333334,9.666666666666666,223,172,4.935483870967742,17.793103448275865,-12.857619577308125,0.145,middle,1,M Chinnaswamy Stadium,0.475,59,Royal Challengers Bangalore,Kolkata Knight Riders,16,8,1,0,0.0,0.0,0,7.0,11.0,1.0,1.0,2.064516129032258,3.605138607167005,5.041379310344828,17.793103448275865,7
335982,2007/08,10,3,51,7,3,63,57,10.5,9.5,223,172,4.857142857142857,18.105263157894736,-13.24812030075188,0.1425,middle,1,M Chinnaswamy Stadium,0.475,59,Royal Challengers Bangalore,Kolkata Knight Riders,16,8,1,0,0.0,0.0,0,6.0,10.0,1.0,1.0,1.1428571428571432,3.727554179566563,5.129824561403509,18.105263157894736,7
335982,2007/08,10,4,52,7,3,64,56,10.666666666666666,9.333333333333334,223,171,4.875,18.32142857142857,-13.44642857142857,0.1399999999999999,middle,1,M Chinnaswamy Stadium,0.475,59,Royal Challengers Bangalore,Kolkata Knight Riders,16,8,1,0,1.0,0.0,0,6.0,9.0,1.0,1.0,1.125,3.7582417582417578,5.191071428571428,18.32142857142857,7
335982,2007/08,10,5,56,7,3,65,55,10.833333333333334,9.166666666666666,223,167,5.169230769230769,18.21818181818182,-13.04895104895105,0.1374999999999999,middle,1,M Chinnaswamy Stadium,0.475,59,Royal Challengers Bangalore,Kolkata Knight Riders,16,8,1,0,4.0,0.0,1,6.0,13.0,0.0,1.0,0.8307692307692314,3.52435064935065,5.161818181818181,18.21818181818182,7
335982,2007/08,10,6,56,7,3,66,54,11.0,9.0,223,167,5.090909090909091,18.55555555555556,-13.464646464646467,0.135,middle,1,M Chinnaswamy Stadium,0.475,59,Royal Challengers Bangalore,Kolkata Knight Riders,16,8,1,0,0.0,0.0,0,5.0,12.0,0.0,1.0,-0.0909090909090908,3.644841269841271,5.257407407407407,18.55555555555556,7
335982,2007/08,11,1,57,8,2,67,53,11.166666666666666,8.833333333333334,223,166,5.104477611940299,18.79245283018868,-13.68797521824838,0.0883333333333333,middle,1,M Chinnaswamy Stadium,0.475,59,Royal Challengers Bangalore,Kolkata Knight Riders,16,8,1,0,1.0,1.0,0,6.0,13.0,1.0,1.0,0.8955223880597014,3.6815623965574313,5.637735849056604,18.79245283018868,8
335982,2007/08,11,2,57,8,2,68,52,11.333333333333334,8.666666666666666,223,166,5.029411764705882,19.15384615384616,-14.124434389140276,0.0866666666666666,middle,1,M Chinnaswamy Stadium,0.475,59,Royal Challengers Bangalore,Kolkata Knight Riders,16,8,1,0,0.0,0.0,0,6.0,13.0,1.0,1.0,0.9705882352941178,3.808367071524968,5.746153846153847,19.15384615384616,8
335982,2007/08,11,3,57,8,2,69,51,11.5,8.5,223,166,4.956521739130435,19.529411764705884,-14.57289002557545,0.085,middle,1,M Chinnaswamy Stadium,0.475,59,Royal Challengers Bangalore,Kolkata Knight Riders,16,8,1,0,0.0,0.0,0,6.0,12.0,1.0,1.0,1.0434782608695654,3.9401444788441697,5.858823529411765,19.529411764705884,8
335982,2007/08,11,4,58,8,2,70,50,11.666666666666666,8.333333333333334,223,165,4.971428571428572,19.8,-14.828571428571426,0.0833333333333333,middle,1,M Chinnaswamy Stadium,0.475,59,Royal Challengers Bangalore,Kolkata Knight Riders,16,8,1,0,1.0,0.0,0,6.0,12.0,1.0,1.0,1.0285714285714276,3.9827586206896544,5.94,19.8,8
335982,2007/08,11,5,58,8,2,71,49,11.833333333333334,8.166666666666666,223,165,4.901408450704225,20.20408163265306,-15.302673181948837,0.0816666666666666,middle,1,M Chinnaswamy Stadium,0.475,59,Royal Challengers Bangalore,Kolkata Knight Riders,16,8,1,0,0.0,0.0,0,2.0,8.0,1.0,0.0,-2.901408450704225,4.122097114707953,6.061224489795919,20.20408163265306,8
335982,2007/08,11,6,59,8,2,72,48,12.0,8.0,223,164,4.916666666666667,20.5,-15.583333333333332,0.08,middle,1,M Chinnaswamy Stadium,0.475,59,Royal Challengers Bangalore,Kolkata Knight Riders,16,8,1,0,1.0,0.0,0,3.0,8.0,1.0,0.0,-1.916666666666667,4.169491525423728,6.15,20.5,8
335982,2007/08,12,1,65,8,2,73,47,12.166666666666666,7.833333333333333,223,158,5.342465753424658,20.170212765957448,-14.82774701253279,0.0783333333333333,middle,1,M Chinnaswamy Stadium,0.475,59,Royal Challengers Bangalore,Kolkata Knight Riders,16,8,1,0,6.0,0.0,1,8.0,14.0,1.0,1.0,2.6575342465753424,3.775450081833061,6.051063829787235,20.170212765957448,8
335982,2007/08,12,2,67,8,2,73,47,12.166666666666666,7.833333333333333,223,156,5.506849315068494,19.91489361702128,-14.408044301952785,0.0783333333333333,middle,1,M Chinnaswamy Stadium,0.475,59,Royal Challengers Bangalore,Kolkata Knight Riders,16,8,1,0,2.0,0.0,0,10.0,16.0,1.0,1.0,4.493150684931506,3.61638615433471,5.974468085106383,19.91489361702128,8
335982,2007/08,12,3,68,8,2,74,46,12.333333333333334,7.666666666666667,223,155,5.513513513513513,20.217391304347824,-14.703877790834312,0.0766666666666666,middle,1,M Chinnaswamy Stadium,0.475,59,Royal Challengers Bangalore,Kolkata Knight Riders,16,8,1,0,1.0,0.0,0,11.0,17.0,1.0,1.0,5.486486486486487,3.666879795396419,6.065217391304348,20.217391304347824,8
335982,2007/08,12,4,69,8,2,75,45,12.5,7.5,223,154,5.52,20.53333333333333,-15.013333333333335,0.075,middle,1,M Chinnaswamy Stadium,0.475,59,Royal Challengers Bangalore,Kolkata Knight Riders,16,8,1,0,1.0,0.0,0,11.0,17.0,1.0,1.0,5.48,3.719806763285024,6.16,20.53333333333333,8
335982,2007/08,12,5,69,8,2,76,44,12.666666666666666,7.333333333333333,223,154,5.447368421052632,21.0,-15.552631578947368,0.0733333333333333,middle,1,M Chinnaswamy Stadium,0.475,59,Royal Challengers Bangalore,Kolkata Knight Riders,16,8,1,0,0.0,0.0,0,11.0,13.0,1.0,1.0,5.552631578947368,3.855072463768116,6.3,21.0,8
335982,2007/08,12,6,69,8,2,77,43,12.833333333333334,7.166666666666667,223,154,5.376623376623376,21.48837209302325,-16.11174871639988,0.0716666666666666,middle,1,M Chinnaswamy Stadium,0.475,59,Royal Challengers Bangalore,Kolkata Knight Riders,16,8,1,0,0.0,0.0,0,10.0,13.0,1.0,1.0,4.623376623376624,3.996629592180653,6.446511627906977,21.48837209302325,8
335982,2007/08,12,7,70,8,2,78,42,13.0,7.0,223,153,5.384615384615385,21.857142857142858,-16.472527472527474,0.0699999999999999,middle,1,M Chinnaswamy Stadium,0.475,59,Royal Challengers Bangalore,Kolkata Knight Riders,16,8,1,0,1.0,0.0,0,5.0,13.0,0.0,0.0,-0.384615384615385,4.059183673469388,6.557142857142857,21.857142857142858,8
335982,2007/08,13,1,70,9,1,79,41,13.166666666666666,6.833333333333333,223,153,5.316455696202532,22.390243902439025,-17.073788206236493,0.0341666666666666,middle,1,M Chinnaswamy Stadium,0.475,59,Royal Challengers Bangalore,Kolkata Knight Riders,16,8,1,0,0.0,1.0,0,3.0,13.0,1.0,0.0,-2.3164556962025324,4.211498257839721,7.090243902439024,22.390243902439025,9
335982,2007/08,13,2,71,9,1,80,40,13.333333333333334,6.666666666666667,223,152,5.325,22.8,-17.475,0.0333333333333333,middle,1,M Chinnaswamy Stadium,0.475,59,Royal Challengers Bangalore,Kolkata Knight Riders,16,8,1,0,1.0,0.0,0,3.0,14.0,1.0,0.0,-2.325,4.28169014084507,7.22,22.8,9
335982,2007/08,13,3,71,9,1,81,39,13.5,6.5,223,152,5.25925925925926,23.384615384615383,-18.125356125356124,0.0325,middle,1,M Chinnaswamy Stadium,0.475,59,Royal Challengers Bangalore,Kolkata Knight Riders,16,8,1,0,0.0,0.0,0,2.0,13.0,1.0,0.0,-3.2592592592592604,4.446370530877572,7.405128205128205,23.384615384615383,9
335982,2007/08,13,4,71,9,1,82,38,13.666666666666666,6.333333333333333,223,152,5.195121951219512,24.0,-18.804878048780488,0.0316666666666666,middle,1,M Chinnaswamy Stadium,0.475,59,Royal Challengers Bangalore,Kolkata Knight Riders,16,8,1,0,0.0,0.0,0,2.0,13.0,1.0,0.0,-3.1951219512195124,4.619718309859155,7.6,24.0,9
335982,2007/08,13,5,71,9,1,83,37,13.833333333333334,6.166666666666667,223,152,5.132530120481928,24.64864864864865,-19.51611852816672,0.0308333333333333,middle,1,M Chinnaswamy Stadium,0.475,59,Royal Challengers Bangalore,Kolkata Knight Riders,16,8,1,0,0.0,0.0,0,2.0,12.0,1.0,0.0,-3.132530120481928,4.802436239055957,7.805405405405405,24.64864864864865,9
335982,2007/08,13,6,77,9,1,84,36,14.0,6.0,223,146,5.5,24.33333333333333,-18.83333333333333,0.03,middle,1,M Chinnaswamy Stadium,0.475,59,Royal Challengers Bangalore,Kolkata Knight Riders,16,8,1,0,6.0,0.0,1,7.0,12.0,1.0,1.0,1.5,4.424242424242423,7.705555555555555,24.33333333333333,9
335982,2007/08,14,1,78,9,1,84,36,14.0,6.0,223,145,5.571428571428571,24.166666666666668,-18.59523809523809,0.03,middle,1,M Chinnaswamy Stadium,0.475,59,Royal Challengers Bangalore,Kolkata Knight Riders,16,8,1,0,1.0,0.0,0,8.0,11.0,1.0,1.0,2.428571428571429,4.337606837606838,7.652777777777777,24.166666666666668,9
335982,2007/08,14,2,78,9,1,85,35,14.166666666666666,5.833333333333333,223,145,5.505882352941176,24.857142857142858,-19.351260504201683,0.0291666666666666,middle,1,M Chinnaswamy Stadium,0.475,59,Royal Challengers Bangalore,Kolkata Knight Riders,16,8,1,0,0.0,0.0,0,7.0,10.0,1.0,1.0,1.4941176470588244,4.514652014652016,7.871428571428572,24.857142857142858,9
335982,2007/08,14,3,78,9,1,86,34,14.333333333333334,5.666666666666667,223,145,5.441860465116279,25.588235294117645,-20.146374829001367,0.0283333333333333,middle,1,M Chinnaswamy Stadium,0.475,59,Royal Challengers Bangalore,Kolkata Knight Riders,16,8,1,0,0.0,0.0,0,7.0,9.0,1.0,1.0,1.558139534883721,4.702111613876319,8.102941176470587,25.588235294117645,9
335982,2007/08,14,4,79,9,1,87,33,14.5,5.5,223,144,5.448275862068965,26.181818181818183,-20.73354231974922,0.0275,middle,1,M Chinnaswamy Stadium,0.475,59,Royal Challengers Bangalore,Kolkata Knight Riders,16,8,1,0,1.0,0.0,0,8.0,10.0,1.0,1.0,2.5517241379310347,4.805523590333717,8.29090909090909,26.181818181818183,9
335982,2007/08,14,5,80,9,1,88,32,14.666666666666666,5.333333333333333,223,143,5.454545454545455,26.8125,-21.357954545454547,0.0266666666666666,middle,1,M Chinnaswamy Stadium,0.475,59,Royal Challengers Bangalore,Kolkata Knight Riders,16,8,1,0,1.0,0.0,0,9.0,11.0,1.0,1.0,3.545454545454545,4.915625,8.490625,26.8125,9
335982,2007/08,14,6,81,9,1,89,31,14.833333333333334,5.166666666666667,223,142,5.46067415730337,27.48387096774193,-22.023196810438563,0.0258333333333333,middle,1,M Chinnaswamy Stadium,0.475,59,Royal Challengers Bangalore,Kolkata Knight Riders,16,8,1,0,1.0,0.0,0,4.0,11.0,1.0,0.0,-1.4606741573033704,5.03305455993628,8.703225806451613,27.48387096774193,9
335982,2007/08,14,7,81,9,1,90,30,15.0,5.0,223,142,5.4,28.4,-23.0,0.025,middle,1,M Chinnaswamy Stadium,0.475,59,Royal Challengers Bangalore,Kolkata Knight Riders,16,8,1,0,0.0,0.0,0,3.0,11.0,0.0,0.0,-2.4000000000000004,5.259259259259259,8.993333333333332,28.4,9
335982,2007/08,15,1,82,9,1,90,30,15.0,5.0,223,141,5.466666666666667,28.2,-22.73333333333333,0.025,middle,1,M Chinnaswamy Stadium,0.475,59,Royal Challengers Bangalore,Kolkata Knight Riders,16,8,1,0,1.0,0.0,0,4.0,11.0,0.0,0.0,-1.4666666666666668,5.158536585365853,8.93,28.2,9
335982,2007/08,15,2,82,10,0,91,29,15.166666666666666,4.833333333333333,223,141,5.406593406593407,29.17241379310345,-23.765820386510043,0.0,death,2,M Chinnaswamy Stadium,0.475,59,Royal Challengers Bangalore,Kolkata Knight Riders,16,8,1,0,0.0,1.0,0,4.0,11.0,1.0,0.0,-1.406593406593407,5.395710681244744,9.724137931034482,58.3448275862069,20
335983,2007/08,0,1,4,0,10,1,119,0.1666666666666666,19.83333333333333,241,237,24.0,11.949579831932772,12.050420168067228,0.9916666666666668,powerplay,0,"Punjab Cricket Association Stadium, Mohali",0.229,35,Kings XI Punjab,Chennai Super Kings,6,0,0,0,4.0,0.0,1,4.0,4.0,0.0,1.0,-20.0,0.4978991596638655,1.9915966386554624,0.0,0
335983,2007/08,0,2,4,0,10,2,118,0.3333333333333333,19.666666666666668,241,237,12.0,12.050847457627118,-0.0508474576271176,0.9833333333333332,powerplay,0,"Punjab Cricket Association Stadium, Mohali",0.229,35,Kings XI Punjab,Chennai Super Kings,6,0,0,0,0.0,0.0,0,4.0,4.0,0.0,1.0,-8.0,1.0042372881355932,2.0084745762711864,0.0,0
335983,2007/08,0,3,4,0,10,3,117,0.5,19.5,241,237,8.0,12.153846153846152,-4.153846153846153,0.975,powerplay,0,"Punjab Cricket Association Stadium, Mohali",0.229,35,Kings XI Punjab,Chennai Super Kings,6,0,0,0,0.0,0.0,0,4.0,4.0,0.0,1.0,-4.0,1.519230769230769,2.025641025641025,0.0,0
335983,2007/08,0,4,5,0,10,4,116,0.6666666666666666,19.33333333333333,241,236,7.5,12.20689655172414,-4.706896551724139,0.9666666666666668,powerplay,0,"Punjab Cricket Association Stadium, Mohali",0.229,35,Kings XI Punjab,Chennai Super Kings,6,0,0,0,1.0,0.0,0,5.0,5.0,0.0,1.0,-2.5,1.627586206896552,2.034482758620689,0.0,0
335983,2007/08,0,5,5,0,10,5,115,0.8333333333333334,19.166666666666668,241,236,6.0,12.31304347826087,-6.3130434782608695,0.9583333333333334,powerplay,0,"Punjab Cricket Association Stadium, Mohali",0.229,35,Kings XI Punjab,Chennai Super Kings,6,0,0,0,0.0,0.0,0,5.0,5.0,0.0,1.0,-1.0,2.0521739130434784,2.0521739130434784,0.0,0
335983,2007/08,0,6,9,0,10,6,114,1.0,19.0,241,232,9.0,12.210526315789474,-3.2105263157894743,0.95,powerplay,0,"Punjab Cricket Association Stadium, Mohali",0.229,35,Kings XI Punjab,Chennai Super Kings,6,0,0,0,4.0,0.0,1,9.0,9.0,0.0,2.0,0.0,1.3567251461988306,2.0350877192982457,0.0,0
335983,2007/08,1,1,10,0,10,7,113,1.1666666666666667,18.83333333333333,241,231,8.571428571428571,12.265486725663717,-3.6940581542351456,0.9416666666666668,powerplay,0,"Punjab Cricket Association Stadium, Mohali",0.229,35,Kings XI Punjab,Chennai Super Kings,6,0,0,0,1.0,0.0,0,6.0,10.0,0.0,1.0,-2.571428571428571,1.4309734513274337,2.0442477876106198,0.0,0
335983,2007/08,1,2,10,0,10,8,112,1.3333333333333333,18.666666666666668,241,231,7.5,12.375,-4.875,0.9333333333333332,powerplay,0,"Punjab Cricket Association Stadium, Mohali",0.229,35,Kings XI Punjab,Chennai Super Kings,6,0,0,0,0.0,0.0,0,6.0,10.0,0.0,1.0,-1.5,1.65,2.0625,0.0,0
335983,2007/08,1,3,11,0,10,9,111,1.5,18.5,241,230,7.333333333333333,12.432432432432432,-5.0990990990990985,0.925,powerplay,0,"Punjab Cricket Association Stadium, Mohali",0.229,35,Kings XI Punjab,Chennai Super Kings,6,0,0,0,1.0,0.0,0,7.0,11.0,0.0,1.0,-0.333333333333333,1.6953316953316953,2.072072072072072,0.0,0
335983,2007/08,1,4,11,0,10,10,110,1.6666666666666667,18.33333333333333,241,230,6.6,12.545454545454549,-5.945454545454547,0.9166666666666666,powerplay,0,"Punjab Cricket Association Stadium, Mohali",0.229,35,Kings XI Punjab,Chennai Super Kings,6,0,0,0,0.0,0.0,0,6.0,11.0,0.0,1.0,-0.5999999999999996,1.9008264462809925,2.090909090909091,0.0,0
335983,2007/08,1,5,15,0,10,11,109,1.8333333333333333,18.166666666666668,241,226,8.181818181818182,12.440366972477063,-4.258548790658882,0.9083333333333332,powerplay,0,"Punjab Cricket Association Stadium, Mohali",0.229,35,Kings XI Punjab,Chennai Super Kings,6,0,0,0,4.0,0.0,1,10.0,15.0,0.0,2.0,1.8181818181818183,1.5204892966360857,2.073394495412844,0.0,0
335983,2007/08,1,6,16,0,10,12,108,2.0,18.0,241,225,8.0,12.5,-4.5,0.9,powerplay,0,"Punjab Cricket Association Stadium, Mohali",0.229,35,Kings XI Punjab,Chennai Super Kings,6,0,0,0,1.0,0.0,0,7.0,16.0,0.0,1.0,-1.0,1.5625,2.083333333333333,0.0,0
335983,2007/08,2,1,17,0,10,13,107,2.1666666666666665,17.833333333333332,241,224,7.846153846153847,12.560747663551403,-4.714593817397557,0.8916666666666667,powerplay,0,"Punjab Cricket Association Stadium, Mohali",0.229,35,Kings XI Punjab,Chennai Super Kings,6,0,0,0,1.0,0.0,0,7.0,13.0,0.0,1.0,-0.8461538461538467,1.60087960417812,2.093457943925233,0.0,0
335983,2007/08,2,2,21,0,10,14,106,2.333333333333333,17.666666666666668,241,220,9.0,12.452830188679243,-3.452830188679245,0.8833333333333333,powerplay,0,"Punjab Cricket Association Stadium, Mohali",0.229,35,Kings XI Punjab,Chennai Super Kings,6,0,0,0,4.0,0.0,1,11.0,17.0,0.0,2.0,2.0,1.383647798742138,2.0754716981132075,0.0,0
335983,2007/08,2,3,21,0,10,15,105,2.5,17.5,241,220,8.4,12.571428571428571,-4.171428571428571,0.875,powerplay,0,"Punjab Cricket Association Stadium, Mohali",0.229,35,Kings XI Punjab,Chennai Super Kings,6,0,0,0,0.0,0.0,0,10.0,17.0,0.0,2.0,1.5999999999999996,1.4965986394557822,2.095238095238096,0.0,0
335983,2007/08,2,4,25,0,10,16,104,2.6666666666666665,17.333333333333332,241,216,9.375,12.461538461538462,-3.0865384615384617,0.8666666666666667,powerplay,0,"Punjab Cricket Association Stadium, Mohali",0.229,35,Kings XI Punjab,Chennai Super Kings,6,0,0,0,4.0,0.0,1,14.0,20.0,0.0,3.0,4.625,1.3292307692307692,2.076923076923077,0.0,0
335983,2007/08,2,5,26,0,10,17,103,2.833333333333333,17.166666666666668,241,215,9.176470588235292,12.524271844660191,-3.3478012564249,0.8583333333333333,powerplay,0,"Punjab Cricket Association Stadium, Mohali",0.229,35,Kings XI Punjab,Chennai Super Kings,6,0,0,0,1.0,0.0,0,11.0,21.0,0.0,2.0,1.8235294117647085,1.3648244958924571,2.087378640776699,0.0,0
335983,2007/08,2,6,27,0,10,18,102,3.0,17.0,241,214,9.0,12.588235294117649,-3.5882352941176467,0.85,powerplay,0,"Punjab Cricket Association Stadium, Mohali",0.229,35,Kings XI Punjab,Chennai Super Kings,6,0,0,0,1.0,0.0,0,11.0,18.0,0.0,2.0,2.0,1.3986928104575165,2.0980392156862746,0.0,0
335983,2007/08,3,1,27,0,10,19,101,3.1666666666666665,16.833333333333332,241,214,8.526315789473685,12.712871287128714,-4.1865554976550285,0.8416666666666667,powerplay,0,"Punjab Cricket Association Stadium, Mohali",0.229,35,Kings XI Punjab,Chennai Super Kings,6,0,0,0,0.0,0.0,0,10.0,17.0,0.0,2.0,1.473684210526315,1.491015768243491,2.118811881188119,0.0,0
335983,2007/08,3,2,27,0,10,20,100,3.333333333333333,16.666666666666668,241,214,8.1,12.84,-4.74,0.8333333333333334,powerplay,0,"Punjab Cricket Association Stadium, Mohali",0.229,35,Kings XI Punjab,Chennai Super Kings,6,0,0,0,0.0,0.0,0,6.0,17.0,0.0,1.0,-2.1,1.5851851851851853,2.14,0.0,0
335983,2007/08,3,3,28,0,10,21,99,3.5,16.5,241,213,8.0,12.909090909090908,-4.909090909090908,0.825,powerplay,0,"Punjab Cricket Association Stadium, Mohali",0.229,35,Kings XI Punjab,Chennai Super Kings,6,0,0,0,1.0,0.0,0,7.0,17.0,0.0,1.0,-1.0,1.6136363636363635,2.1515151515151514,0.0,0
335983,2007/08,3,4,29,0,10,22,98,3.6666666666666665,16.333333333333332,241,212,7.909090909090909,12.979591836734697,-5.070500927643786,0.8166666666666667,powerplay,0,"Punjab Cricket Association Stadium, Mohali",0.229,35,Kings XI Punjab,Chennai Super Kings,6,0,0,0,1.0,0.0,0,4.0,18.0,0.0,0.0,-3.909090909090909,1.6410978184377203,2.163265306122449,0.0,0
335983,2007/08,3,5,31,0,10,23,97,3.8333333333333335,16.166666666666668,241,210,8.08695652173913,12.989690721649485,-4.902734199910352,0.8083333333333333,powerplay,0,"Punjab Cricket Association Stadium, Mohali",0.229,35,Kings XI Punjab,Chennai Super Kings,6,0,0,0,2.0,0.0,0,5.0,16.0,0.0,0.0,-3.086956521739131,1.6062520784835383,2.1649484536082477,0.0,0
335983,2007/08,3,6,37,0,10,24,96,4.0,16.0,241,204,9.25,12.75,-3.5,0.8,powerplay,0,"Punjab Cricket Association Stadium, Mohali",0.229,35,Kings XI Punjab,Chennai Super Kings,6,0,0,0,6.0,0.0,1,10.0,21.0,0.0,1.0,0.75,1.3783783783783785,2.125,0.0,0
335983,2007/08,4,1,37,0,10,25,95,4.166666666666667,15.833333333333334,241,204,8.879999999999999,12.884210526315789,-4.00421052631579,0.7916666666666666,powerplay,0,"Punjab Cricket Association Stadium, Mohali",0.229,35,Kings XI Punjab,Chennai Super Kings,6,0,0,0,0.0,0.0,0,10.0,20.0,0.0,1.0,1.120000000000001,1.4509246088193457,2.147368421052632,0.0,0
335983,2007/08,4,2,37,0,10,26,94,4.333333333333333,15.666666666666666,241,204,8.538461538461538,13.02127659574468,-4.482815057283142,0.7833333333333333,powerplay,0,"Punjab Cricket Association Stadium, Mohali",0.229,35,Kings XI Punjab,Chennai Super Kings,6,0,0,0,0.0,0.0,0,10.0,16.0,0.0,1.0,1.4615384615384617,1.5250143760782058,2.1702127659574466,0.0,0
335983,2007/08,4,3,38,0,10,27,93,4.5,15.5,241,203,8.444444444444445,13.096774193548388,-4.652329749103943,0.775,powerplay,0,"Punjab Cricket Association Stadium, Mohali",0.229,35,Kings XI Punjab,Chennai Super Kings,6,0,0,0,1.0,0.0,0,10.0,17.0,0.0,1.0,1.5555555555555554,1.5509337860780985,2.182795698924731,0.0,0
335983,2007/08,4,4,39,0,10,28,92,4.666666666666667,15.333333333333334,241,202,8.357142857142856,13.17391304347826,-4.816770186335404,0.7666666666666667,powerplay,0,"Punjab Cricket Association Stadium, Mohali",0.229,35,Kings XI Punjab,Chennai Super Kings,6,0,0,0,1.0,0.0,0,10.0,14.0,0.0,1.0,1.642857142857144,1.5763656633221852,2.1956521739130435,0.0,0
335983,2007/08,4,5,43,0,10,29,91,4.833333333333333,15.166666666666666,241,198,8.896551724137932,13.054945054945057,-4.158393330807122,0.7583333333333333,powerplay,0,"Punjab Cricket Association Stadium, Mohali",0.229,35,Kings XI Punjab,Chennai Super Kings,6,0,0,0,4.0,0.0,1,12.0,17.0,0.0,2.0,3.103448275862068,1.467416304625607,2.175824175824176,0.0,0
335983,2007/08,4,6,47,0,10,30,90,5.0,15.0,241,194,9.4,12.933333333333334,-3.533333333333333,0.75,powerplay,0,"Punjab Cricket Association Stadium, Mohali",0.229,35,Kings XI Punjab,Chennai Super Kings,6,0,0,0,4.0,0.0,1,10.0,20.0,0.0,2.0,0.5999999999999996,1.375886524822695,2.1555555555555554,0.0,0
335983,2007/08,5,1,48,0,10,31,89,5.166666666666667,14.833333333333334,241,193,9.29032258064516,13.01123595505618,-3.720913374411019,0.7416666666666667,powerplay,0,"Punjab Cricket Association Stadium, Mohali",0.229,35,Kings XI Punjab,Chennai Super Kings,6,0,0,0,1.0,0.0,0,11.0,21.0,0.0,2.0,1.70967741935484,1.4005149812734083,2.168539325842697,0.0,0
335983,2007/08,5,2,54,0,10,32,88,5.333333333333333,14.666666666666666,241,187,10.125,12.75,-2.625,0.7333333333333333,powerplay,0,"Punjab Cricket Association Stadium, Mohali",0.229,35,Kings XI Punjab,Chennai Super Kings,6,0,0,0,6.0,0.0,1,17.0,27.0,0.0,3.0,6.875,1.2592592592592593,2.125,0.0,0
335983,2007/08,5,3,55,0,10,33,87,5.5,14.5,241,186,10.0,12.827586206896552,-2.827586206896552,0.725,powerplay,0,"Punjab Cricket Association Stadium, Mohali",0.229,35,Kings XI Punjab,Chennai Super Kings,6,0,0,0,1.0,0.0,0,17.0,27.0,0.0,3.0,7.0,1.282758620689655,2.1379310344827585,0.0,0
335983,2007/08,5,4,56,0,10,33,87,5.5,14.5,241,185,10.181818181818182,12.758620689655173,-2.576802507836991,0.725,powerplay,0,"Punjab Cricket Association Stadium, Mohali",0.229,35,Kings XI Punjab,Chennai Super Kings,6,0,0,0,1.0,0.0,0,17.0,27.0,0.0,3.0,6.818181818181818,1.2530788177339902,2.126436781609196,0.0,0
335983,2007/08,5,5,56,0,10,34,86,5.666666666666667,14.333333333333334,241,185,9.88235294117647,12.906976744186046,-3.024623803009577,0.7166666666666667,powerplay,0,"Punjab Cricket Association Stadium, Mohali",0.229,35,Kings XI Punjab,Chennai Super Kings,6,0,0,0,0.0,0.0,0,13.0,25.0,0.0,2.0,3.1176470588235308,1.3060631229235882,2.1511627906976742,0.0,0
335983,2007/08,5,6,56,1,9,35,85,5.833333333333333,14.166666666666666,241,185,9.6,13.058823529411764,-3.458823529411765,0.6375000000000001,powerplay,0,"Punjab Cricket Association Stadium, Mohali",0.229,35,Kings XI Punjab,Chennai Super Kings,6,0,0,0,0.0,1.0,0,9.0,19.0,1.0,1.0,-0.5999999999999996,1.3602941176470589,2.3941176470588235,0.0,0
335983,2007/08,5,7,57,1,9,35,85,5.833333333333333,14.166666666666666,241,184,9.771428571428572,12.988235294117649,-3.216806722689075,0.6375000000000001,powerplay,0,"Punjab Cricket Association Stadium, Mohali",0.229,35,Kings XI Punjab,Chennai Super Kings,6,0,0,0,1.0,0.0,0,9.0,20.0,1.0,1.0,-0.7714285714285722,1.329205366357069,2.3811764705882354,0.0,0
335983,2007/08,5,8,63,1,9,36,84,6.0,14.0,241,178,10.5,12.714285714285714,-2.214285714285713,0.63,powerplay,0,"Punjab Cricket Association Stadium, Mohali",0.229,35,Kings XI Punjab,Chennai Super Kings,6,0,0,0,6.0,0.0,1,9.0,26.0,1.0,1.0,-1.5,1.2108843537414966,2.330952380952381,0.0,0
335983,2007/08,6,1,64,1,9,37,83,6.166666666666667,13.833333333333334,241,177,10.378378378378375,12.795180722891564,-2.4168023445131883,0.6225,middle,1,"Punjab Cricket Association Stadium, Mohali",0.229,35,Kings XI Punjab,Chennai Super Kings,6,0,0,0,1.0,0.0,0,9.0,26.0,1.0,1.0,-1.3783783783783754,1.2328689759036149,2.3457831325301206,12.795180722891564,1
335983,2007/08,6,2,65,1,9,38,82,6.333333333333333,13.666666666666666,241,176,10.263157894736842,12.878048780487806,-2.614890885750963,0.615,middle,1,"Punjab Cricket Association Stadium, Mohali",0.229,35,Kings XI Punjab,Chennai Super Kings,6,0,0,0,1.0,0.0,0,9.0,26.0,1.0,1.0,-1.2631578947368425,1.254784240150094,2.360975609756098,12.878048780487806,1
335983,2007/08,6,3,66,1,9,39,81,6.5,13.5,241,175,10.153846153846152,12.962962962962964,-2.8091168091168104,0.6075,middle,1,"Punjab Cricket Association Stadium, Mohali",0.229,35,Kings XI Punjab,Chennai Super Kings,6,0,0,0,1.0,0.0,0,10.0,23.0,1.0,1.0,-0.1538461538461515,1.2766554433221105,2.376543209876543,12.962962962962964,1
335983,2007/08,6,4,67,1,9,40,80,6.666666666666667,13.333333333333334,241,174,10.05,13.05,-3.0,0.6,middle,1,"Punjab Cricket Association Stadium, Mohali",0.229,35,Kings XI Punjab,Chennai Super Kings,6,0,0,0,1.0,0.0,0,11.0,20.0,1.0,1.0,0.9499999999999992,1.2985074626865671,2.3925,13.05,1
335983,2007/08,6,5,68,1,9,41,79,6.833333333333333,13.166666666666666,241,173,9.951219512195122,13.139240506329116,-3.1880209941339928,0.5925,middle,1,"Punjab Cricket Association Stadium, Mohali",0.229,35,Kings XI Punjab,Chennai Super Kings,6,0,0,0,1.0,0.0,0,11.0,20.0,1.0,1.0,1.048780487804878,1.3203648548026807,2.4088607594936717,13.139240506329116,1
335983,2007/08,6,6,69,1,9,42,78,7.0,13.0,241,172,9.857142857142858,13.23076923076923,-3.3736263736263723,0.5850000000000001,middle,1,"Punjab Cricket Association Stadium, Mohali",0.229,35,Kings XI Punjab,Chennai Super Kings,6,0,0,0,1.0,0.0,0,6.0,15.0,1.0,0.0,-3.8571428571428577,1.342251950947603,2.425641025641026,13.23076923076923,1
335983,2007/08,7,1,73,1,9,43,77,7.166666666666667,12.833333333333334,241,168,10.186046511627907,13.09090909090909,-2.904862579281182,0.5775,middle,1,"Punjab Cricket Association Stadium, Mohali",0.229,35,Kings XI Punjab,Chennai Super Kings,6,0,0,0,4.0,0.0,1,9.0,18.0,1.0,1.0,-1.1860465116279073,1.2851805728518055,2.4,13.09090909090909,1
335983,2007/08,7,2,77,1,9,44,76,7.333333333333333,12.666666666666666,241,164,10.5,12.947368421052632,-2.447368421052632,0.57,middle,1,"Punjab Cricket Association Stadium, Mohali",0.229,35,Kings XI Punjab,Chennai Super Kings,6,0,0,0,4.0,0.0,1,12.0,21.0,1.0,2.0,1.5,1.2330827067669172,2.373684210526316,12.947368421052632,1
335983,2007/08,7,3,78,1,9,45,75,7.5,12.5,241,163,10.4,13.04,-2.639999999999999,0.5625,middle,1,"Punjab Cricket Association Stadium, Mohali",0.229,35,Kings XI Punjab,Chennai Super Kings,6,0,0,0,1.0,0.0,0,12.0,22.0,1.0,2.0,1.5999999999999996,1.2538461538461536,2.3906666666666667,13.04,1
335983,2007/08,7,4,79,1,9,46,74,7.666666666666667,12.333333333333334,241,162,10.304347826086955,13.135135135135137,-2.830787309048178,0.555,middle,1,"Punjab Cricket Association Stadium, Mohali",0.229,35,Kings XI Punjab,Chennai Super Kings,6,0,0,0,1.0,0.0,0,12.0,23.0,0.0,2.0,1.6956521739130448,1.2747177557304143,2.408108108108108,13.135135135135137,1
335983,2007/08,7,5,83,1,9,47,73,7.833333333333333,12.166666666666666,241,158,10.595744680851064,12.986301369863014,-2.39055668901195,0.5475,middle,1,"Punjab Cricket Association Stadium, Mohali",0.229,35,Kings XI Punjab,Chennai Super Kings,6,0,0,0,4.0,0.0,1,15.0,26.0,0.0,3.0,4.404255319148936,1.2256147879187984,2.38082191780822,12.986301369863014,1
335983,2007/08,7,6,84,1,9,48,72,8.0,12.0,241,157,10.5,13.083333333333334,-2.583333333333334,0.54,middle,1,"Punjab Cricket Association Stadium, Mohali",0.229,35,Kings XI Punjab,Chennai Super Kings,6,0,0,0,1.0,0.0,0,15.0,21.0,0.0,3.0,4.5,1.246031746031746,2.3986111111111112,13.083333333333334,1
335983,2007/08,8,1,88,1,9,49,71,8.166666666666666,11.833333333333334,241,153,10.775510204081634,12.929577464788732,-2.154067260707098,0.5325,middle,1,"Punjab Cricket Association Stadium, Mohali",0.229,35,Kings XI Punjab,Chennai Super Kings,6,0,0,0,4.0,0.0,1,15.0,24.0,0.0,3.0,4.224489795918366,1.1999039692701663,2.370422535211268,12.929577464788732,1
335983,2007/08,8,2,92,1,9,50,70,8.333333333333334,11.666666666666666,241,149,11.04,12.771428571428572,-1.731428571428573,0.525,middle,1,"Punjab Cricket Association Stadium, Mohali",0.229,35,Kings XI Punjab,Chennai Super Kings,6,0,0,0,4.0,0.0,1,15.0,27.0,0.0,3.0,3.960000000000001,1.156832298136646,2.341428571428572,12.771428571428572,1
335983,2007/08,8,3,93,1,9,51,69,8.5,11.5,241,148,10.941176470588236,12.869565217391305,-1.9283887468030687,0.5175,middle,1,"Punjab Cricket Association Stadium, Mohali",0.229,35,Kings XI Punjab,Chennai Super Kings,6,0,0,0,1.0,0.0,0,15.0,27.0,0.0,3.0,4.0588235294117645,1.176250584385227,2.359420289855073,12.869565217391305,1
335983,2007/08,8,4,94,1,9,52,68,8.666666666666666,11.333333333333334,241,147,10.846153846153848,12.970588235294118,-2.124434389140271,0.51,middle,1,"Punjab Cricket Association Stadium, Mohali",0.229,35,Kings XI Punjab,Chennai Super Kings,6,0,0,0,1.0,0.0,0,15.0,27.0,0.0,3.0,4.153846153846152,1.1958698372966206,2.377941176470588,12.970588235294118,1
335983,2007/08,8,5,95,1,9,53,67,8.833333333333334,11.166666666666666,241,146,10.754716981132075,13.074626865671643,-2.319909884539568,0.5025000000000001,middle,1,"Punjab Cricket Association Stadium, Mohali",0.229,35,Kings XI Punjab,Chennai Super Kings,6,0,0,0,1.0,0.0,0,12.0,27.0,0.0,2.0,1.2452830188679247,1.215710919088767,2.3970149253731345,13.074626865671643,1
335983,2007/08,8,6,96,1,9,53,67,8.833333333333334,11.166666666666666,241,145,10.867924528301886,12.985074626865671,-2.117150098563787,0.5025000000000001,middle,1,"Punjab Cricket Association Stadium, Mohali",0.229,35,Kings XI Punjab,Chennai Super Kings,6,0,0,0,1.0,0.0,0,12.0,27.0,0.0,2.0,1.1320754716981138,1.1948072139303485,2.380597014925373,12.985074626865671,1
335983,2007/08,8,7,97,1,9,54,66,9.0,11.0,241,144,10.77777777777778,13.090909090909092,-2.313131313131313,0.495,middle,1,"Punjab Cricket Association Stadium, Mohali",0.229,35,Kings XI Punjab,Chennai Super Kings,6,0,0,0,1.0,0.0,0,9.0,24.0,0.0,1.0,-1.7777777777777803,1.2146204311152762,2.4,13.090909090909092,1
335983,2007/08,9,1,98,1,9,55,65,9.166666666666666,10.833333333333334,241,143,10.690909090909091,13.2,-2.509090909090908,0.4875,middle,1,"Punjab Cricket Association Stadium, Mohali",0.229,35,Kings XI Punjab,Chennai Super Kings,6,0,0,0,1.0,0.0,0,6.0,21.0,0.0,0.0,-4.690909090909091,1.2346938775510203,2.4200000000000004,13.2,1
335983,2007/08,9,2,104,1,9,56,64,9.333333333333334,10.666666666666666,241,137,11.142857142857142,12.84375,-1.7008928571428577,0.48,middle,1,"Punjab Cricket Association Stadium, Mohali",0.229,35,Kings XI Punjab,Chennai Super Kings,6,0,0,0,6.0,0.0,1,11.0,26.0,0.0,1.0,-0.1428571428571423,1.1526442307692308,2.3546875000000003,12.84375,1
335983,2007/08,9,3,104,1,9,57,63,9.5,10.5,241,137,10.947368421052632,13.047619047619047,-2.100250626566416,0.4725,middle,1,"Punjab Cricket Association Stadium, Mohali",0.229,35,Kings XI Punjab,Chennai Super Kings,6,0,0,0,0.0,0.0,0,10.0,25.0,0.0,1.0,-0.947368421052632,1.1918498168498168,2.392063492063492,13.047619047619047,1
335983,2007/08,9,4,105,1,9,58,62,9.666666666666666,10.333333333333334,241,136,10.862068965517242,13.161290322580644,-2.299221357063402,0.4650000000000001,middle,1,"Punjab Cricket Association Stadium, Mohali",0.229,35,Kings XI Punjab,Chennai Super Kings,6,0,0,0,1.0,0.0,0,10.0,22.0,0.0,1.0,-0.862068965517242,1.211674347158218,2.412903225806452,13.161290322580644,1
335983,2007/08,9,5,109,1,9,59,61,9.833333333333334,10.166666666666666,241,132,11.084745762711863,12.98360655737705,-1.898860794665186,0.4574999999999999,middle,1,"Punjab Cricket Association Stadium, Mohali",0.229,35,Kings XI Punjab,Chennai Super Kings,6,0,0,0,4.0,0.0,1,13.0,25.0,0.0,2.0,1.9152542372881367,1.1713039554820277,2.38032786885246,12.98360655737705,1
335983,2007/08,9,6,110,1,9,60,60,10.0,10.0,241,131,11.0,13.1,-2.1,0.45,middle,1,"Punjab Cricket Association Stadium, Mohali",0.229,35,Kings XI Punjab,Chennai Super Kings,6,0,0,0,1.0,0.0,0,13.0,22.0,0.0,2.0,2.0,1.190909090909091,2.401666666666667,13.1,1
335983,2007/08,10,1,111,1,9,61,59,10.166666666666666,9.833333333333334,241,130,10.918032786885249,13.220338983050846,-2.302306196165599,0.4425,middle,1,"Punjab Cricket Association Stadium, Mohali",0.229,35,Kings XI Punjab,Chennai Super Kings,6,0,0,0,1.0,0.0,0,13.0,19.0,0.0,2.0,2.0819672131147517,1.21087188883799,2.4237288135593222,13.220338983050846,1
335983,2007/08,10,2,111,2,8,62,58,10.333333333333334,9.666666666666666,241,130,10.741935483870968,13.448275862068966,-2.706340378197998,0.3866666666666667,middle,1,"Punjab Cricket Association Stadium, Mohali",0.229,35,Kings XI Punjab,Chennai Super Kings,6,0,0,0,0.0,1.0,0,7.0,18.0,1.0,1.0,-3.741935483870968,1.251941596769183,2.6896551724137927,13.448275862068966,2
335983,2007/08,10,3,112,2,8,63,57,10.5,9.5,241,129,10.666666666666666,13.578947368421051,-2.912280701754387,0.38,middle,1,"Punjab Cricket Association Stadium, Mohali",0.229,35,Kings XI Punjab,Chennai Super Kings,6,0,0,0,1.0,0.0,0,8.0,18.0,1.0,1.0,-2.666666666666666,1.2730263157894737,2.7157894736842105,13.578947368421051,2
335983,2007/08,10,4,113,2,8,64,56,10.666666666666666,9.333333333333334,241,128,10.59375,13.714285714285714,-3.120535714285713,0.3733333333333333,middle,1,"Punjab Cricket Association Stadium, Mohali",0.229,35,Kings XI Punjab,Chennai Super Kings,6,0,0,0,1.0,0.0,0,8.0,18.0,1.0,1.0,-2.59375,1.2945638432364095,2.7428571428571424,13.714285714285714,2
335983,2007/08,10,5,114,2,8,65,55,10.833333333333334,9.166666666666666,241,127,10.523076923076925,13.854545454545455,-3.3314685314685324,0.3666666666666667,middle,1,"Punjab Cricket Association Stadium, Mohali",0.229,35,Kings XI Punjab,Chennai Super Kings,6,0,0,0,1.0,0.0,0,5.0,18.0,1.0,0.0,-5.523076923076925,1.3165869218500796,2.770909090909091,13.854545454545455,2
335983,2007/08,10,6,115,2,8,66,54,11.0,9.0,241,126,10.454545454545457,14.0,-3.545454545454545,0.36,middle,1,"Punjab Cricket Association Stadium, Mohali",0.229,35,Kings XI Punjab,Chennai Super Kings,6,0,0,0,1.0,0.0,0,5.0,18.0,1.0,0.0,-5.454545454545457,1.3391304347826083,2.8000000000000003,14.0,2
335983,2007/08,11,1,116,2,8,67,53,11.166666666666666,8.833333333333334,241,125,10.388059701492535,14.150943396226412,-3.762883694733876,0.3533333333333333,middle,1,"Punjab Cricket Association Stadium, Mohali",0.229,35,Kings XI Punjab,Chennai Super Kings,6,0,0,0,1.0,0.0,0,5.0,18.0,1.0,0.0,-5.388059701492535,1.362231620039037,2.8301886792452837,14.150943396226412,2
335983,2007/08,11,2,122,2,8,68,52,11.333333333333334,8.666666666666666,241,119,10.76470588235294,13.730769230769232,-2.9660633484162915,0.3466666666666667,middle,1,"Punjab Cricket Association Stadium, Mohali",0.229,35,Kings XI Punjab,Chennai Super Kings,6,0,0,0,6.0,0.0,1,11.0,18.0,1.0,1.0,0.2352941176470597,1.2755359394703658,2.7461538461538457,13.730769230769232,2
335983,2007/08,11,3,126,2,8,69,51,11.5,8.5,241,115,10.956521739130435,13.529411764705882,-2.5728900255754468,0.34,middle,1,"Punjab Cricket Association Stadium, Mohali",0.229,35,Kings XI Punjab,Chennai Super Kings,6,0,0,0,4.0,0.0,1,14.0,22.0,1.0,2.0,3.0434782608695645,1.2348272642390288,2.705882352941176,13.529411764705882,2
335983,2007/08,11,4,126,2,8,70,50,11.666666666666666,8.333333333333334,241,115,10.8,13.8,-2.9999999999999982,0.3333333333333333,middle,1,"Punjab Cricket Association Stadium, Mohali",0.229,35,Kings XI Punjab,Chennai Super Kings,6,0,0,0,0.0,0.0,0,13.0,21.0,1.0,2.0,2.1999999999999997,1.2777777777777777,2.76,13.8,2
335983,2007/08,11,5,126,2,8,71,49,11.833333333333334,8.166666666666666,241,115,10.647887323943662,14.081632653061224,-3.4337453291175635,0.3266666666666666,middle,1,"Punjab Cricket Association Stadium, Mohali",0.229,35,Kings XI Punjab,Chennai Super Kings,6,0,0,0,0.0,0.0,0,12.0,17.0,1.0,2.0,1.352112676056338,1.3224813735017815,2.816326530612245,14.081632653061224,2
335983,2007/08,11,6,127,2,8,72,48,12.0,8.0,241,114,10.583333333333334,14.25,-3.666666666666666,0.32,middle,1,"Punjab Cricket Association Stadium, Mohali",0.229,35,Kings XI Punjab,Chennai Super Kings,6,0,0,0,1.0,0.0,0,12.0,17.0,1.0,2.0,1.416666666666666,1.3464566929133857,2.85,14.25,2
335983,2007/08,12,1,128,2,8,73,47,12.166666666666666,7.833333333333333,241,113,10.52054794520548,14.425531914893618,-3.9049839696881374,0.3133333333333333,middle,1,"Punjab Cricket Association Stadium, Mohali",0.229,35,Kings XI Punjab,Chennai Super Kings,6,0,0,0,1.0,0.0,0,12.0,17.0,1.0,2.0,1.4794520547945194,1.3711768617021276,2.885106382978724,14.425531914893618,2
335983,2007/08,12,2,134,2,8,74,46,12.333333333333334,7.666666666666667,241,107,10.864864864864863,13.956521739130434,-3.091656874265569,0.3066666666666667,middle,1,"Punjab Cricket Association Stadium, Mohali",0.229,35,Kings XI Punjab,Chennai Super Kings,6,0,0,0,6.0,0.0,1,12.0,23.0,0.0,2.0,1.1351351351351369,1.284555483452304,2.791304347826087,13.956521739130434,2
335983,2007/08,12,3,135,2,8,75,45,12.5,7.5,241,106,10.8,14.133333333333333,-3.333333333333332,0.3,middle,1,"Punjab Cricket Association Stadium, Mohali",0.229,35,Kings XI Punjab,Chennai Super Kings,6,0,0,0,1.0,0.0,0,9.0,23.0,0.0,1.0,-1.8000000000000007,1.3086419753086418,2.8266666666666667,14.133333333333333,2
335983,2007/08,12,4,136,2,8,76,44,12.666666666666666,7.333333333333333,241,105,10.736842105263158,14.318181818181818,-3.581339712918661,0.2933333333333333,middle,1,"Punjab Cricket Association Stadium, Mohali",0.229,35,Kings XI Punjab,Chennai Super Kings,6,0,0,0,1.0,0.0,0,10.0,23.0,0.0,1.0,-0.7368421052631575,1.3335561497326205,2.8636363636363638,14.318181818181818,2
335983,2007/08,12,5,140,2,8,77,43,12.833333333333334,7.166666666666667,241,101,10.909090909090908,14.093023255813954,-3.1839323467230454,0.2866666666666667,middle,1,"Punjab Cricket Association Stadium, Mohali",0.229,35,Kings XI Punjab,Chennai Super Kings,6,0,0,0,4.0,0.0,1,14.0,26.0,0.0,2.0,3.090909090909092,1.2918604651162793,2.818604651162791,14.093023255813954,2
335983,2007/08,12,6,141,2,8,78,42,13.0,7.0,241,100,10.846153846153848,14.285714285714286,-3.43956043956044,0.2799999999999999,middle,1,"Punjab Cricket Association Stadium, Mohali",0.229,35,Kings XI Punjab,Chennai Super Kings,6,0,0,0,1.0,0.0,0,14.0,26.0,0.0,2.0,3.1538461538461515,1.3171225937183382,2.857142857142857,14.285714285714286,2
335983,2007/08,13,1,142,2,8,79,41,13.166666666666666,6.833333333333333,241,99,10.78481012658228,14.48780487804878,-3.702994751466502,0.2733333333333334,middle,1,"Punjab Cricket Association Stadium, Mohali",0.229,35,Kings XI Punjab,Chennai Super Kings,6,0,0,0,1.0,0.0,0,14.0,26.0,0.0,2.0,3.215189873417719,1.34335279972518,2.897560975609756,14.48780487804878,2
335983,2007/08,13,2,143,2,8,80,40,13.333333333333334,6.666666666666667,241,98,10.725,14.7,-3.975,0.2666666666666666,middle,1,"Punjab Cricket Association Stadium, Mohali",0.229,35,Kings XI Punjab,Chennai Super Kings,6,0,0,0,1.0,0.0,0,9.0,21.0,0.0,1.0,-1.7249999999999996,1.3706293706293706,2.94,14.7,2
335983,2007/08,13,3,144,2,8,81,39,13.5,6.5,241,97,10.666666666666666,14.923076923076923,-4.256410256410257,0.26,middle,1,"Punjab Cricket Association Stadium, Mohali",0.229,35,Kings XI Punjab,Chennai Super Kings,6,0,0,0,1.0,0.0,0,9.0,18.0,0.0,1.0,-1.666666666666666,1.3990384615384617,2.9846153846153847,14.923076923076923,2
335983,2007/08,13,4,146,2,8,81,39,13.5,6.5,241,95,10.814814814814817,14.615384615384617,-3.8005698005698,0.26,middle,1,"Punjab Cricket Association Stadium, Mohali",0.229,35,Kings XI Punjab,Chennai Super Kings,6,0,0,0,2.0,0.0,0,10.0,20.0,0.0,1.0,-0.8148148148148167,1.3514225500526869,2.923076923076923,14.615384615384617,2
335983,2007/08,13,5,152,2,8,82,38,13.666666666666666,6.333333333333333,241,89,11.121951219512196,14.05263157894737,-2.930680359435174,0.2533333333333333,middle,1,"Punjab Cricket Association Stadium, Mohali",0.229,35,Kings XI Punjab,Chennai Super Kings,6,0,0,0,6.0,0.0,1,12.0,26.0,0.0,1.0,0.8780487804878039,1.2635041551246535,2.810526315789473,14.05263157894737,2
335983,2007/08,13,6,152,2,8,83,37,13.833333333333334,6.166666666666667,241,89,10.987951807228916,14.432432432432432,-3.444480625203516,0.2466666666666667,middle,1,"Punjab Cricket Association Stadium, Mohali",0.229,35,Kings XI Punjab,Chennai Super Kings,6,0,0,0,0.0,0.0,0,11.0,25.0,0.0,1.0,0.0120481927710844,1.3134779516358464,2.8864864864864863,14.432432432432432,2
335983,2007/08,13,7,152,2,8,84,36,14.0,6.0,241,89,10.857142857142858,14.833333333333334,-3.976190476190476,0.24,middle,1,"Punjab Cricket Association Stadium, Mohali",0.229,35,Kings XI Punjab,Chennai Super Kings,6,0,0,0,0.0,0.0,0,10.0,24.0,0.0,1.0,-0.8571428571428577,1.3662280701754386,2.966666666666667,14.833333333333334,2
335983,2007/08,14,1,153,2,8,85,35,14.166666666666666,5.833333333333333,241,88,10.8,15.085714285714287,-4.285714285714287,0.2333333333333333,middle,1,"Punjab Cricket Association Stadium, Mohali",0.229,35,Kings XI Punjab,Chennai Super Kings,6,0,0,0,1.0,0.0,0,10.0,19.0,0.0,1.0,-0.8000000000000007,1.396825396825397,3.017142857142857,15.085714285714287,2
335983,2007/08,14,2,153,3,7,86,34,14.333333333333334,5.666666666666667,241,88,10.674418604651162,15.529411764705882,-4.85499316005472,0.1983333333333333,middle,1,"Punjab Cricket Association Stadium, Mohali",0.229,35,Kings XI Punjab,Chennai Super Kings,6,0,0,0,0.0,1.0,0,9.0,18.0,1.0,1.0,-1.6744186046511622,1.4548250672818148,3.3647058823529417,15.529411764705882,3
335983,2007/08,14,3,157,3,7,87,33,14.5,5.5,241,84,10.827586206896552,15.272727272727272,-4.445141065830722,0.1925,middle,1,"Punjab Cricket Association Stadium, Mohali",0.229,35,Kings XI Punjab,Chennai Super Kings,6,0,0,0,4.0,0.0,1,11.0,21.0,1.0,2.0,0.1724137931034484,1.4105385060799072,3.309090909090909,15.272727272727272,3
335983,2007/08,14,4,158,3,7,88,32,14.666666666666666,5.333333333333333,241,83,10.772727272727272,15.5625,-4.789772727272727,0.1866666666666666,middle,1,"Punjab Cricket Association Stadium, Mohali",0.229,35,Kings XI Punjab,Chennai Super Kings,6,0,0,0,1.0,0.0,0,6.0,18.0,1.0,1.0,-4.772727272727272,1.444620253164557,3.371875,15.5625,3
335983,2007/08,14,5,159,3,7,89,31,14.833333333333334,5.166666666666667,241,82,10.719101123595506,15.870967741935482,-5.151866618339977,0.1808333333333333,middle,1,"Punjab Cricket Association Stadium, Mohali",0.229,35,Kings XI Punjab,Chennai Super Kings,6,0,0,0,1.0,0.0,0,7.0,18.0,1.0,1.0,-3.7191011235955056,1.4806248731994318,3.438709677419354,15.870967741935482,3
335983,2007/08,14,6,165,3,7,90,30,15.0,5.0,241,76,11.0,15.2,-4.199999999999999,0.175,middle,1,"Punjab Cricket Association Stadium, Mohali",0.229,35,Kings XI Punjab,Chennai Super Kings,6,0,0,0,6.0,0.0,1,13.0,23.0,1.0,2.0,2.0,1.3818181818181818,3.293333333333333,15.2,3
335983,2007/08,15,1,167,3,7,91,29,15.166666666666666,4.833333333333333,241,74,11.010989010989013,15.310344827586208,-4.299355816597197,0.1691666666666666,death,2,"Punjab Cricket Association Stadium, Mohali",0.229,35,Kings XI Punjab,Chennai Super Kings,6,0,0,0,2.0,0.0,0,14.0,24.0,1.0,2.0,2.9890109890109877,1.3904604583935576,3.317241379310345,30.620689655172416,6
335983,2007/08,15,2,168,3,7,92,28,15.333333333333334,4.666666666666667,241,73,10.956521739130434,15.642857142857142,-4.686335403726709,0.1633333333333333,death,2,"Punjab Cricket Association Stadium, Mohali",0.229,35,Kings XI Punjab,Chennai Super Kings,6,0,0,0,1.0,0.0,0,15.0,24.0,1.0,2.0,4.043478260869566,1.4277210884353742,3.3892857142857147,31.285714285714285,6
335983,2007/08,15,3,172,3,7,93,27,15.5,4.5,241,69,11.096774193548388,15.333333333333334,-4.236559139784946,0.1575,death,2,"Punjab Cricket Association Stadium, Mohali",0.229,35,Kings XI Punjab,Chennai Super Kings,6,0,0,0,4.0,0.0,1,15.0,26.0,1.0,2.0,3.903225806451612,1.381782945736434,3.322222222222222,30.666666666666668,6
335983,2007/08,15,4,173,3,7,94,26,15.666666666666666,4.333333333333333,241,68,11.042553191489365,15.692307692307692,-4.6497545008183305,0.1516666666666666,death,2,"Punjab Cricket Association Stadium, Mohali",0.229,35,Kings XI Punjab,Chennai Super Kings,6,0,0,0,1.0,0.0,0,15.0,21.0,1.0,2.0,3.9574468085106353,1.4210760337927963,3.4000000000000004,31.384615384615383,6
335983,2007/08,15,5,174,3,7,95,25,15.833333333333334,4.166666666666667,241,67,10.989473684210529,16.08,-5.090526315789472,0.1458333333333333,death,2,"Punjab Cricket Association Stadium, Mohali",0.229,35,Kings XI Punjab,Chennai Super Kings,6,0,0,0,1.0,0.0,0,15.0,22.0,1.0,2.0,4.010526315789472,1.4632183908045973,3.4840000000000004,32.16,6
335983,2007/08,15,6,176,3,7,96,24,16.0,4.0,241,65,11.0,16.25,-5.25,0.1399999999999999,death,2,"Punjab Cricket Association Stadium, Mohali",0.229,35,Kings XI Punjab,Chennai Super Kings,6,0,0,0,2.0,0.0,0,11.0,24.0,1.0,1.0,0.0,1.4772727272727273,3.520833333333333,32.5,6
335983,2007/08,16,1,177,3,7,97,23,16.166666666666668,3.8333333333333335,241,64,10.94845360824742,16.695652173913043,-5.747198565665622,0.1341666666666666,death,2,"Punjab Cricket Association Stadium, Mohali",0.229,35,Kings XI Punjab,Chennai Super Kings,6,0,0,0,1.0,0.0,0,10.0,24.0,1.0,1.0,-0.9484536082474192,1.524932449029723,3.617391304347826,33.391304347826086,6
335983,2007/08,16,2,178,3,7,98,22,16.333333333333332,3.6666666666666665,241,63,10.89795918367347,17.181818181818183,-6.283858998144714,0.1283333333333333,death,2,"Punjab Cricket Association Stadium, Mohali",0.229,35,Kings XI Punjab,Chennai Super Kings,6,0,0,0,1.0,0.0,0,10.0,25.0,0.0,1.0,-0.8979591836734695,1.5766087844739531,3.722727272727273,34.36363636363637,6
335983,2007/08,16,3,179,3,7,99,21,16.5,3.5,241,62,10.848484848484848,17.714285714285715,-6.865800865800868,0.1224999999999999,death,2,"Punjab Cricket Association Stadium, Mohali",0.229,35,Kings XI Punjab,Chennai Super Kings,6,0,0,0,1.0,0.0,0,7.0,22.0,0.0,0.0,-3.848484848484848,1.6328810853950522,3.8380952380952382,35.42857142857143,6
335983,2007/08,16,4,183,3,7,100,20,16.666666666666668,3.333333333333333,241,58,10.98,17.4,-6.42,0.1166666666666666,death,2,"Punjab Cricket Association Stadium, Mohali",0.229,35,Kings XI Punjab,Chennai Super Kings,6,0,0,0,4.0,0.0,1,10.0,25.0,0.0,1.0,-0.9800000000000004,1.5846994535519123,3.77,34.8,6
335983,2007/08,16,5,184,3,7,101,19,16.833333333333332,3.1666666666666665,241,57,10.930693069306932,18.0,-7.0693069306930685,0.1108333333333333,death,2,"Punjab Cricket Association Stadium, Mohali",0.229,35,Kings XI Punjab,Chennai Super Kings,6,0,0,0,1.0,0.0,0,10.0,25.0,0.0,1.0,-0.9306930693069316,1.6467391304347825,3.9,36.0,6
335983,2007/08,16,6,186,3,7,102,18,17.0,3.0,241,55,10.941176470588236,18.33333333333333,-7.392156862745097,0.105,death,2,"Punjab Cricket Association Stadium, Mohali",0.229,35,Kings XI Punjab,Chennai Super Kings,6,0,0,0,2.0,0.0,0,10.0,21.0,0.0,1.0,-0.9411764705882356,1.6756272401433687,3.9722222222222223,36.66666666666666,6
335983,2007/08,17,1,187,3,7,103,17,17.166666666666668,2.833333333333333,241,54,10.893203883495143,19.058823529411764,-8.16561964591662,0.0991666666666666,death,2,"Punjab Cricket Association Stadium, Mohali",0.229,35,Kings XI Punjab,Chennai Super Kings,6,0,0,0,1.0,0.0,0,10.0,20.0,0.0,1.0,-0.8932038834951435,1.749606794589494,4.129411764705882,38.11764705882353,6
335983,2007/08,17,2,188,3,7,104,16,17.333333333333332,2.6666666666666665,241,53,10.846153846153848,19.875,-9.028846153846152,0.0933333333333333,death,2,"Punjab Cricket Association Stadium, Mohali",0.229,35,Kings XI Punjab,Chennai Super Kings,6,0,0,0,1.0,0.0,0,10.0,20.0,0.0,1.0,-0.8461538461538485,1.832446808510638,4.30625,39.75,6
335983,2007/08,17,3,190,3,7,105,15,17.5,2.5,241,51,10.857142857142858,20.4,-9.54285714285714,0.0875,death,2,"Punjab Cricket Association Stadium, Mohali",0.229,35,Kings XI Punjab,Chennai Super Kings,6,0,0,0,2.0,0.0,0,11.0,18.0,0.0,1.0,0.1428571428571423,1.8789473684210525,4.42,40.8,6
335983,2007/08,17,4,190,4,6,106,14,17.666666666666668,2.333333333333333,241,51,10.754716981132075,21.85714285714285,-11.10242587601078,0.0699999999999999,death,2,"Punjab Cricket Association Stadium, Mohali",0.229,35,Kings XI Punjab,Chennai Super Kings,6,0,0,0,0.0,1.0,0,7.0,17.0,1.0,0.0,-3.7547169811320753,2.0323308270676685,5.1,43.7142857142857,8
335983,2007/08,17,5,191,4,6,107,13,17.833333333333332,2.1666666666666665,241,50,10.710280373831775,23.07692307692308,-12.366642703091305,0.065,death,2,"Punjab Cricket Association Stadium, Mohali",0.229,35,Kings XI Punjab,Chennai Super Kings,6,0,0,0,1.0,0.0,0,7.0,17.0,1.0,0.0,-3.7102803738317753,2.154651631091422,5.384615384615384,46.15384615384616,8
335983,2007/08,17,6,191,4,6,108,12,18.0,2.0,241,50,10.61111111111111,25.0,-14.38888888888889,0.06,death,2,"Punjab Cricket Association Stadium, Mohali",0.229,35,Kings XI Punjab,Chennai Super Kings,6,0,0,0,0.0,0.0,0,5.0,15.0,1.0,0.0,-5.611111111111111,2.356020942408377,5.833333333333333,50.0,8
335983,2007/08,18,1,192,4,6,109,11,18.166666666666668,1.8333333333333333,241,49,10.56880733944954,26.727272727272727,-16.158465387823185,0.0549999999999999,death,2,"Punjab Cricket Association Stadium, Mohali",0.229,35,Kings XI Punjab,Chennai Super Kings,6,0,0,0,1.0,0.0,0,5.0,15.0,1.0,0.0,-5.56880733944954,2.528882575757576,6.236363636363635,53.45454545454545,8
335983,2007/08,18,2,193,4,6,110,10,18.33333333333333,1.6666666666666667,241,48,10.527272727272727,28.8,-18.27272727272727,0.0499999999999999,death,2,"Punjab Cricket Association Stadium, Mohali",0.229,35,Kings XI Punjab,Chennai Super Kings,6,0,0,0,1.0,0.0,0,5.0,15.0,1.0,0.0,-5.527272727272727,2.7357512953367875,6.72,57.6,8
335983,2007/08,18,3,194,4,6,111,9,18.5,1.5,241,47,10.486486486486486,31.33333333333333,-20.846846846846844,0.045,death,2,"Punjab Cricket Association Stadium, Mohali",0.229,35,Kings XI Punjab,Chennai Super Kings,6,0,0,0,1.0,0.0,0,4.0,15.0,1.0,0.0,-6.486486486486486,2.987972508591065,7.311111111111111,62.66666666666666,8
335983,2007/08,18,4,195,4,6,112,8,18.666666666666668,1.3333333333333333,241,46,10.446428571428571,34.5,-24.05357142857143,0.04,death,2,"Punjab Cricket Association Stadium, Mohali",0.229,35,Kings XI Punjab,Chennai Super Kings,6,0,0,0,1.0,0.0,0,5.0,12.0,1.0,0.0,-5.446428571428571,3.302564102564103,8.049999999999999,69.0,8
335983,2007/08,18,5,197,4,6,113,7,18.83333333333333,1.1666666666666667,241,44,10.460176991150442,37.71428571428572,-27.254108723135275,0.0349999999999999,death,2,"Punjab Cricket Association Stadium, Mohali",0.229,35,Kings XI Punjab,Chennai Super Kings,6,0,0,0,2.0,0.0,0,6.0,13.0,1.0,0.0,-4.460176991150442,3.6055112400290072,8.799999999999999,75.42857142857144,8
335983,2007/08,18,6,198,4,6,114,6,19.0,1.0,241,43,10.421052631578949,43.0,-32.578947368421055,0.03,death,2,"Punjab Cricket Association Stadium, Mohali",0.229,35,Kings XI Punjab,Chennai Super Kings,6,0,0,0,1.0,0.0,0,7.0,12.0,1.0,0.0,-3.4210526315789487,4.126262626262625,10.033333333333331,86.0,8
335983,2007/08,19,1,199,4,6,115,5,19.166666666666668,0.8333333333333334,241,42,10.382608695652172,50.4,-40.01739130434783,0.0249999999999999,death,2,"Punjab Cricket Association Stadium, Mohali",0.229,35,Kings XI Punjab,Chennai Super Kings,6,0,0,0,1.0,0.0,0,7.0,12.0,1.0,0.0,-3.382608695652172,4.85427135678392,11.76,100.8,8
335983,2007/08,19,2,200,4,6,116,4,19.33333333333333,0.6666666666666666,241,41,10.344827586206897,61.5,-51.1551724137931,0.02,death,2,"Punjab Cricket Association Stadium, Mohali",0.229,35,Kings XI Punjab,Chennai Super Kings,6,0,0,0,1.0,0.0,0,7.0,12.0,1.0,0.0,-3.344827586206897,5.945,14.35,123.0,8
335983,2007/08,19,3,200,4,6,117,3,19.5,0.5,241,41,10.256410256410255,82.0,-71.74358974358974,0.015,death,2,"Punjab Cricket Association Stadium, Mohali",0.229,35,Kings XI Punjab,Chennai Super Kings,6,0,0,0,0.0,0.0,0,6.0,10.0,1.0,0.0,-4.256410256410256,7.995000000000001,15.0,164.0,8
335983,2007/08,19,4,206,4,6,118,2,19.666666666666668,0.3333333333333333,241,35,10.47457627118644,105.0,-94.52542372881356,0.01,death,2,"Punjab Cricket Association Stadium, Mohali",0.229,35,Kings XI Punjab,Chennai Super Kings,6,0,0,0,6.0,0.0,1,11.0,16.0,0.0,1.0,0.5254237288135606,10.0,15.0,210.0,8
335983,2007/08,19,5,207,4,6,119,1,19.83333333333333,0.1666666666666666,241,34,10.436974789915968,204.0,-193.563025210084,0.005,death,2,"Punjab Cricket Association Stadium, Mohali",0.229,35,Kings XI Punjab,Chennai Super Kings,6,0,0,0,1.0,0.0,0,10.0,16.0,0.0,1.0,-0.4369747899159684,10.0,15.0,408.0,8
335983,2007/08,19,6,207,4,6,120,0,20.0,0.0,241,34,10.35,204.0,-193.65,0.0,death,2,"Punjab Cricket Association Stadium, Mohali",0.229,35,Kings XI Punjab,Chennai Super Kings,6,0,0,0,0.0,0.0,0,9.0,16.0,0.0,1.0,-1.3499999999999996,10.0,10.0,408.0,8
335984,2007/08,0,1,0,0,10,1,119,0.1666666666666666,19.83333333333333,130,130,0.0,6.5546218487394965,-6.5546218487394965,0.9916666666666668,powerplay,0,Feroz Shah Kotla,0.281,57,Delhi Daredevils,Rajasthan Royals,3,13,0,0,0.0,0.0,0,0.0,0.0,0.0,0.0,0.0,5.0,1.092436974789916,0.0,0
335984,2007/08,0,2,0,0,10,2,118,0.3333333333333333,19.666666666666668,130,130,0.0,6.610169491525423,-6.610169491525423,0.9833333333333332,powerplay,0,Feroz Shah Kotla,0.281,57,Delhi Daredevils,Rajasthan Royals,3,13,0,0,0.0,0.0,0,0.0,0.0,0.0,0.0,0.0,5.0,1.1016949152542372,0.0,0
335984,2007/08,0,3,0,0,10,3,117,0.5,19.5,130,130,0.0,6.666666666666667,-6.666666666666667,0.975,powerplay,0,Feroz Shah Kotla,0.281,57,Delhi Daredevils,Rajasthan Royals,3,13,0,0,0.0,0.0,0,0.0,0.0,0.0,0.0,0.0,5.0,1.1111111111111112,0.0,0
335984,2007/08,0,4,0,0,10,4,116,0.6666666666666666,19.33333333333333,130,130,0.0,6.724137931034483,-6.724137931034483,0.9666666666666668,powerplay,0,Feroz Shah Kotla,0.281,57,Delhi Daredevils,Rajasthan Royals,3,13,0,0,0.0,0.0,0,0.0,0.0,0.0,0.0,0.0,5.0,1.1206896551724137,0.0,0
335984,2007/08,0,5,4,0,10,5,115,0.8333333333333334,19.166666666666668,130,126,4.8,6.57391304347826,-1.7739130434782604,0.9583333333333334,powerplay,0,Feroz Shah Kotla,0.281,57,Delhi Daredevils,Rajasthan Royals,3,13,0,0,4.0,0.0,1,4.0,4.0,0.0,1.0,-0.7999999999999998,1.3695652173913042,1.0956521739130434,0.0,0
335984,2007/08,0,6,8,0,10,6,114,1.0,19.0,130,122,8.0,6.421052631578948,1.5789473684210522,0.95,powerplay,0,Feroz Shah Kotla,0.281,57,Delhi Daredevils,Rajasthan Royals,3,13,0,0,4.0,0.0,1,8.0,8.0,0.0,2.0,0.0,0.8026315789473685,1.0701754385964912,0.0,0
335984,2007/08,1,1,12,0,10,7,113,1.1666666666666667,18.83333333333333,130,118,10.285714285714285,6.265486725663717,4.020227560050568,0.9416666666666668,powerplay,0,Feroz Shah Kotla,0.281,57,Delhi Daredevils,Rajasthan Royals,3,13,0,0,4.0,0.0,1,12.0,12.0,0.0,3.0,1.7142857142857153,0.6091445427728615,1.0442477876106195,0.0,0
335984,2007/08,1,2,16,0,10,8,112,1.3333333333333333,18.666666666666668,130,114,12.0,6.107142857142857,5.892857142857143,0.9333333333333332,powerplay,0,Feroz Shah Kotla,0.281,57,Delhi Daredevils,Rajasthan Royals,3,13,0,0,4.0,0.0,1,16.0,16.0,0.0,4.0,4.0,0.5089285714285714,1.0178571428571428,0.0,0
335984,2007/08,1,3,20,0,10,9,111,1.5,18.5,130,110,13.333333333333334,5.945945945945946,7.387387387387388,0.925,powerplay,0,Feroz Shah Kotla,0.281,57,Delhi Daredevils,Rajasthan Royals,3,13,0,0,4.0,0.0,1,20.0,20.0,0.0,5.0,6.666666666666666,0.4459459459459459,0.990990990990991,0.0,0
335984,2007/08,1,4,20,1,9,10,110,1.6666666666666667,18.33333333333333,130,110,12.0,6.0,6.0,0.825,powerplay,0,Feroz Shah Kotla,0.281,57,Delhi Daredevils,Rajasthan Royals,3,13,0,0,0.0,1.0,0,20.0,20.0,1.0,5.0,8.0,0.5,1.1,0.0,0
335984,2007/08,1,5,20,1,9,11,109,1.8333333333333333,18.166666666666668,130,110,10.90909090909091,6.055045871559632,4.854045037531278,0.8175,powerplay,0,Feroz Shah Kotla,0.281,57,Delhi Daredevils,Rajasthan Royals,3,13,0,0,0.0,0.0,0,16.0,20.0,1.0,4.0,5.09090909090909,0.5550458715596329,1.110091743119266,0.0,0
335984,2007/08,1,6,21,1,9,11,109,1.8333333333333333,18.166666666666668,130,109,11.454545454545457,6.0,5.454545454545455,0.8175,powerplay,0,Feroz Shah Kotla,0.281,57,Delhi Daredevils,Rajasthan Royals,3,13,0,0,1.0,0.0,0,13.0,21.0,1.0,3.0,1.5454545454545432,0.5238095238095237,1.1,0.0,0
335984,2007/08,1,7,21,1,9,12,108,2.0,18.0,130,109,10.5,6.055555555555555,4.444444444444445,0.81,powerplay,0,Feroz Shah Kotla,0.281,57,Delhi Daredevils,Rajasthan Royals,3,13,0,0,0.0,0.0,0,9.0,21.0,1.0,2.0,-1.5,0.5767195767195767,1.1101851851851854,0.0,0
335984,2007/08,2,1,21,1,9,13,107,2.1666666666666665,17.833333333333332,130,109,9.692307692307692,6.112149532710281,3.580158159597413,0.8025000000000001,powerplay,0,Feroz Shah Kotla,0.281,57,Delhi Daredevils,Rajasthan Royals,3,13,0,0,0.0,0.0,0,5.0,21.0,1.0,1.0,-4.692307692307692,0.6306186025812195,1.1205607476635515,0.0,0
335984,2007/08,2,2,25,1,9,14,106,2.333333333333333,17.666666666666668,130,105,10.714285714285714,5.943396226415094,4.77088948787062,0.795,powerplay,0,Feroz Shah Kotla,0.281,57,Delhi Daredevils,Rajasthan Royals,3,13,0,0,4.0,0.0,1,5.0,25.0,1.0,1.0,-5.7142857142857135,0.5547169811320755,1.089622641509434,0.0,0
335984,2007/08,2,3,25,1,9,15,105,2.5,17.5,130,105,10.0,6.0,4.0,0.7875,powerplay,0,Feroz Shah Kotla,0.281,57,Delhi Daredevils,Rajasthan Royals,3,13,0,0,0.0,0.0,0,5.0,25.0,1.0,1.0,-5.0,0.6,1.1,0.0,0
335984,2007/08,2,4,26,1,9,16,104,2.6666666666666665,17.333333333333332,130,104,9.75,6.0,3.75,0.78,powerplay,0,Feroz Shah Kotla,0.281,57,Delhi Daredevils,Rajasthan Royals,3,13,0,0,1.0,0.0,0,6.0,22.0,1.0,1.0,-3.75,0.6153846153846154,1.1,0.0,0
335984,2007/08,2,5,26,1,9,17,103,2.833333333333333,17.166666666666668,130,104,9.176470588235292,6.058252427184466,3.1182181610508275,0.7725,powerplay,0,Feroz Shah Kotla,0.281,57,Delhi Daredevils,Rajasthan Royals,3,13,0,0,0.0,0.0,0,5.0,18.0,1.0,1.0,-4.176470588235292,0.6601941747572817,1.1106796116504856,0.0,0
335984,2007/08,2,6,26,1,9,18,102,3.0,17.0,130,104,8.666666666666666,6.117647058823529,2.549019607843137,0.765,powerplay,0,Feroz Shah Kotla,0.281,57,Delhi Daredevils,Rajasthan Royals,3,13,0,0,0.0,0.0,0,5.0,14.0,1.0,1.0,-3.666666666666666,0.7058823529411765,1.1215686274509804,0.0,0
335984,2007/08,3,1,27,1,9,19,101,3.1666666666666665,16.833333333333332,130,103,8.526315789473685,6.118811881188119,2.407503908285566,0.7575000000000001,powerplay,0,Feroz Shah Kotla,0.281,57,Delhi Daredevils,Rajasthan Royals,3,13,0,0,1.0,0.0,0,6.0,11.0,1.0,1.0,-2.526315789473685,0.7176384305097175,1.121782178217822,0.0,0
335984,2007/08,3,2,27,1,9,20,100,3.333333333333333,16.666666666666668,130,103,8.1,6.18,1.92,0.75,powerplay,0,Feroz Shah Kotla,0.281,57,Delhi Daredevils,Rajasthan Royals,3,13,0,0,0.0,0.0,0,2.0,7.0,1.0,0.0,-6.1,0.762962962962963,1.1330000000000002,0.0,0
335984,2007/08,3,3,31,1,9,21,99,3.5,16.5,130,99,8.857142857142858,6.0,2.8571428571428577,0.7424999999999999,powerplay,0,Feroz Shah Kotla,0.281,57,Delhi Daredevils,Rajasthan Royals,3,13,0,0,4.0,0.0,1,6.0,11.0,0.0,1.0,-2.8571428571428577,0.6774193548387096,1.1,0.0,0
335984,2007/08,3,4,32,1,9,22,98,3.6666666666666665,16.333333333333332,130,98,8.727272727272728,6.0,2.7272727272727284,0.735,powerplay,0,Feroz Shah Kotla,0.281,57,Delhi Daredevils,Rajasthan Royals,3,13,0,0,1.0,0.0,0,6.0,12.0,0.0,1.0,-2.7272727272727284,0.6874999999999999,1.1,0.0,0
335984,2007/08,3,5,36,1,9,23,97,3.8333333333333335,16.166666666666668,130,94,9.391304347826086,5.814432989690721,3.5768713581353646,0.7275,powerplay,0,Feroz Shah Kotla,0.281,57,Delhi Daredevils,Rajasthan Royals,3,13,0,0,4.0,0.0,1,10.0,15.0,0.0,2.0,0.608695652173914,0.6191294387170676,1.065979381443299,0.0,0
335984,2007/08,3,6,36,1,9,24,96,4.0,16.0,130,94,9.0,5.875,3.125,0.7200000000000001,powerplay,0,Feroz Shah Kotla,0.281,57,Delhi Daredevils,Rajasthan Royals,3,13,0,0,0.0,0.0,0,10.0,15.0,0.0,2.0,1.0,0.6527777777777778,1.0770833333333334,0.0,0
335984,2007/08,4,1,36,1,9,25,95,4.166666666666667,15.833333333333334,130,94,8.639999999999999,5.936842105263158,2.703157894736841,0.7125,powerplay,0,Feroz Shah Kotla,0.281,57,Delhi Daredevils,Rajasthan Royals,3,13,0,0,0.0,0.0,0,9.0,15.0,0.0,2.0,0.3600000000000012,0.6871345029239767,1.088421052631579,0.0,0
335984,2007/08,4,2,37,1,9,26,94,4.333333333333333,15.666666666666666,130,93,8.538461538461538,5.9361702127659575,2.602291325695581,0.705,powerplay,0,Feroz Shah Kotla,0.281,57,Delhi Daredevils,Rajasthan Royals,3,13,0,0,1.0,0.0,0,10.0,12.0,0.0,2.0,1.4615384615384617,0.6952271420356527,1.0882978723404255,0.0,0
335984,2007/08,4,3,43,1,9,27,93,4.5,15.5,130,87,9.555555555555555,5.612903225806452,3.942652329749104,0.6975,powerplay,0,Feroz Shah Kotla,0.281,57,Delhi Daredevils,Rajasthan Royals,3,13,0,0,6.0,0.0,1,12.0,18.0,0.0,2.0,2.4444444444444446,0.5873968492123032,1.029032258064516,0.0,0
335984,2007/08,4,4,47,1,9,28,92,4.666666666666667,15.333333333333334,130,83,10.071428571428571,5.413043478260869,4.658385093167702,0.6900000000000001,powerplay,0,Feroz Shah Kotla,0.281,57,Delhi Daredevils,Rajasthan Royals,3,13,0,0,4.0,0.0,1,15.0,21.0,0.0,3.0,4.928571428571429,0.5374653098982424,0.9923913043478262,0.0,0
335984,2007/08,4,5,47,1,9,29,91,4.833333333333333,15.166666666666666,130,83,9.724137931034484,5.472527472527473,4.251610458507011,0.6825,powerplay,0,Feroz Shah Kotla,0.281,57,Delhi Daredevils,Rajasthan Royals,3,13,0,0,0.0,0.0,0,11.0,21.0,0.0,2.0,1.275862068965516,0.5627776478840308,1.0032967032967033,0.0,0
335984,2007/08,4,6,48,1,9,30,90,5.0,15.0,130,82,9.6,5.466666666666667,4.133333333333333,0.675,powerplay,0,Feroz Shah Kotla,0.281,57,Delhi Daredevils,Rajasthan Royals,3,13,0,0,1.0,0.0,0,12.0,22.0,0.0,2.0,2.4000000000000004,0.5694444444444445,1.0022222222222223,0.0,0
335984,2007/08,5,1,48,1,9,31,89,5.166666666666667,14.833333333333334,130,82,9.29032258064516,5.52808988764045,3.762232693004712,0.6675000000000001,powerplay,0,Feroz Shah Kotla,0.281,57,Delhi Daredevils,Rajasthan Royals,3,13,0,0,0.0,0.0,0,12.0,21.0,0.0,2.0,2.70967741935484,0.5950374531835206,1.013483146067416,0.0,0
335984,2007/08,5,2,49,1,9,31,89,5.166666666666667,14.833333333333334,130,81,9.483870967741934,5.46067415730337,4.023196810438564,0.6675000000000001,powerplay,0,Feroz Shah Kotla,0.281,57,Delhi Daredevils,Rajasthan Royals,3,13,0,0,1.0,0.0,0,12.0,22.0,0.0,2.0,2.516129032258066,0.5757853703279064,1.001123595505618,0.0,0
335984,2007/08,5,3,50,1,9,32,88,5.333333333333333,14.666666666666666,130,80,9.375,5.454545454545455,3.920454545454545,0.6599999999999999,powerplay,0,Feroz Shah Kotla,0.281,57,Delhi Daredevils,Rajasthan Royals,3,13,0,0,1.0,0.0,0,7.0,19.0,0.0,1.0,-2.375,0.5818181818181819,1.0,0.0,0
335984,2007/08,5,4,50,1,9,33,87,5.5,14.5,130,80,9.090909090909092,5.517241379310345,3.5736677115987465,0.6525,powerplay,0,Feroz Shah Kotla,0.281,57,Delhi Daredevils,Rajasthan Royals,3,13,0,0,0.0,0.0,0,3.0,18.0,0.0,0.0,-6.090909090909092,0.6068965517241379,1.011494252873563,0.0,0
335984,2007/08,5,5,54,1,9,34,86,5.666666666666667,14.333333333333334,130,76,9.529411764705882,5.3023255813953485,4.227086183310534,0.645,powerplay,0,Feroz Shah Kotla,0.281,57,Delhi Daredevils,Rajasthan Royals,3,13,0,0,4.0,0.0,1,7.0,18.0,0.0,1.0,-2.5294117647058822,0.5564168819982773,0.972093023255814,0.0,0
335984,2007/08,5,6,55,1,9,35,85,5.833333333333333,14.166666666666666,130,75,9.428571428571429,5.294117647058823,4.1344537815126055,0.6375000000000001,powerplay,0,Feroz Shah Kotla,0.281,57,Delhi Daredevils,Rajasthan Royals,3,13,0,0,1.0,0.0,0,7.0,19.0,0.0,1.0,-2.428571428571429,0.5614973262032086,0.9705882352941178,0.0,0
335984,2007/08,5,7,55,1,9,36,84,6.0,14.0,130,75,9.166666666666666,5.357142857142857,3.809523809523809,0.63,powerplay,0,Feroz Shah Kotla,0.281,57,Delhi Daredevils,Rajasthan Royals,3,13,0,0,0.0,0.0,0,7.0,19.0,0.0,1.0,-2.166666666666666,0.5844155844155844,0.9821428571428572,0.0,0
335984,2007/08,6,1,56,1,9,37,83,6.166666666666667,13.833333333333334,130,74,9.08108108108108,5.349397590361446,3.731683490719635,0.6225,middle,1,Feroz Shah Kotla,0.281,57,Delhi Daredevils,Rajasthan Royals,3,13,0,0,1.0,0.0,0,7.0,19.0,0.0,1.0,-2.0810810810810807,0.5890705679862307,0.9807228915662652,5.349397590361446,1
335984,2007/08,6,2,57,1,9,38,82,6.333333333333333,13.666666666666666,130,73,9.0,5.341463414634147,3.658536585365853,0.615,middle,1,Feroz Shah Kotla,0.281,57,Delhi Daredevils,Rajasthan Royals,3,13,0,0,1.0,0.0,0,7.0,14.0,0.0,1.0,-2.0,0.5934959349593496,0.9792682926829268,5.341463414634147,1
335984,2007/08,6,3,57,1,9,39,81,6.5,13.5,130,73,8.76923076923077,5.407407407407407,3.3618233618233626,0.6075,middle,1,Feroz Shah Kotla,0.281,57,Delhi Daredevils,Rajasthan Royals,3,13,0,0,0.0,0.0,0,7.0,10.0,0.0,1.0,-1.76923076923077,0.6166341780376867,0.991358024691358,5.407407407407407,1
335984,2007/08,6,4,57,1,9,40,80,6.666666666666667,13.333333333333334,130,73,8.549999999999999,5.475,3.075,0.6,middle,1,Feroz Shah Kotla,0.281,57,Delhi Daredevils,Rajasthan Royals,3,13,0,0,0.0,0.0,0,3.0,10.0,0.0,0.0,-5.549999999999999,0.6403508771929824,1.00375,5.475,1
335984,2007/08,6,5,58,1,9,41,79,6.833333333333333,13.166666666666666,130,72,8.487804878048781,5.468354430379747,3.0194504476690343,0.5925,middle,1,Feroz Shah Kotla,0.281,57,Delhi Daredevils,Rajasthan Royals,3,13,0,0,1.0,0.0,0,3.0,10.0,0.0,0.0,-5.487804878048781,0.6442601484068092,1.0025316455696205,5.468354430379747,1
335984,2007/08,6,6,59,1,9,42,78,7.0,13.0,130,71,8.428571428571429,5.461538461538462,2.967032967032967,0.5850000000000001,middle,1,Feroz Shah Kotla,0.281,57,Delhi Daredevils,Rajasthan Royals,3,13,0,0,1.0,0.0,0,4.0,11.0,0.0,0.0,-4.428571428571429,0.6479791395045632,1.0012820512820513,5.461538461538462,1
335984,2007/08,7,1,60,1,9,43,77,7.166666666666667,12.833333333333334,130,70,8.372093023255813,5.454545454545454,2.9175475687103587,0.5775,middle,1,Feroz Shah Kotla,0.281,57,Delhi Daredevils,Rajasthan Royals,3,13,0,0,1.0,0.0,0,4.0,11.0,0.0,0.0,-4.372093023255813,0.6515151515151516,1.0,5.454545454545454,1
335984,2007/08,7,2,64,1,9,44,76,7.333333333333333,12.666666666666666,130,66,8.727272727272728,5.210526315789474,3.516746411483254,0.57,middle,1,Feroz Shah Kotla,0.281,57,Delhi Daredevils,Rajasthan Royals,3,13,0,0,4.0,0.0,1,7.0,14.0,0.0,1.0,-1.7272727272727284,0.5970394736842105,0.9552631578947368,5.210526315789474,1
335984,2007/08,7,3,65,1,9,44,76,7.333333333333333,12.666666666666666,130,65,8.863636363636363,5.131578947368421,3.732057416267942,0.57,middle,1,Feroz Shah Kotla,0.281,57,Delhi Daredevils,Rajasthan Royals,3,13,0,0,1.0,0.0,0,8.0,15.0,0.0,1.0,-0.8636363636363633,0.5789473684210527,0.9407894736842106,5.131578947368421,1
335984,2007/08,7,4,65,1,9,45,75,7.5,12.5,130,65,8.666666666666666,5.2,3.466666666666666,0.5625,middle,1,Feroz Shah Kotla,0.281,57,Delhi Daredevils,Rajasthan Royals,3,13,0,0,0.0,0.0,0,8.0,11.0,0.0,1.0,-0.6666666666666661,0.6000000000000001,0.9533333333333336,5.2,1
335984,2007/08,7,5,69,1,9,46,74,7.666666666666667,12.333333333333334,130,61,9.0,4.945945945945946,4.054054054054054,0.555,middle,1,Feroz Shah Kotla,0.281,57,Delhi Daredevils,Rajasthan Royals,3,13,0,0,4.0,0.0,1,11.0,14.0,0.0,2.0,2.0,0.5495495495495495,0.9067567567567568,4.945945945945946,1
335984,2007/08,7,6,71,1,9,47,73,7.833333333333333,12.166666666666666,130,59,9.063829787234043,4.849315068493151,4.214514718740893,0.5475,middle,1,Feroz Shah Kotla,0.281,57,Delhi Daredevils,Rajasthan Royals,3,13,0,0,2.0,0.0,0,12.0,16.0,0.0,2.0,2.936170212765957,0.5350183291530002,0.889041095890411,4.849315068493151,1
335984,2007/08,7,7,71,1,9,48,72,8.0,12.0,130,59,8.875,4.916666666666667,3.958333333333333,0.54,middle,1,Feroz Shah Kotla,0.281,57,Delhi Daredevils,Rajasthan Royals,3,13,0,0,0.0,0.0,0,11.0,15.0,0.0,2.0,2.125,0.5539906103286385,0.9013888888888888,4.916666666666667,1
335984,2007/08,8,1,71,1,9,49,71,8.166666666666666,11.833333333333334,130,59,8.693877551020408,4.985915492957746,3.7079620580626624,0.5325,middle,1,Feroz Shah Kotla,0.281,57,Delhi Daredevils,Rajasthan Royals,3,13,0,0,0.0,0.0,0,7.0,14.0,0.0,1.0,-1.6938775510204085,0.5734973219599285,0.9140845070422536,4.985915492957746,1
335984,2007/08,8,2,72,1,9,50,70,8.333333333333334,11.666666666666666,130,58,8.639999999999999,4.971428571428572,3.6685714285714273,0.525,middle,1,Feroz Shah Kotla,0.281,57,Delhi Daredevils,Rajasthan Royals,3,13,0,0,1.0,0.0,0,7.0,15.0,0.0,1.0,-1.6399999999999988,0.5753968253968256,0.9114285714285716,4.971428571428572,1
335984,2007/08,8,3,76,1,9,51,69,8.5,11.5,130,54,8.941176470588236,4.695652173913044,4.245524296675192,0.5175,middle,1,Feroz Shah Kotla,0.281,57,Delhi Daredevils,Rajasthan Royals,3,13,0,0,4.0,0.0,1,11.0,19.0,0.0,2.0,2.0588235294117645,0.5251716247139588,0.8608695652173914,4.695652173913044,1
335984,2007/08,8,4,76,1,9,52,68,8.666666666666666,11.333333333333334,130,54,8.76923076923077,4.764705882352941,4.004524886877829,0.51,middle,1,Feroz Shah Kotla,0.281,57,Delhi Daredevils,Rajasthan Royals,3,13,0,0,0.0,0.0,0,7.0,18.0,0.0,1.0,-1.76923076923077,0.5433436532507739,0.8735294117647059,4.764705882352941,1
335984,2007/08,8,5,77,1,9,53,67,8.833333333333334,11.166666666666666,130,53,8.716981132075471,4.746268656716418,3.970712475359053,0.5025000000000001,middle,1,Feroz Shah Kotla,0.281,57,Delhi Daredevils,Rajasthan Royals,3,13,0,0,1.0,0.0,0,6.0,18.0,0.0,1.0,-2.716981132075471,0.5444853653808878,0.8701492537313433,4.746268656716418,1
335984,2007/08,8,6,78,1,9,54,66,9.0,11.0,130,52,8.666666666666666,4.727272727272728,3.9393939393939386,0.495,middle,1,Feroz Shah Kotla,0.281,57,Delhi Daredevils,Rajasthan Royals,3,13,0,0,1.0,0.0,0,7.0,18.0,0.0,1.0,-1.666666666666666,0.5454545454545456,0.8666666666666667,4.727272727272728,1
335984,2007/08,9,1,78,1,9,55,65,9.166666666666666,10.833333333333334,130,52,8.50909090909091,4.8,3.70909090909091,0.4875,middle,1,Feroz Shah Kotla,0.281,57,Delhi Daredevils,Rajasthan Royals,3,13,0,0,0.0,0.0,0,7.0,14.0,0.0,1.0,-1.5090909090909097,0.564102564102564,0.8800000000000001,4.8,1
335984,2007/08,9,2,79,1,9,55,65,9.166666666666666,10.833333333333334,130,51,8.618181818181819,4.707692307692308,3.910489510489511,0.4875,middle,1,Feroz Shah Kotla,0.281,57,Delhi Daredevils,Rajasthan Royals,3,13,0,0,1.0,0.0,0,7.0,14.0,0.0,1.0,-1.618181818181819,0.5462512171372931,0.8630769230769232,4.707692307692308,1
335984,2007/08,9,3,83,1,9,56,64,9.333333333333334,10.666666666666666,130,47,8.892857142857142,4.40625,4.486607142857142,0.48,middle,1,Feroz Shah Kotla,0.281,57,Delhi Daredevils,Rajasthan Royals,3,13,0,0,4.0,0.0,1,7.0,18.0,0.0,1.0,-1.8928571428571423,0.4954819277108434,0.8078125,4.40625,1
335984,2007/08,9,4,84,1,9,57,63,9.5,10.5,130,46,8.842105263157896,4.380952380952381,4.461152882205514,0.4725,middle,1,Feroz Shah Kotla,0.281,57,Delhi Daredevils,Rajasthan Royals,3,13,0,0,1.0,0.0,0,8.0,15.0,0.0,1.0,-0.8421052631578956,0.4954648526077097,0.8031746031746032,4.380952380952381,1
335984,2007/08,9,5,85,1,9,58,62,9.666666666666666,10.333333333333334,130,45,8.793103448275863,4.354838709677419,4.438264738598444,0.4650000000000001,middle,1,Feroz Shah Kotla,0.281,57,Delhi Daredevils,Rajasthan Royals,3,13,0,0,1.0,0.0,0,8.0,14.0,0.0,1.0,-0.793103448275863,0.4952561669829221,0.7983870967741936,4.354838709677419,1
335984,2007/08,9,6,85,1,9,59,61,9.833333333333334,10.166666666666666,130,45,8.64406779661017,4.426229508196721,4.217838288413448,0.4574999999999999,middle,1,Feroz Shah Kotla,0.281,57,Delhi Daredevils,Rajasthan Royals,3,13,0,0,0.0,0.0,0,7.0,14.0,0.0,1.0,-1.6440677966101696,0.5120540019286403,0.8114754098360657,4.426229508196721,1
335984,2007/08,9,7,86,1,9,60,60,10.0,10.0,130,44,8.6,4.4,4.199999999999999,0.45,middle,1,Feroz Shah Kotla,0.281,57,Delhi Daredevils,Rajasthan Royals,3,13,0,0,1.0,0.0,0,8.0,15.0,0.0,1.0,-0.5999999999999996,0.5116279069767442,0.8066666666666666,4.4,1
335984,2007/08,10,1,87,1,9,61,59,10.166666666666666,9.833333333333334,130,43,8.557377049180328,4.372881355932203,4.184495693248125,0.4425,middle,1,Feroz Shah Kotla,0.281,57,Delhi Daredevils,Rajasthan Royals,3,13,0,0,1.0,0.0,0,8.0,15.0,0.0,1.0,-0.557377049180328,0.5110072082602766,0.8016949152542373,4.372881355932203,1
335984,2007/08,10,2,88,1,9,62,58,10.333333333333334,9.666666666666666,130,42,8.516129032258064,4.344827586206897,4.171301446051167,0.435,middle,1,Feroz Shah Kotla,0.281,57,Delhi Daredevils,Rajasthan Royals,3,13,0,0,1.0,0.0,0,5.0,12.0,0.0,0.0,-3.516129032258064,0.5101880877742947,0.7965517241379311,4.344827586206897,1
335984,2007/08,10,3,92,1,9,63,57,10.5,9.5,130,38,8.761904761904763,4.0,4.761904761904763,0.4275,middle,1,Feroz Shah Kotla,0.281,57,Delhi Daredevils,Rajasthan Royals,3,13,0,0,4.0,0.0,1,8.0,16.0,0.0,1.0,-0.7619047619047628,0.4565217391304347,0.7333333333333334,4.0,1
335984,2007/08,10,4,93,1,9,64,56,10.666666666666666,9.333333333333334,130,37,8.71875,3.964285714285714,4.754464285714287,0.42,middle,1,Feroz Shah Kotla,0.281,57,Delhi Daredevils,Rajasthan Royals,3,13,0,0,1.0,0.0,0,8.0,16.0,0.0,1.0,-0.71875,0.4546850998463901,0.7267857142857144,3.964285714285714,1
335984,2007/08,10,5,94,1,9,65,55,10.833333333333334,9.166666666666666,130,36,8.676923076923076,3.927272727272728,4.749650349650349,0.4125,middle,1,Feroz Shah Kotla,0.281,57,Delhi Daredevils,Rajasthan Royals,3,13,0,0,1.0,0.0,0,9.0,16.0,0.0,1.0,0.3230769230769237,0.4526112185686655,0.7200000000000001,3.927272727272728,1
335984,2007/08,10,6,95,1,9,66,54,11.0,9.0,130,35,8.636363636363637,3.888888888888889,4.747474747474747,0.405,middle,1,Feroz Shah Kotla,0.281,57,Delhi Daredevils,Rajasthan Royals,3,13,0,0,1.0,0.0,0,9.0,17.0,0.0,1.0,0.3636363636363633,0.4502923976608187,0.712962962962963,3.888888888888889,1
335984,2007/08,11,1,96,1,9,67,53,11.166666666666666,8.833333333333334,130,34,8.597014925373134,3.849056603773585,4.747958321599549,0.3975,middle,1,Feroz Shah Kotla,0.281,57,Delhi Daredevils,Rajasthan Royals,3,13,0,0,1.0,0.0,0,9.0,17.0,0.0,1.0,0.4029850746268657,0.4477201257861635,0.7056603773584906,3.849056603773585,1
335984,2007/08,11,2,97,1,9,68,52,11.333333333333334,8.666666666666666,130,33,8.558823529411764,3.807692307692308,4.751131221719456,0.39,middle,1,Feroz Shah Kotla,0.281,57,Delhi Daredevils,Rajasthan Royals,3,13,0,0,1.0,0.0,0,9.0,14.0,0.0,1.0,0.4411764705882355,0.4448850118953212,0.6980769230769232,3.807692307692308,1
335984,2007/08,11,3,99,1,9,69,51,11.5,8.5,130,31,8.608695652173912,3.647058823529412,4.961636828644501,0.3825,middle,1,Feroz Shah Kotla,0.281,57,Delhi Daredevils,Rajasthan Royals,3,13,0,0,2.0,0.0,0,7.0,15.0,0.0,0.0,-1.6086956521739122,0.423648247177659,0.6686274509803921,3.647058823529412,1
335984,2007/08,11,4,100,1,9,70,50,11.666666666666666,8.333333333333334,130,30,8.571428571428571,3.6,4.971428571428572,0.375,middle,1,Feroz Shah Kotla,0.281,57,Delhi Daredevils,Rajasthan Royals,3,13,0,0,1.0,0.0,0,7.0,15.0,0.0,0.0,-1.5714285714285712,0.42,0.66,3.6,1
335984,2007/08,11,5,100,1,9,71,49,11.833333333333334,8.166666666666666,130,30,8.450704225352112,3.673469387755102,4.77723483759701,0.3675,middle,1,Feroz Shah Kotla,0.281,57,Delhi Daredevils,Rajasthan Royals,3,13,0,0,0.0,0.0,0,6.0,15.0,0.0,0.0,-2.450704225352112,0.4346938775510204,0.6734693877551021,3.673469387755102,1
335984,2007/08,11,6,100,1,9,72,48,12.0,8.0,130,30,8.333333333333334,3.75,4.583333333333334,0.36,middle,1,Feroz Shah Kotla,0.281,57,Delhi Daredevils,Rajasthan Royals,3,13,0,0,0.0,0.0,0,5.0,14.0,0.0,0.0,-3.333333333333334,0.4499999999999999,0.6875,3.75,1
335984,2007/08,12,1,101,1,9,73,47,12.166666666666666,7.833333333333333,130,29,8.301369863013699,3.702127659574468,4.59924220343923,0.3525,middle,1,Feroz Shah Kotla,0.281,57,Delhi Daredevils,Rajasthan Royals,3,13,0,0,1.0,0.0,0,5.0,14.0,0.0,0.0,-3.301369863013699,0.4459658731830629,0.6787234042553192,3.702127659574468,1
335984,2007/08,12,2,102,1,9,74,46,12.333333333333334,7.666666666666667,130,28,8.27027027027027,3.652173913043478,4.618096357226792,0.345,middle,1,Feroz Shah Kotla,0.281,57,Delhi Daredevils,Rajasthan Royals,3,13,0,0,1.0,0.0,0,5.0,14.0,0.0,0.0,-3.27027027027027,0.4416027280477408,0.6695652173913045,3.652173913043478,1
335984,2007/08,12,3,103,1,9,75,45,12.5,7.5,130,27,8.24,3.6,4.640000000000001,0.3375,middle,1,Feroz Shah Kotla,0.281,57,Delhi Daredevils,Rajasthan Royals,3,13,0,0,1.0,0.0,0,4.0,11.0,0.0,0.0,-4.24,0.4368932038834951,0.66,3.6,1
335984,2007/08,12,4,104,1,9,76,44,12.666666666666666,7.333333333333333,130,26,8.210526315789474,3.5454545454545454,4.665071770334929,0.3299999999999999,middle,1,Feroz Shah Kotla,0.281,57,Delhi Daredevils,Rajasthan Royals,3,13,0,0,1.0,0.0,0,4.0,11.0,0.0,0.0,-4.210526315789474,0.4318181818181817,0.6500000000000001,3.5454545454545454,1
335984,2007/08,12,5,105,1,9,77,43,12.833333333333334,7.166666666666667,130,25,8.181818181818182,3.488372093023256,4.693446088794926,0.3225,middle,1,Feroz Shah Kotla,0.281,57,Delhi Daredevils,Rajasthan Royals,3,13,0,0,1.0,0.0,0,5.0,11.0,0.0,0.0,-3.1818181818181817,0.4263565891472868,0.6395348837209304,3.488372093023256,1
335984,2007/08,12,6,110,1,9,77,43,12.833333333333334,7.166666666666667,130,20,8.571428571428571,2.7906976744186047,5.780730897009967,0.3225,middle,1,Feroz Shah Kotla,0.281,57,Delhi Daredevils,Rajasthan Royals,3,13,0,0,5.0,0.0,1,10.0,15.0,0.0,1.0,1.4285714285714288,0.3255813953488372,0.5116279069767442,2.7906976744186047,1
335984,2007/08,12,7,111,1,9,78,42,13.0,7.0,130,19,8.538461538461538,2.7142857142857144,5.824175824175824,0.315,middle,1,Feroz Shah Kotla,0.281,57,Delhi Daredevils,Rajasthan Royals,3,13,0,0,1.0,0.0,0,10.0,15.0,0.0,1.0,1.4615384615384617,0.3178893178893179,0.4976190476190477,2.7142857142857144,1
335984,2007/08,13,1,112,1,9,79,41,13.166666666666666,6.833333333333333,130,18,8.506329113924052,2.6341463414634148,5.872182772460636,0.3075,middle,1,Feroz Shah Kotla,0.281,57,Delhi Daredevils,Rajasthan Royals,3,13,0,0,1.0,0.0,0,10.0,15.0,0.0,1.0,1.4936708860759484,0.3096689895470383,0.4829268292682927,2.6341463414634148,1
335984,2007/08,13,2,112,1,9,80,40,13.333333333333334,6.666666666666667,130,18,8.4,2.7,5.700000000000001,0.3,middle,1,Feroz Shah Kotla,0.281,57,Delhi Daredevils,Rajasthan Royals,3,13,0,0,0.0,0.0,0,9.0,13.0,0.0,1.0,0.5999999999999996,0.3214285714285714,0.495,2.7,1
335984,2007/08,13,3,113,1,9,81,39,13.5,6.5,130,17,8.37037037037037,2.6153846153846154,5.754985754985755,0.2925,middle,1,Feroz Shah Kotla,0.281,57,Delhi Daredevils,Rajasthan Royals,3,13,0,0,1.0,0.0,0,9.0,13.0,0.0,1.0,0.6296296296296298,0.3124574540503744,0.4794871794871795,2.6153846153846154,1
335984,2007/08,13,4,114,1,9,82,38,13.666666666666666,6.333333333333333,130,16,8.341463414634147,2.5263157894736845,5.815147625160462,0.285,middle,1,Feroz Shah Kotla,0.281,57,Delhi Daredevils,Rajasthan Royals,3,13,0,0,1.0,0.0,0,9.0,14.0,0.0,1.0,0.6585365853658534,0.3028624192059095,0.4631578947368421,2.5263157894736845,1
335984,2007/08,13,5,115,1,9,83,37,13.833333333333334,6.166666666666667,130,15,8.313253012048193,2.4324324324324325,5.880820579615761,0.2775,middle,1,Feroz Shah Kotla,0.281,57,Delhi Daredevils,Rajasthan Royals,3,13,0,0,1.0,0.0,0,5.0,15.0,0.0,0.0,-3.313253012048193,0.2925969447708578,0.445945945945946,2.4324324324324325,1
335984,2007/08,13,6,115,1,9,84,36,14.0,6.0,130,15,8.214285714285714,2.5,5.7142857142857135,0.27,middle,1,Feroz Shah Kotla,0.281,57,Delhi Daredevils,Rajasthan Royals,3,13,0,0,0.0,0.0,0,4.0,14.0,0.0,0.0,-4.2142857142857135,0.3043478260869565,0.4583333333333333,2.5,1
335984,2007/08,14,1,116,1,9,84,36,14.0,6.0,130,14,8.285714285714286,2.333333333333333,5.9523809523809526,0.27,middle,1,Feroz Shah Kotla,0.281,57,Delhi Daredevils,Rajasthan Royals,3,13,0,0,1.0,0.0,0,4.0,14.0,0.0,0.0,-4.285714285714287,0.2816091954022988,0.4277777777777778,2.333333333333333,1
335984,2007/08,14,2,117,1,9,85,35,14.166666666666666,5.833333333333333,130,13,8.258823529411766,2.2285714285714286,6.030252100840337,0.2625,middle,1,Feroz Shah Kotla,0.281,57,Delhi Daredevils,Rajasthan Royals,3,13,0,0,1.0,0.0,0,5.0,14.0,0.0,0.0,-3.2588235294117656,0.2698412698412698,0.4085714285714286,2.2285714285714286,1
335984,2007/08,14,3,121,1,9,86,34,14.333333333333334,5.666666666666667,130,9,8.441860465116278,1.588235294117647,6.853625170998631,0.255,middle,1,Feroz Shah Kotla,0.281,57,Delhi Daredevils,Rajasthan Royals,3,13,0,0,4.0,0.0,1,8.0,17.0,0.0,1.0,-0.4418604651162781,0.1881380651434127,0.2911764705882353,1.588235294117647,1
335984,2007/08,14,4,123,1,9,87,33,14.5,5.5,130,7,8.482758620689655,1.2727272727272727,7.210031347962382,0.2475,middle,1,Feroz Shah Kotla,0.281,57,Delhi Daredevils,Rajasthan Royals,3,13,0,0,2.0,0.0,0,9.0,18.0,0.0,1.0,0.5172413793103452,0.1500369549150037,0.2333333333333333,1.2727272727272727,1
335984,2007/08,14,5,127,1,9,88,32,14.666666666666666,5.333333333333333,130,3,8.65909090909091,0.5625,8.09659090909091,0.24,middle,1,Feroz Shah Kotla,0.281,57,Delhi Daredevils,Rajasthan Royals,3,13,0,0,4.0,0.0,1,12.0,17.0,0.0,2.0,3.34090909090909,0.0649606299212598,0.103125,0.5625,1
335984,2007/08,14,6,128,1,9,89,31,14.833333333333334,5.166666666666667,130,2,8.629213483146067,0.3870967741935484,8.24211670895252,0.2325,middle,1,Feroz Shah Kotla,0.281,57,Delhi Daredevils,Rajasthan Royals,3,13,0,0,1.0,0.0,0,13.0,17.0,0.0,2.0,4.370786516853933,0.0448588709677419,0.0709677419354838,0.3870967741935484,1
335984,2007/08,14,7,128,1,9,90,30,15.0,5.0,130,2,8.533333333333333,0.4,8.133333333333333,0.225,middle,1,Feroz Shah Kotla,0.281,57,Delhi Daredevils,Rajasthan Royals,3,13,0,0,0.0,0.0,0,12.0,16.0,0.0,2.0,3.466666666666667,0.046875,0.0733333333333333,0.4,1
335984,2007/08,15,1,132,1,9,91,29,15.166666666666666,4.833333333333333,130,0,8.703296703296704,0.0,8.703296703296704,0.2175,death,2,Feroz Shah Kotla,0.281,57,Delhi Daredevils,Rajasthan Royals,3,13,0,0,4.0,0.0,1,15.0,20.0,0.0,3.0,6.296703296703296,0.0,0.0,0.0,2
335985,2007/08,0,1,0,0,10,1,119,0.1666666666666666,19.83333333333333,166,166,0.0,8.369747899159664,-8.369747899159664,0.9916666666666668,powerplay,0,Wankhede Stadium,0.458,72,Royal Challengers Bangalore,Mumbai Indians,16,10,0,1,0.0,0.0,0,0.0,0.0,0.0,0.0,0.0,5.0,1.3949579831932772,0.0,0
335985,2007/08,0,2,1,0,10,2,118,0.3333333333333333,19.666666666666668,166,165,3.0,8.389830508474576,-5.389830508474576,0.9833333333333332,powerplay,0,Wankhede Stadium,0.458,72,Royal Challengers Bangalore,Mumbai Indians,16,10,0,1,1.0,0.0,0,1.0,1.0,0.0,0.0,-2.0,2.796610169491525,1.3983050847457628,0.0,0
335985,2007/08,0,3,1,0,10,3,117,0.5,19.5,166,165,2.0,8.461538461538462,-6.461538461538462,0.975,powerplay,0,Wankhede Stadium,0.458,72,Royal Challengers Bangalore,Mumbai Indians,16,10,0,1,0.0,0.0,0,1.0,1.0,0.0,0.0,-1.0,4.230769230769231,1.4102564102564104,0.0,0
335985,2007/08,0,4,2,0,10,4,116,0.6666666666666666,19.33333333333333,166,164,3.0,8.482758620689655,-5.482758620689655,0.9666666666666668,powerplay,0,Wankhede Stadium,0.458,72,Royal Challengers Bangalore,Mumbai Indians,16,10,0,1,1.0,0.0,0,2.0,2.0,0.0,0.0,-1.0,2.827586206896552,1.4137931034482758,0.0,0
335985,2007/08,0,5,6,0,10,5,115,0.8333333333333334,19.166666666666668,166,160,7.199999999999999,8.347826086956522,-1.1478260869565222,0.9583333333333334,powerplay,0,Wankhede Stadium,0.458,72,Royal Challengers Bangalore,Mumbai Indians,16,10,0,1,4.0,0.0,1,6.0,6.0,0.0,1.0,-1.1999999999999993,1.1594202898550725,1.391304347826087,0.0,0
335985,2007/08,0,6,10,0,10,6,114,1.0,19.0,166,156,10.0,8.210526315789474,1.7894736842105257,0.95,powerplay,0,Wankhede Stadium,0.458,72,Royal Challengers Bangalore,Mumbai Indians,16,10,0,1,4.0,0.0,1,10.0,10.0,0.0,2.0,0.0,0.8210526315789475,1.368421052631579,0.0,0
335985,2007/08,1,1,10,0,10,7,113,1.1666666666666667,18.83333333333333,166,156,8.571428571428571,8.283185840707965,0.2882427307206061,0.9416666666666668,powerplay,0,Wankhede Stadium,0.458,72,Royal Challengers Bangalore,Mumbai Indians,16,10,0,1,0.0,0.0,0,10.0,10.0,0.0,2.0,1.4285714285714288,0.9663716814159292,1.3805309734513274,0.0,0
335985,2007/08,1,2,10,0,10,8,112,1.3333333333333333,18.666666666666668,166,156,7.5,8.357142857142856,-0.8571428571428559,0.9333333333333332,powerplay,0,Wankhede Stadium,0.458,72,Royal Challengers Bangalore,Mumbai Indians,16,10,0,1,0.0,0.0,0,9.0,10.0,0.0,2.0,1.5,1.114285714285714,1.3928571428571428,0.0,0
335985,2007/08,1,3,10,0,10,9,111,1.5,18.5,166,156,6.666666666666667,8.432432432432432,-1.7657657657657646,0.925,powerplay,0,Wankhede Stadium,0.458,72,Royal Challengers Bangalore,Mumbai Indians,16,10,0,1,0.0,0.0,0,9.0,10.0,0.0,2.0,2.333333333333333,1.2648648648648646,1.4054054054054057,0.0,0
335985,2007/08,1,4,10,0,10,10,110,1.6666666666666667,18.33333333333333,166,156,6.0,8.50909090909091,-2.5090909090909097,0.9166666666666666,powerplay,0,Wankhede Stadium,0.458,72,Royal Challengers Bangalore,Mumbai Indians,16,10,0,1,0.0,0.0,0,8.0,10.0,0.0,2.0,2.0,1.4181818181818182,1.4181818181818182,0.0,0
335985,2007/08,1,5,10,0,10,11,109,1.8333333333333333,18.166666666666668,166,156,5.454545454545455,8.587155963302752,-3.1326105087572973,0.9083333333333332,powerplay,0,Wankhede Stadium,0.458,72,Royal Challengers Bangalore,Mumbai Indians,16,10,0,1,0.0,0.0,0,4.0,10.0,0.0,1.0,-1.454545454545455,1.5743119266055046,1.4311926605504588,0.0,0
335985,2007/08,1,6,11,0,10,12,108,2.0,18.0,166,155,5.5,8.61111111111111,-3.1111111111111107,0.9,powerplay,0,Wankhede Stadium,0.458,72,Royal Challengers Bangalore,Mumbai Indians,16,10,0,1,1.0,0.0,0,1.0,11.0,0.0,0.0,-4.5,1.5656565656565655,1.4351851851851851,0.0,0
335985,2007/08,2,1,11,0,10,13,107,2.1666666666666665,17.833333333333332,166,155,5.0769230769230775,8.69158878504673,-3.614665708123652,0.8916666666666667,powerplay,0,Wankhede Stadium,0.458,72,Royal Challengers Bangalore,Mumbai Indians,16,10,0,1,0.0,0.0,0,1.0,11.0,0.0,0.0,-4.0769230769230775,1.7119796091758708,1.4485981308411215,0.0,0
335985,2007/08,2,2,15,0,10,14,106,2.333333333333333,17.666666666666668,166,151,6.428571428571428,8.547169811320755,-2.118598382749327,0.8833333333333333,powerplay,0,Wankhede Stadium,0.458,72,Royal Challengers Bangalore,Mumbai Indians,16,10,0,1,4.0,0.0,1,5.0,14.0,0.0,1.0,-1.428571428571428,1.329559748427673,1.4245283018867925,0.0,0
335985,2007/08,2,3,16,0,10,15,105,2.5,17.5,166,150,6.4,8.571428571428571,-2.171428571428571,0.875,powerplay,0,Wankhede Stadium,0.458,72,Royal Challengers Bangalore,Mumbai Indians,16,10,0,1,1.0,0.0,0,6.0,15.0,0.0,1.0,-0.4000000000000003,1.3392857142857142,1.4285714285714286,0.0,0
335985,2007/08,2,4,17,0,10,16,104,2.6666666666666665,17.333333333333332,166,149,6.375,8.596153846153847,-2.2211538461538467,0.8666666666666667,powerplay,0,Wankhede Stadium,0.458,72,Royal Challengers Bangalore,Mumbai Indians,16,10,0,1,1.0,0.0,0,7.0,15.0,0.0,1.0,0.625,1.3484162895927605,1.4326923076923077,0.0,0
335985,2007/08,2,5,21,0,10,17,103,2.833333333333333,17.166666666666668,166,145,7.411764705882352,8.446601941747572,-1.0348372358652194,0.8583333333333333,powerplay,0,Wankhede Stadium,0.458,72,Royal Challengers Bangalore,Mumbai Indians,16,10,0,1,4.0,0.0,1,11.0,15.0,0.0,2.0,3.588235294117648,1.1396208969024502,1.4077669902912622,0.0,0
335985,2007/08,2,6,22,0,10,18,102,3.0,17.0,166,144,7.333333333333333,8.470588235294118,-1.1372549019607847,0.85,powerplay,0,Wankhede Stadium,0.458,72,Royal Challengers Bangalore,Mumbai Indians,16,10,0,1,1.0,0.0,0,11.0,12.0,0.0,2.0,3.666666666666667,1.1550802139037433,1.411764705882353,0.0,0
335985,2007/08,3,1,22,0,10,19,101,3.1666666666666665,16.833333333333332,166,144,6.947368421052632,8.554455445544555,-1.607087024491923,0.8416666666666667,powerplay,0,Wankhede Stadium,0.458,72,Royal Challengers Bangalore,Mumbai Indians,16,10,0,1,0.0,0.0,0,11.0,12.0,0.0,2.0,4.052631578947368,1.2313231323132314,1.4257425742574257,0.0,0
335985,2007/08,3,2,23,0,10,20,100,3.333333333333333,16.666666666666668,166,143,6.9,8.58,-1.6800000000000006,0.8333333333333334,powerplay,0,Wankhede Stadium,0.458,72,Royal Challengers Bangalore,Mumbai Indians,16,10,0,1,1.0,0.0,0,8.0,13.0,0.0,1.0,1.0999999999999996,1.2434782608695651,1.43,0.0,0
335985,2007/08,3,3,24,0,10,21,99,3.5,16.5,166,142,6.857142857142857,8.606060606060606,-1.7489177489177488,0.825,powerplay,0,Wankhede Stadium,0.458,72,Royal Challengers Bangalore,Mumbai Indians,16,10,0,1,1.0,0.0,0,8.0,14.0,0.0,1.0,1.1428571428571432,1.255050505050505,1.4343434343434345,0.0,0
335985,2007/08,3,4,25,0,10,22,98,3.6666666666666665,16.333333333333332,166,141,6.818181818181818,8.63265306122449,-1.814471243042672,0.8166666666666667,powerplay,0,Wankhede Stadium,0.458,72,Royal Challengers Bangalore,Mumbai Indians,16,10,0,1,1.0,0.0,0,8.0,15.0,0.0,1.0,1.1818181818181817,1.266122448979592,1.4387755102040816,0.0,0
335985,2007/08,3,5,26,0,10,23,97,3.8333333333333335,16.166666666666668,166,140,6.782608695652174,8.65979381443299,-1.8771851187808155,0.8083333333333333,powerplay,0,Wankhede Stadium,0.458,72,Royal Challengers Bangalore,Mumbai Indians,16,10,0,1,1.0,0.0,0,5.0,16.0,0.0,0.0,-1.7826086956521738,1.2767644726407612,1.443298969072165,0.0,0
335985,2007/08,3,6,27,0,10,24,96,4.0,16.0,166,139,6.75,8.6875,-1.9375,0.8,powerplay,0,Wankhede Stadium,0.458,72,Royal Challengers Bangalore,Mumbai Indians,16,10,0,1,1.0,0.0,0,5.0,16.0,0.0,0.0,-1.75,1.287037037037037,1.4479166666666667,0.0,0
335985,2007/08,4,1,31,0,10,25,95,4.166666666666667,15.833333333333334,166,135,7.439999999999999,8.526315789473683,-1.0863157894736837,0.7916666666666666,powerplay,0,Wankhede Stadium,0.458,72,Royal Challengers Bangalore,Mumbai Indians,16,10,0,1,4.0,0.0,1,9.0,20.0,0.0,1.0,1.5600000000000014,1.1460101867572157,1.4210526315789471,0.0,0
335985,2007/08,4,2,32,0,10,26,94,4.333333333333333,15.666666666666666,166,134,7.384615384615385,8.553191489361703,-1.168576104746318,0.7833333333333333,powerplay,0,Wankhede Stadium,0.458,72,Royal Challengers Bangalore,Mumbai Indians,16,10,0,1,1.0,0.0,0,9.0,17.0,0.0,1.0,1.615384615384615,1.1582446808510638,1.425531914893617,0.0,0
335985,2007/08,4,3,36,0,10,27,93,4.5,15.5,166,130,8.0,8.387096774193548,-0.387096774193548,0.775,powerplay,0,Wankhede Stadium,0.458,72,Royal Challengers Bangalore,Mumbai Indians,16,10,0,1,4.0,0.0,1,12.0,20.0,0.0,2.0,4.0,1.0483870967741935,1.3978494623655917,0.0,0
335985,2007/08,4,4,36,0,10,28,92,4.666666666666667,15.333333333333334,166,130,7.7142857142857135,8.478260869565217,-0.7639751552795033,0.7666666666666667,powerplay,0,Wankhede Stadium,0.458,72,Royal Challengers Bangalore,Mumbai Indians,16,10,0,1,0.0,0.0,0,11.0,19.0,0.0,2.0,3.2857142857142865,1.0990338164251208,1.4130434782608696,0.0,0
335985,2007/08,4,5,37,0,10,28,92,4.666666666666667,15.333333333333334,166,129,7.928571428571428,8.41304347826087,-0.4844720496894412,0.7666666666666667,powerplay,0,Wankhede Stadium,0.458,72,Royal Challengers Bangalore,Mumbai Indians,16,10,0,1,1.0,0.0,0,11.0,16.0,0.0,2.0,3.071428571428572,1.0611045828437131,1.4021739130434785,0.0,0
335985,2007/08,4,6,37,0,10,29,91,4.833333333333333,15.166666666666666,166,129,7.655172413793104,8.505494505494505,-0.8503220917014014,0.7583333333333333,powerplay,0,Wankhede Stadium,0.458,72,Royal Challengers Bangalore,Mumbai Indians,16,10,0,1,0.0,0.0,0,10.0,15.0,0.0,2.0,2.344827586206896,1.111078111078111,1.4175824175824177,0.0,0
335985,2007/08,4,7,37,1,9,30,90,5.0,15.0,166,129,7.4,8.6,-1.1999999999999993,0.675,powerplay,0,Wankhede Stadium,0.458,72,Royal Challengers Bangalore,Mumbai Indians,16,10,0,1,0.0,1.0,0,6.0,15.0,1.0,1.0,-1.4000000000000004,1.162162162162162,1.5766666666666669,0.0,0
335985,2007/08,5,1,38,1,9,31,89,5.166666666666667,14.833333333333334,166,128,7.354838709677419,8.629213483146067,-1.274374773468648,0.6675000000000001,powerplay,0,Wankhede Stadium,0.458,72,Royal Challengers Bangalore,Mumbai Indians,16,10,0,1,1.0,0.0,0,6.0,15.0,1.0,1.0,-1.354838709677419,1.1732702542874038,1.5820224719101124,0.0,0
335985,2007/08,5,2,38,1,9,32,88,5.333333333333333,14.666666666666666,166,128,7.125,8.727272727272728,-1.6022727272727284,0.6599999999999999,powerplay,0,Wankhede Stadium,0.458,72,Royal Challengers Bangalore,Mumbai Indians,16,10,0,1,0.0,0.0,0,2.0,14.0,1.0,0.0,-5.125,1.2248803827751198,1.6,0.0,0
335985,2007/08,5,3,38,1,9,33,87,5.5,14.5,166,128,6.909090909090909,8.827586206896552,-1.9184952978056424,0.6525,powerplay,0,Wankhede Stadium,0.458,72,Royal Challengers Bangalore,Mumbai Indians,16,10,0,1,0.0,0.0,0,2.0,13.0,1.0,0.0,-4.909090909090909,1.2776769509981851,1.6183908045977011,0.0,0
335985,2007/08,5,4,39,1,9,34,86,5.666666666666667,14.333333333333334,166,127,6.88235294117647,8.86046511627907,-1.9781121751026,0.645,powerplay,0,Wankhede Stadium,0.458,72,Royal Challengers Bangalore,Mumbai Indians,16,10,0,1,1.0,0.0,0,2.0,13.0,1.0,0.0,-4.88235294117647,1.287418008348241,1.6244186046511628,0.0,0
335985,2007/08,5,5,40,1,9,35,85,5.833333333333333,14.166666666666666,166,126,6.857142857142858,8.894117647058824,-2.0369747899159663,0.6375000000000001,powerplay,0,Wankhede Stadium,0.458,72,Royal Challengers Bangalore,Mumbai Indians,16,10,0,1,1.0,0.0,0,3.0,13.0,1.0,0.0,-3.8571428571428577,1.2970588235294118,1.630588235294118,0.0,0
335985,2007/08,5,6,40,1,9,36,84,6.0,14.0,166,126,6.666666666666667,9.0,-2.333333333333333,0.63,powerplay,0,Wankhede Stadium,0.458,72,Royal Challengers Bangalore,Mumbai Indians,16,10,0,1,0.0,0.0,0,3.0,9.0,1.0,0.0,-3.666666666666667,1.35,1.65,0.0,0
335985,2007/08,6,1,41,1,9,37,83,6.166666666666667,13.833333333333334,166,125,6.648648648648648,9.036144578313252,-2.387495929664605,0.6225,middle,1,Wankhede Stadium,0.458,72,Royal Challengers Bangalore,Mumbai Indians,16,10,0,1,1.0,0.0,0,3.0,9.0,1.0,0.0,-3.648648648648648,1.3590949162503672,1.6566265060240966,9.036144578313252,1
335985,2007/08,6,2,41,1,9,38,82,6.333333333333333,13.666666666666666,166,125,6.473684210526316,9.146341463414634,-2.6726572528883183,0.615,middle,1,Wankhede Stadium,0.458,72,Royal Challengers Bangalore,Mumbai Indians,16,10,0,1,0.0,0.0,0,3.0,5.0,1.0,0.0,-3.473684210526316,1.412849494348602,1.676829268292683,9.146341463414634,1
335985,2007/08,6,3,45,1,9,39,81,6.5,13.5,166,121,6.923076923076923,8.962962962962964,-2.0398860398860403,0.6075,middle,1,Wankhede Stadium,0.458,72,Royal Challengers Bangalore,Mumbai Indians,16,10,0,1,4.0,0.0,1,7.0,9.0,1.0,1.0,0.0769230769230766,1.294650205761317,1.64320987654321,8.962962962962964,1
335985,2007/08,6,4,45,1,9,40,80,6.666666666666667,13.333333333333334,166,121,6.75,9.075,-2.325,0.6,middle,1,Wankhede Stadium,0.458,72,Royal Challengers Bangalore,Mumbai Indians,16,10,0,1,0.0,0.0,0,6.0,8.0,1.0,1.0,-0.75,1.3444444444444443,1.66375,9.075,1
335985,2007/08,6,5,45,1,9,41,79,6.833333333333333,13.166666666666666,166,121,6.585365853658537,9.18987341772152,-2.604507564062983,0.5925,middle,1,Wankhede Stadium,0.458,72,Royal Challengers Bangalore,Mumbai Indians,16,10,0,1,0.0,0.0,0,5.0,8.0,1.0,1.0,-1.585365853658537,1.3954992967651196,1.6848101265822786,9.18987341772152,1
335985,2007/08,6,6,46,1,9,42,78,7.0,13.0,166,120,6.571428571428571,9.23076923076923,-2.6593406593406588,0.5850000000000001,middle,1,Wankhede Stadium,0.458,72,Royal Challengers Bangalore,Mumbai Indians,16,10,0,1,1.0,0.0,0,6.0,9.0,0.0,1.0,-0.5714285714285712,1.4046822742474916,1.6923076923076923,9.23076923076923,1
335985,2007/08,7,1,48,1,9,43,77,7.166666666666667,12.833333333333334,166,118,6.697674418604651,9.194805194805197,-2.497130776200544,0.5775,middle,1,Wankhede Stadium,0.458,72,Royal Challengers Bangalore,Mumbai Indians,16,10,0,1,2.0,0.0,0,7.0,10.0,0.0,1.0,0.3023255813953494,1.3728354978354982,1.685714285714286,9.194805194805197,1
335985,2007/08,7,2,49,1,9,44,76,7.333333333333333,12.666666666666666,166,117,6.681818181818182,9.236842105263158,-2.555023923444976,0.57,middle,1,Wankhede Stadium,0.458,72,Royal Challengers Bangalore,Mumbai Indians,16,10,0,1,1.0,0.0,0,8.0,11.0,0.0,1.0,1.3181818181818183,1.382384532760473,1.6934210526315792,9.236842105263158,1
335985,2007/08,7,3,50,1,9,45,75,7.5,12.5,166,116,6.666666666666667,9.28,-2.6133333333333324,0.5625,middle,1,Wankhede Stadium,0.458,72,Royal Challengers Bangalore,Mumbai Indians,16,10,0,1,1.0,0.0,0,5.0,12.0,0.0,0.0,-1.666666666666667,1.392,1.7013333333333334,9.28,1
335985,2007/08,7,4,51,1,9,46,74,7.666666666666667,12.333333333333334,166,115,6.652173913043478,9.324324324324325,-2.672150411280847,0.555,middle,1,Wankhede Stadium,0.458,72,Royal Challengers Bangalore,Mumbai Indians,16,10,0,1,1.0,0.0,0,6.0,12.0,0.0,0.0,-0.6521739130434776,1.4016958134605195,1.7094594594594594,9.324324324324325,1
335985,2007/08,7,5,52,1,9,47,73,7.833333333333333,12.166666666666666,166,114,6.638297872340425,9.36986301369863,-2.731565141358205,0.5475,middle,1,Wankhede Stadium,0.458,72,Royal Challengers Bangalore,Mumbai Indians,16,10,0,1,1.0,0.0,0,7.0,12.0,0.0,0.0,0.3617021276595746,1.411485774499473,1.7178082191780824,9.36986301369863,1
335985,2007/08,7,6,54,1,9,48,72,8.0,12.0,166,112,6.75,9.333333333333334,-2.583333333333334,0.54,middle,1,Wankhede Stadium,0.458,72,Royal Challengers Bangalore,Mumbai Indians,16,10,0,1,2.0,0.0,0,8.0,14.0,0.0,0.0,1.25,1.3827160493827162,1.7111111111111112,9.333333333333334,1
335985,2007/08,8,1,60,1,9,49,71,8.166666666666666,11.833333333333334,166,106,7.346938775510204,8.957746478873238,-1.610807703363034,0.5325,middle,1,Wankhede Stadium,0.458,72,Royal Challengers Bangalore,Mumbai Indians,16,10,0,1,6.0,0.0,1,12.0,19.0,0.0,1.0,4.653061224489796,1.2192488262910797,1.6422535211267606,8.957746478873238,1
335985,2007/08,8,2,66,1,9,50,70,8.333333333333334,11.666666666666666,166,100,7.919999999999999,8.571428571428571,-0.6514285714285721,0.525,middle,1,Wankhede Stadium,0.458,72,Royal Challengers Bangalore,Mumbai Indians,16,10,0,1,6.0,0.0,1,17.0,25.0,0.0,2.0,9.080000000000002,1.0822510822510822,1.5714285714285716,8.571428571428571,1
335985,2007/08,8,3,67,1,9,50,70,8.333333333333334,11.666666666666666,166,99,8.04,8.485714285714286,-0.4457142857142866,0.525,middle,1,Wankhede Stadium,0.458,72,Royal Challengers Bangalore,Mumbai Indians,16,10,0,1,1.0,0.0,0,17.0,22.0,0.0,2.0,8.96,1.0554371002132197,1.5557142857142858,8.485714285714286,1
335985,2007/08,8,4,67,1,9,51,69,8.5,11.5,166,99,7.882352941176471,8.608695652173912,-0.7263427109974412,0.5175,middle,1,Wankhede Stadium,0.458,72,Royal Challengers Bangalore,Mumbai Indians,16,10,0,1,0.0,0.0,0,16.0,22.0,0.0,2.0,8.117647058823529,1.0921479558728098,1.5782608695652174,8.608695652173912,1
335985,2007/08,8,5,68,1,9,52,68,8.666666666666666,11.333333333333334,166,98,7.846153846153847,8.647058823529411,-0.8009049773755645,0.51,middle,1,Wankhede Stadium,0.458,72,Royal Challengers Bangalore,Mumbai Indians,16,10,0,1,1.0,0.0,0,16.0,23.0,0.0,2.0,8.153846153846153,1.102076124567474,1.585294117647059,8.647058823529411,1
335985,2007/08,8,6,68,2,8,53,67,8.833333333333334,11.166666666666666,166,98,7.698113207547169,8.776119402985076,-1.078006195437907,0.4466666666666667,middle,1,Wankhede Stadium,0.458,72,Royal Challengers Bangalore,Mumbai Indians,16,10,0,1,0.0,1.0,0,14.0,22.0,1.0,2.0,6.301886792452831,1.1400351185250222,1.7552238805970148,8.776119402985076,2
335985,2007/08,8,7,69,2,8,54,66,9.0,11.0,166,97,7.666666666666667,8.818181818181818,-1.1515151515151514,0.44,middle,1,Wankhede Stadium,0.458,72,Royal Challengers Bangalore,Mumbai Indians,16,10,0,1,1.0,0.0,0,9.0,21.0,1.0,1.0,1.333333333333333,1.150197628458498,1.7636363636363637,8.818181818181818,2
335985,2007/08,9,1,70,2,8,55,65,9.166666666666666,10.833333333333334,166,96,7.636363636363637,8.86153846153846,-1.2251748251748236,0.4333333333333333,middle,1,Wankhede Stadium,0.458,72,Royal Challengers Bangalore,Mumbai Indians,16,10,0,1,1.0,0.0,0,4.0,21.0,1.0,0.0,-3.6363636363636367,1.1604395604395603,1.7723076923076924,8.86153846153846,2
335985,2007/08,9,2,74,2,8,56,64,9.333333333333334,10.666666666666666,166,92,7.928571428571428,8.625,-0.6964285714285721,0.4266666666666667,middle,1,Wankhede Stadium,0.458,72,Royal Challengers Bangalore,Mumbai Indians,16,10,0,1,4.0,0.0,1,7.0,24.0,1.0,1.0,-0.928571428571428,1.087837837837838,1.725,8.625,2
335985,2007/08,9,3,75,2,8,57,63,9.5,10.5,166,91,7.894736842105263,8.666666666666666,-0.7719298245614032,0.42,middle,1,Wankhede Stadium,0.458,72,Royal Challengers Bangalore,Mumbai Indians,16,10,0,1,1.0,0.0,0,8.0,24.0,1.0,1.0,0.1052631578947371,1.0977777777777775,1.7333333333333332,8.666666666666666,2
335985,2007/08,9,4,75,2,8,58,62,9.666666666666666,10.333333333333334,166,91,7.758620689655173,8.806451612903226,-1.0478309232480534,0.4133333333333334,middle,1,Wankhede Stadium,0.458,72,Royal Challengers Bangalore,Mumbai Indians,16,10,0,1,0.0,0.0,0,7.0,23.0,1.0,1.0,-0.7586206896551726,1.1350537634408602,1.761290322580645,8.806451612903226,2
335985,2007/08,9,5,76,2,8,59,61,9.833333333333334,10.166666666666666,166,90,7.728813559322034,8.852459016393443,-1.123645457071409,0.4066666666666667,middle,1,Wankhede Stadium,0.458,72,Royal Challengers Bangalore,Mumbai Indians,16,10,0,1,1.0,0.0,0,8.0,22.0,1.0,1.0,0.2711864406779662,1.1453839516824849,1.7704918032786885,8.852459016393443,2
335985,2007/08,9,6,76,3,7,60,60,10.0,10.0,166,90,7.6,9.0,-1.4000000000000004,0.35,middle,1,Wankhede Stadium,0.458,72,Royal Challengers Bangalore,Mumbai Indians,16,10,0,1,0.0,1.0,0,7.0,16.0,2.0,1.0,-0.5999999999999996,1.1842105263157896,1.95,9.0,3
335985,2007/08,10,1,77,3,7,61,59,10.166666666666666,9.833333333333334,166,89,7.573770491803279,9.050847457627118,-1.477076965823838,0.3441666666666666,middle,1,Wankhede Stadium,0.458,72,Royal Challengers Bangalore,Mumbai Indians,16,10,0,1,1.0,0.0,0,7.0,11.0,2.0,1.0,-0.5737704918032787,1.1950253136693814,1.9610169491525424,9.050847457627118,3
335985,2007/08,10,2,78,3,7,62,58,10.333333333333334,9.666666666666666,166,88,7.548387096774193,9.10344827586207,-1.5550611790878763,0.3383333333333333,middle,1,Wankhede Stadium,0.458,72,Royal Challengers Bangalore,Mumbai Indians,16,10,0,1,1.0,0.0,0,4.0,11.0,2.0,0.0,-3.548387096774193,1.2060123784261716,1.972413793103448,9.10344827586207,3
335985,2007/08,10,3,78,3,7,63,57,10.5,9.5,166,88,7.428571428571429,9.263157894736842,-1.8345864661654137,0.3324999999999999,middle,1,Wankhede Stadium,0.458,72,Royal Challengers Bangalore,Mumbai Indians,16,10,0,1,0.0,0.0,0,3.0,11.0,2.0,0.0,-4.428571428571429,1.2469635627530364,2.007017543859649,9.263157894736842,3
335985,2007/08,10,4,79,3,7,64,56,10.666666666666666,9.333333333333334,166,87,7.40625,9.321428571428571,-1.9151785714285712,0.3266666666666666,middle,1,Wankhede Stadium,0.458,72,Royal Challengers Bangalore,Mumbai Indians,16,10,0,1,1.0,0.0,0,4.0,11.0,2.0,0.0,-3.40625,1.2585895117540686,2.0196428571428573,9.321428571428571,3
335985,2007/08,10,5,79,3,7,65,55,10.833333333333334,9.166666666666666,166,87,7.292307692307692,9.490909090909092,-2.1986013986014,0.3208333333333333,middle,1,Wankhede Stadium,0.458,72,Royal Challengers Bangalore,Mumbai Indians,16,10,0,1,0.0,0.0,0,3.0,11.0,1.0,0.0,-4.292307692307692,1.3014959723820485,2.0563636363636366,9.490909090909092,3
335985,2007/08,10,6,80,3,7,66,54,11.0,9.0,166,86,7.272727272727272,9.555555555555555,-2.282828282828283,0.315,middle,1,Wankhede Stadium,0.458,72,Royal Challengers Bangalore,Mumbai Indians,16,10,0,1,1.0,0.0,0,4.0,11.0,1.0,0.0,-3.272727272727272,1.313888888888889,2.0703703703703704,9.555555555555555,3
335985,2007/08,11,1,81,3,7,67,53,11.166666666666666,8.833333333333334,166,85,7.253731343283582,9.62264150943396,-2.36891016615038,0.3091666666666666,middle,1,Wankhede Stadium,0.458,72,Royal Challengers Bangalore,Mumbai Indians,16,10,0,1,1.0,0.0,0,4.0,11.0,1.0,0.0,-3.253731343283582,1.3265781504775211,2.0849056603773586,9.62264150943396,3
335985,2007/08,11,2,85,3,7,68,52,11.333333333333334,8.666666666666666,166,81,7.5,9.346153846153848,-1.8461538461538467,0.3033333333333333,middle,1,Wankhede Stadium,0.458,72,Royal Challengers Bangalore,Mumbai Indians,16,10,0,1,4.0,0.0,1,7.0,11.0,1.0,1.0,-0.5,1.2461538461538464,2.025,9.346153846153848,3
335985,2007/08,11,3,86,3,7,69,51,11.5,8.5,166,80,7.478260869565218,9.411764705882351,-1.9335038363171355,0.2975,middle,1,Wankhede Stadium,0.458,72,Royal Challengers Bangalore,Mumbai Indians,16,10,0,1,1.0,0.0,0,8.0,11.0,1.0,1.0,0.5217391304347823,1.2585499316005468,2.0392156862745097,9.411764705882351,3
335985,2007/08,11,4,87,3,7,70,50,11.666666666666666,8.333333333333334,166,79,7.457142857142857,9.48,-2.0228571428571414,0.2916666666666667,middle,1,Wankhede Stadium,0.458,72,Royal Challengers Bangalore,Mumbai Indians,16,10,0,1,1.0,0.0,0,8.0,12.0,1.0,1.0,0.5428571428571427,1.271264367816092,2.0540000000000003,9.48,3
335985,2007/08,11,5,93,3,7,71,49,11.833333333333334,8.166666666666666,166,73,7.859154929577464,8.938775510204083,-1.079620580626619,0.2858333333333333,middle,1,Wankhede Stadium,0.458,72,Royal Challengers Bangalore,Mumbai Indians,16,10,0,1,6.0,0.0,1,14.0,17.0,1.0,2.0,6.140845070422536,1.1373710774632435,1.9367346938775512,8.938775510204083,3
335985,2007/08,11,6,94,3,7,72,48,12.0,8.0,166,72,7.833333333333333,9.0,-1.166666666666667,0.2799999999999999,middle,1,Wankhede Stadium,0.458,72,Royal Challengers Bangalore,Mumbai Indians,16,10,0,1,1.0,0.0,0,14.0,18.0,0.0,2.0,6.166666666666667,1.148936170212766,1.95,9.0,3
335985,2007/08,12,1,94,3,7,73,47,12.166666666666666,7.833333333333333,166,72,7.726027397260275,9.191489361702128,-1.4654619644418538,0.2741666666666666,middle,1,Wankhede Stadium,0.458,72,Royal Challengers Bangalore,Mumbai Indians,16,10,0,1,0.0,0.0,0,13.0,17.0,0.0,2.0,5.273972602739725,1.1896785875961973,1.991489361702128,9.191489361702128,3
335985,2007/08,12,2,98,3,7,74,46,12.333333333333334,7.666666666666667,166,68,7.945945945945946,8.869565217391305,-0.923619271445359,0.2683333333333333,middle,1,Wankhede Stadium,0.458,72,Royal Challengers Bangalore,Mumbai Indians,16,10,0,1,4.0,0.0,1,13.0,20.0,0.0,2.0,5.054054054054054,1.1162377994676131,1.9217391304347824,8.869565217391305,3
335985,2007/08,12,3,102,3,7,75,45,12.5,7.5,166,64,8.16,8.533333333333333,-0.3733333333333331,0.2624999999999999,middle,1,Wankhede Stadium,0.458,72,Royal Challengers Bangalore,Mumbai Indians,16,10,0,1,4.0,0.0,1,16.0,24.0,0.0,3.0,7.84,1.0457516339869282,1.848888888888889,8.533333333333333,3
335985,2007/08,12,4,102,3,7,76,44,12.666666666666666,7.333333333333333,166,64,8.052631578947368,8.727272727272728,-0.6746411483253603,0.2566666666666666,middle,1,Wankhede Stadium,0.458,72,Royal Challengers Bangalore,Mumbai Indians,16,10,0,1,0.0,0.0,0,15.0,23.0,0.0,3.0,6.947368421052632,1.0837789661319075,1.890909090909091,8.727272727272728,3
335985,2007/08,12,5,103,3,7,77,43,12.833333333333334,7.166666666666667,166,63,8.025974025974026,8.790697674418604,-0.7647236484445781,0.2508333333333333,middle,1,Wankhede Stadium,0.458,72,Royal Challengers Bangalore,Mumbai Indians,16,10,0,1,1.0,0.0,0,10.0,24.0,0.0,2.0,1.9740259740259736,1.0952811018288553,1.9046511627906977,8.790697674418604,3
335985,2007/08,12,6,104,3,7,78,42,13.0,7.0,166,62,8.0,8.857142857142858,-0.8571428571428577,0.2449999999999999,middle,1,Wankhede Stadium,0.458,72,Royal Challengers Bangalore,Mumbai Indians,16,10,0,1,1.0,0.0,0,10.0,24.0,0.0,2.0,2.0,1.1071428571428572,1.9190476190476191,8.857142857142858,3
335985,2007/08,13,1,105,3,7,79,41,13.166666666666666,6.833333333333333,166,61,7.974683544303798,8.926829268292684,-0.9521457239888856,0.2391666666666666,middle,1,Wankhede Stadium,0.458,72,Royal Challengers Bangalore,Mumbai Indians,16,10,0,1,1.0,0.0,0,11.0,24.0,0.0,2.0,3.025316455696202,1.1193960511033685,1.9341463414634144,8.926829268292684,3
335985,2007/08,13,2,106,3,7,79,41,13.166666666666666,6.833333333333333,166,60,8.050632911392405,8.78048780487805,-0.7298548934856441,0.2391666666666666,middle,1,Wankhede Stadium,0.458,72,Royal Challengers Bangalore,Mumbai Indians,16,10,0,1,1.0,0.0,0,8.0,21.0,0.0,1.0,-0.0506329113924053,1.0906580763920848,1.902439024390244,8.78048780487805,3
335985,2007/08,13,3,106,3,7,80,40,13.333333333333334,6.666666666666667,166,60,7.949999999999999,9.0,-1.0500000000000007,0.2333333333333333,middle,1,Wankhede Stadium,0.458,72,Royal Challengers Bangalore,Mumbai Indians,16,10,0,1,0.0,0.0,0,4.0,20.0,0.0,0.0,-3.9499999999999993,1.1320754716981134,1.95,9.0,3
335985,2007/08,13,4,106,4,6,81,39,13.5,6.5,166,60,7.851851851851852,9.23076923076923,-1.378917378917378,0.195,middle,1,Wankhede Stadium,0.458,72,Royal Challengers Bangalore,Mumbai Indians,16,10,0,1,0.0,1.0,0,4.0,19.0,1.0,0.0,-3.851851851851852,1.1756168359941943,2.1538461538461537,9.23076923076923,4
335985,2007/08,13,5,106,4,6,82,38,13.666666666666666,6.333333333333333,166,60,7.75609756097561,9.473684210526317,-1.7175866495507064,0.1899999999999999,middle,1,Wankhede Stadium,0.458,72,Royal Challengers Bangalore,Mumbai Indians,16,10,0,1,0.0,0.0,0,3.0,13.0,1.0,0.0,-4.75609756097561,1.2214498510427012,2.210526315789473,9.473684210526317,4
335985,2007/08,13,6,107,4,6,82,38,13.666666666666666,6.333333333333333,166,59,7.829268292682928,9.31578947368421,-1.486521181001283,0.1899999999999999,middle,1,Wankhede Stadium,0.458,72,Royal Challengers Bangalore,Mumbai Indians,16,10,0,1,1.0,0.0,0,3.0,13.0,1.0,0.0,-4.829268292682928,1.189867191342843,2.173684210526316,9.31578947368421,4
335985,2007/08,13,7,107,4,6,83,37,13.833333333333334,6.166666666666667,166,59,7.734939759036144,9.567567567567568,-1.8326278085314227,0.185,middle,1,Wankhede Stadium,0.458,72,Royal Challengers Bangalore,Mumbai Indians,16,10,0,1,0.0,0.0,0,2.0,13.0,1.0,0.0,-5.734939759036144,1.2369285173023492,2.2324324324324323,9.567567567567568,4
335985,2007/08,13,8,109,4,6,84,36,14.0,6.0,166,57,7.785714285714286,9.5,-1.7142857142857144,0.18,middle,1,Wankhede Stadium,0.458,72,Royal Challengers Bangalore,Mumbai Indians,16,10,0,1,2.0,0.0,0,3.0,11.0,1.0,0.0,-4.785714285714286,1.220183486238532,2.2166666666666663,9.5,4
335985,2007/08,14,1,110,4,6,85,35,14.166666666666666,5.833333333333333,166,56,7.764705882352941,9.6,-1.8352941176470583,0.175,middle,1,Wankhede Stadium,0.458,72,Royal Challengers Bangalore,Mumbai Indians,16,10,0,1,1.0,0.0,0,4.0,8.0,1.0,0.0,-3.764705882352941,1.2363636363636363,2.24,9.6,4
335985,2007/08,14,2,111,4,6,86,34,14.333333333333334,5.666666666666667,166,55,7.7441860465116275,9.705882352941176,-1.9616963064295485,0.1699999999999999,middle,1,Wankhede Stadium,0.458,72,Royal Challengers Bangalore,Mumbai Indians,16,10,0,1,1.0,0.0,0,5.0,9.0,1.0,0.0,-2.7441860465116275,1.2533121356650767,2.264705882352941,9.705882352941176,4
335985,2007/08,14,3,112,4,6,87,33,14.5,5.5,166,54,7.724137931034483,9.818181818181818,-2.0940438871473352,0.165,middle,1,Wankhede Stadium,0.458,72,Royal Challengers Bangalore,Mumbai Indians,16,10,0,1,1.0,0.0,0,6.0,9.0,1.0,0.0,-1.724137931034483,1.271103896103896,2.290909090909091,9.818181818181818,4
335985,2007/08,14,4,116,4,6,88,32,14.666666666666666,5.333333333333333,166,50,7.909090909090909,9.375,-1.4659090909090908,0.16,middle,1,Wankhede Stadium,0.458,72,Royal Challengers Bangalore,Mumbai Indians,16,10,0,1,4.0,0.0,1,9.0,12.0,1.0,1.0,1.0909090909090908,1.1853448275862069,2.1875,9.375,4
335985,2007/08,14,5,117,4,6,89,31,14.833333333333334,5.166666666666667,166,49,7.8876404494382015,9.483870967741934,-1.5962305183037326,0.155,middle,1,Wankhede Stadium,0.458,72,Royal Challengers Bangalore,Mumbai Indians,16,10,0,1,1.0,0.0,0,10.0,12.0,1.0,1.0,2.1123595505617985,1.202371105596912,2.212903225806451,9.483870967741934,4
335985,2007/08,14,6,118,4,6,90,30,15.0,5.0,166,48,7.866666666666666,9.6,-1.7333333333333334,0.15,middle,1,Wankhede Stadium,0.458,72,Royal Challengers Bangalore,Mumbai Indians,16,10,0,1,1.0,0.0,0,9.0,12.0,1.0,1.0,1.1333333333333335,1.2203389830508475,2.24,9.6,4
335985,2007/08,15,1,119,4,6,91,29,15.166666666666666,4.833333333333333,166,47,7.846153846153847,9.724137931034484,-1.8779840848806373,0.145,death,2,Wankhede Stadium,0.458,72,Royal Challengers Bangalore,Mumbai Indians,16,10,0,1,1.0,0.0,0,9.0,13.0,1.0,1.0,1.1538461538461533,1.2393509127789046,2.268965517241379,19.448275862068968,8
335985,2007/08,15,2,123,4,6,92,28,15.333333333333334,4.666666666666667,166,43,8.021739130434783,9.214285714285714,-1.1925465838509304,0.1399999999999999,death,2,Wankhede Stadium,0.458,72,Royal Challengers Bangalore,Mumbai Indians,16,10,0,1,4.0,0.0,1,12.0,17.0,0.0,2.0,3.978260869565217,1.148664343786295,2.15,18.428571428571427,8
335985,2007/08,15,3,124,4,6,93,27,15.5,4.5,166,42,8.0,9.333333333333334,-1.333333333333334,0.135,death,2,Wankhede Stadium,0.458,72,Royal Challengers Bangalore,Mumbai Indians,16,10,0,1,1.0,0.0,0,12.0,18.0,0.0,2.0,4.0,1.1666666666666667,2.1777777777777776,18.666666666666668,8
335985,2007/08,15,4,124,4,6,94,26,15.666666666666666,4.333333333333333,166,42,7.914893617021277,9.692307692307692,-1.7774140752864165,0.13,death,2,Wankhede Stadium,0.458,72,Royal Challengers Bangalore,Mumbai Indians,16,10,0,1,0.0,0.0,0,8.0,17.0,0.0,1.0,0.085106382978723,1.2245657568238213,2.261538461538461,19.384615384615383,8
335985,2007/08,15,5,125,4,6,95,25,15.833333333333334,4.166666666666667,166,41,7.894736842105263,9.84,-1.945263157894737,0.125,death,2,Wankhede Stadium,0.458,72,Royal Challengers Bangalore,Mumbai Indians,16,10,0,1,1.0,0.0,0,8.0,18.0,0.0,1.0,0.1052631578947371,1.2464,2.296,19.68,8
335985,2007/08,15,6,126,4,6,96,24,16.0,4.0,166,40,7.875,10.0,-2.125,0.12,death,2,Wankhede Stadium,0.458,72,Royal Challengers Bangalore,Mumbai Indians,16,10,0,1,1.0,0.0,0,8.0,17.0,0.0,1.0,0.125,1.2698412698412698,2.333333333333333,20.0,8
335985,2007/08,16,1,132,4,6,97,23,16.166666666666668,3.8333333333333335,166,34,8.164948453608247,8.869565217391305,-0.7046167637830578,0.115,death,2,Wankhede Stadium,0.458,72,Royal Challengers Bangalore,Mumbai Indians,16,10,0,1,6.0,0.0,1,13.0,22.0,0.0,2.0,4.835051546391753,1.0862977602108037,2.069565217391304,17.73913043478261,8
335985,2007/08,16,2,133,4,6,98,22,16.333333333333332,3.6666666666666665,166,33,8.142857142857144,9.0,-0.8571428571428559,0.1099999999999999,death,2,Wankhede Stadium,0.458,72,Royal Challengers Bangalore,Mumbai Indians,16,10,0,1,1.0,0.0,0,10.0,22.0,0.0,1.0,1.857142857142856,1.1052631578947367,2.1,18.0,8
335985,2007/08,16,3,134,4,6,99,21,16.5,3.5,166,32,8.121212121212121,9.142857142857142,-1.0216450216450212,0.105,death,2,Wankhede Stadium,0.458,72,Royal Challengers Bangalore,Mumbai Indians,16,10,0,1,1.0,0.0,0,10.0,22.0,0.0,1.0,1.878787878787879,1.1257995735607675,2.133333333333333,18.285714285714285,8
335985,2007/08,16,4,135,4,6,100,20,16.666666666666668,3.333333333333333,166,31,8.1,9.3,-1.1999999999999993,0.0999999999999999,death,2,Wankhede Stadium,0.458,72,Royal Challengers Bangalore,Mumbai Indians,16,10,0,1,1.0,0.0,0,11.0,19.0,0.0,1.0,2.9000000000000004,1.1481481481481484,2.17,18.6,8
335985,2007/08,16,5,136,4,6,101,19,16.833333333333332,3.1666666666666665,166,30,8.07920792079208,9.473684210526317,-1.3944762897342375,0.0949999999999999,death,2,Wankhede Stadium,0.458,72,Royal Challengers Bangalore,Mumbai Indians,16,10,0,1,1.0,0.0,0,11.0,19.0,0.0,1.0,2.9207920792079207,1.1726006191950469,2.210526315789473,18.947368421052637,8
335985,2007/08,16,6,136,4,6,102,18,17.0,3.0,166,30,8.0,10.0,-2.0,0.09,death,2,Wankhede Stadium,0.458,72,Royal Challengers Bangalore,Mumbai Indians,16,10,0,1,0.0,0.0,0,10.0,18.0,0.0,1.0,2.0,1.25,2.333333333333333,20.0,8
335985,2007/08,17,1,142,4,6,103,17,17.166666666666668,2.833333333333333,166,24,8.271844660194175,8.470588235294118,-0.1987435750999431,0.0849999999999999,death,2,Wankhede Stadium,0.458,72,Royal Challengers Bangalore,Mumbai Indians,16,10,0,1,6.0,0.0,1,10.0,23.0,0.0,1.0,1.7281553398058254,1.024026512013256,1.9764705882352944,16.941176470588236,8
335985,2007/08,17,2,143,4,6,104,16,17.333333333333332,2.6666666666666665,166,23,8.25,8.625,-0.375,0.08,death,2,Wankhede Stadium,0.458,72,Royal Challengers Bangalore,Mumbai Indians,16,10,0,1,1.0,0.0,0,10.0,20.0,0.0,1.0,1.75,1.0454545454545454,2.0125,17.25,8
335985,2007/08,17,3,144,4,6,105,15,17.5,2.5,166,22,8.228571428571428,8.8,-0.571428571428573,0.075,death,2,Wankhede Stadium,0.458,72,Royal Challengers Bangalore,Mumbai Indians,16,10,0,1,1.0,0.0,0,10.0,20.0,0.0,1.0,1.7714285714285722,1.0694444444444446,2.053333333333333,17.6,8
335985,2007/08,17,4,145,4,6,106,14,17.666666666666668,2.333333333333333,166,21,8.20754716981132,9.0,-0.7924528301886795,0.0699999999999999,death,2,Wankhede Stadium,0.458,72,Royal Challengers Bangalore,Mumbai Indians,16,10,0,1,1.0,0.0,0,10.0,21.0,0.0,1.0,1.7924528301886795,1.096551724137931,2.1,18.0,8
335985,2007/08,17,5,149,4,6,107,13,17.833333333333332,2.1666666666666665,166,17,8.355140186915888,7.846153846153847,0.508986340762041,0.065,death,2,Wankhede Stadium,0.458,72,Royal Challengers Bangalore,Mumbai Indians,16,10,0,1,4.0,0.0,1,13.0,24.0,0.0,2.0,4.644859813084112,0.939081053175013,1.8307692307692307,15.692307692307692,8
335985,2007/08,17,6,155,4,6,108,12,18.0,2.0,166,11,8.61111111111111,5.5,3.1111111111111107,0.06,death,2,Wankhede Stadium,0.458,72,Royal Challengers Bangalore,Mumbai Indians,16,10,0,1,6.0,0.0,1,19.0,29.0,0.0,3.0,10.38888888888889,0.6387096774193549,1.2833333333333332,11.0,8
335985,2007/08,18,1,156,4,6,109,11,18.166666666666668,1.8333333333333333,166,10,8.587155963302752,5.454545454545455,3.1326105087572973,0.0549999999999999,death,2,Wankhede Stadium,0.458,72,Royal Challengers Bangalore,Mumbai Indians,16,10,0,1,1.0,0.0,0,14.0,24.0,0.0,2.0,5.412844036697248,0.6351981351981353,1.2727272727272727,10.90909090909091,8
335985,2007/08,18,2,160,4,6,110,10,18.33333333333333,1.6666666666666667,166,6,8.727272727272728,3.6,5.127272727272729,0.0499999999999999,death,2,Wankhede Stadium,0.458,72,Royal Challengers Bangalore,Mumbai Indians,16,10,0,1,4.0,0.0,1,17.0,27.0,0.0,3.0,8.272727272727272,0.4125,0.84,7.2,8
335985,2007/08,18,3,161,4,6,111,9,18.5,1.5,166,5,8.702702702702704,3.333333333333333,5.36936936936937,0.045,death,2,Wankhede Stadium,0.458,72,Royal Challengers Bangalore,Mumbai Indians,16,10,0,1,1.0,0.0,0,17.0,27.0,0.0,3.0,8.297297297297296,0.383022774327122,0.7777777777777778,6.666666666666666,8
335985,2007/08,18,4,161,5,5,112,8,18.666666666666668,1.3333333333333333,166,5,8.625,3.75,4.875,0.0333333333333333,death,2,Wankhede Stadium,0.458,72,Royal Challengers Bangalore,Mumbai Indians,16,10,0,1,0.0,1.0,0,16.0,26.0,1.0,3.0,7.375,0.4347826086956521,0.9375,7.5,10
335985,2007/08,18,5,163,5,5,113,7,18.83333333333333,1.1666666666666667,166,3,8.654867256637168,2.571428571428571,6.083438685208597,0.0291666666666666,death,2,Wankhede Stadium,0.458,72,Royal Challengers Bangalore,Mumbai Indians,16,10,0,1,2.0,0.0,0,14.0,27.0,1.0,2.0,5.345132743362832,0.2971078001752848,0.6428571428571428,5.142857142857142,10
335985,2007/08,18,6,163,5,5,114,6,19.0,1.0,166,3,8.578947368421053,3.0,5.578947368421053,0.025,death,2,Wankhede Stadium,0.458,72,Royal Challengers Bangalore,Mumbai Indians,16,10,0,1,0.0,0.0,0,8.0,27.0,1.0,1.0,-0.5789473684210531,0.3496932515337423,0.75,6.0,10
335985,2007/08,19,1,164,5,5,115,5,19.166666666666668,0.8333333333333334,166,2,8.556521739130435,2.4,6.156521739130435,0.0208333333333333,death,2,Wankhede Stadium,0.458,72,Royal Challengers Bangalore,Mumbai Indians,16,10,0,1,1.0,0.0,0,8.0,22.0,1.0,1.0,-0.5565217391304351,0.2804878048780487,0.6000000000000001,4.8,10
335985,2007/08,19,2,165,5,5,115,5,19.166666666666668,0.8333333333333334,166,1,8.608695652173912,1.2,7.408695652173912,0.0208333333333333,death,2,Wankhede Stadium,0.458,72,Royal Challengers Bangalore,Mumbai Indians,16,10,0,1,1.0,0.0,0,5.0,22.0,1.0,0.0,-3.608695652173912,0.1393939393939394,0.3,2.4,10
335985,2007/08,19,3,165,5,5,116,4,19.33333333333333,0.6666666666666666,166,1,8.53448275862069,1.5,7.03448275862069,0.0166666666666666,death,2,Wankhede Stadium,0.458,72,Royal Challengers Bangalore,Mumbai Indians,16,10,0,1,0.0,0.0,0,4.0,21.0,1.0,0.0,-4.53448275862069,0.1757575757575757,0.375,3.0,10
335985,2007/08,19,4,165,5,5,117,3,19.5,0.5,166,1,8.461538461538462,2.0,6.461538461538462,0.0125,death,2,Wankhede Stadium,0.458,72,Royal Challengers Bangalore,Mumbai Indians,16,10,0,1,0.0,0.0,0,4.0,20.0,1.0,0.0,-4.461538461538462,0.2363636363636363,0.5,4.0,10
335985,2007/08,19,5,166,5,5,118,2,19.666666666666668,0.3333333333333333,166,0,8.440677966101694,0.0,8.440677966101694,0.0083333333333333,death,2,Wankhede Stadium,0.458,72,Royal Challengers Bangalore,Mumbai Indians,16,10,0,1,1.0,0.0,0,3.0,17.0,1.0,0.0,-5.440677966101694,0.0,0.0,0.0,10
335986,2007/08,0,1,1,0,10,1,119,0.1666666666666666,19.83333333333333,111,110,6.0,5.546218487394959,0.4537815126050413,0.9916666666666668,powerplay,0,Eden Gardens,0.562,73,Kolkata Knight Riders,Deccan Chargers,8,1,0,1,1.0,0.0,0,1.0,1.0,0.0,0.0,-5.0,0.9243697478991598,0.9243697478991596,0.0,0
335986,2007/08,0,2,5,0,10,2,118,0.3333333333333333,19.666666666666668,111,106,15.0,5.389830508474576,9.610169491525424,0.9833333333333332,powerplay,0,Eden Gardens,0.562,73,Kolkata Knight Riders,Deccan Chargers,8,1,0,1,4.0,0.0,1,5.0,5.0,0.0,1.0,-10.0,0.3593220338983051,0.8983050847457628,0.0,0
335986,2007/08,0,3,5,0,10,3,117,0.5,19.5,111,106,10.0,5.435897435897436,4.564102564102564,0.975,powerplay,0,Eden Gardens,0.562,73,Kolkata Knight Riders,Deccan Chargers,8,1,0,1,0.0,0.0,0,5.0,5.0,0.0,1.0,-5.0,0.5435897435897437,0.905982905982906,0.0,0
335986,2007/08,0,4,6,0,10,4,116,0.6666666666666666,19.33333333333333,111,105,9.0,5.431034482758621,3.568965517241379,0.9666666666666668,powerplay,0,Eden Gardens,0.562,73,Kolkata Knight Riders,Deccan Chargers,8,1,0,1,1.0,0.0,0,6.0,6.0,0.0,1.0,-3.0,0.603448275862069,0.9051724137931034,0.0,0
335986,2007/08,0,5,6,0,10,5,115,0.8333333333333334,19.166666666666668,111,105,7.199999999999999,5.478260869565217,1.7217391304347824,0.9583333333333334,powerplay,0,Eden Gardens,0.562,73,Kolkata Knight Riders,Deccan Chargers,8,1,0,1,0.0,0.0,0,6.0,6.0,0.0,1.0,-1.1999999999999993,0.7608695652173914,0.9130434782608696,0.0,0
335986,2007/08,0,6,6,0,10,6,114,1.0,19.0,111,105,6.0,5.526315789473684,0.4736842105263159,0.95,powerplay,0,Eden Gardens,0.562,73,Kolkata Knight Riders,Deccan Chargers,8,1,0,1,0.0,0.0,0,6.0,6.0,0.0,1.0,0.0,0.9210526315789472,0.9210526315789472,0.0,0
335986,2007/08,1,1,6,0,10,7,113,1.1666666666666667,18.83333333333333,111,105,5.142857142857142,5.575221238938053,-0.432364096080911,0.9416666666666668,powerplay,0,Eden Gardens,0.562,73,Kolkata Knight Riders,Deccan Chargers,8,1,0,1,0.0,0.0,0,5.0,6.0,0.0,1.0,-0.1428571428571423,1.0840707964601772,0.9292035398230089,0.0,0
335986,2007/08,1,2,6,1,9,8,112,1.3333333333333333,18.666666666666668,111,105,4.5,5.625,-1.125,0.8400000000000001,powerplay,0,Eden Gardens,0.562,73,Kolkata Knight Riders,Deccan Chargers,8,1,0,1,0.0,1.0,0,1.0,6.0,1.0,0.0,-3.5,1.25,1.03125,0.0,0
335986,2007/08,1,3,6,1,9,9,111,1.5,18.5,111,105,4.0,5.675675675675675,-1.6756756756756754,0.8325,powerplay,0,Eden Gardens,0.562,73,Kolkata Knight Riders,Deccan Chargers,8,1,0,1,0.0,0.0,0,1.0,6.0,1.0,0.0,-3.0,1.4189189189189189,1.0405405405405406,0.0,0
335986,2007/08,1,4,8,1,9,10,110,1.6666666666666667,18.33333333333333,111,103,4.8,5.618181818181818,-0.8181818181818183,0.825,powerplay,0,Eden Gardens,0.562,73,Kolkata Knight Riders,Deccan Chargers,8,1,0,1,2.0,0.0,0,2.0,8.0,1.0,0.0,-2.8,1.1704545454545454,1.03,0.0,0
335986,2007/08,1,5,12,1,9,11,109,1.8333333333333333,18.166666666666668,111,99,6.545454545454546,5.4495412844036695,1.0959132610508764,0.8175,powerplay,0,Eden Gardens,0.562,73,Kolkata Knight Riders,Deccan Chargers,8,1,0,1,4.0,0.0,1,6.0,12.0,1.0,1.0,-0.5454545454545459,0.8325688073394495,0.9990825688073396,0.0,0
335986,2007/08,1,6,16,1,9,12,108,2.0,18.0,111,95,8.0,5.277777777777778,2.7222222222222223,0.81,powerplay,0,Eden Gardens,0.562,73,Kolkata Knight Riders,Deccan Chargers,8,1,0,1,4.0,0.0,1,10.0,16.0,1.0,2.0,2.0,0.6597222222222222,0.9675925925925928,0.0,0
335986,2007/08,2,1,16,2,8,13,107,2.1666666666666665,17.833333333333332,111,95,7.384615384615385,5.327102803738318,2.057512580877068,0.7133333333333334,powerplay,0,Eden Gardens,0.562,73,Kolkata Knight Riders,Deccan Chargers,8,1,0,1,0.0,1.0,0,10.0,15.0,2.0,2.0,2.615384615384615,0.7213785046728971,1.0654205607476634,0.0,0
335986,2007/08,2,2,16,2,8,14,106,2.333333333333333,17.666666666666668,111,95,6.857142857142857,5.377358490566038,1.479784366576819,0.7066666666666667,powerplay,0,Eden Gardens,0.562,73,Kolkata Knight Riders,Deccan Chargers,8,1,0,1,0.0,0.0,0,10.0,11.0,2.0,2.0,3.1428571428571432,0.7841981132075472,1.0754716981132075,0.0,0
335986,2007/08,2,3,17,2,8,15,105,2.5,17.5,111,94,6.8,5.371428571428571,1.4285714285714288,0.7000000000000001,powerplay,0,Eden Gardens,0.562,73,Kolkata Knight Riders,Deccan Chargers,8,1,0,1,1.0,0.0,0,11.0,12.0,2.0,2.0,4.2,0.7899159663865546,1.0742857142857145,0.0,0
335986,2007/08,2,4,17,2,8,16,104,2.6666666666666665,17.333333333333332,111,94,6.375,5.423076923076923,0.9519230769230766,0.6933333333333334,powerplay,0,Eden Gardens,0.562,73,Kolkata Knight Riders,Deccan Chargers,8,1,0,1,0.0,0.0,0,9.0,11.0,2.0,2.0,2.625,0.8506787330316743,1.0846153846153843,0.0,0
335986,2007/08,2,5,17,2,8,17,103,2.833333333333333,17.166666666666668,111,94,6.0,5.475728155339805,0.5242718446601948,0.6866666666666666,powerplay,0,Eden Gardens,0.562,73,Kolkata Knight Riders,Deccan Chargers,8,1,0,1,0.0,0.0,0,5.0,11.0,2.0,1.0,-1.0,0.9126213592233008,1.0951456310679613,0.0,0
335986,2007/08,2,6,18,2,8,18,102,3.0,17.0,111,93,6.0,5.470588235294118,0.5294117647058822,0.68,powerplay,0,Eden Gardens,0.562,73,Kolkata Knight Riders,Deccan Chargers,8,1,0,1,1.0,0.0,0,2.0,12.0,2.0,0.0,-4.0,0.9117647058823528,1.0941176470588234,0.0,0
335986,2007/08,3,1,18,2,8,19,101,3.1666666666666665,16.833333333333332,111,93,5.684210526315789,5.524752475247525,0.1594580510682641,0.6733333333333333,powerplay,0,Eden Gardens,0.562,73,Kolkata Knight Riders,Deccan Chargers,8,1,0,1,0.0,0.0,0,2.0,12.0,2.0,0.0,-3.684210526315789,0.971947194719472,1.104950495049505,0.0,0
335986,2007/08,3,2,18,2,8,20,100,3.333333333333333,16.666666666666668,111,93,5.4,5.579999999999999,-0.1799999999999997,0.6666666666666667,powerplay,0,Eden Gardens,0.562,73,Kolkata Knight Riders,Deccan Chargers,8,1,0,1,0.0,0.0,0,2.0,12.0,1.0,0.0,-3.4000000000000004,1.0333333333333332,1.116,0.0,0
335986,2007/08,3,3,19,2,8,21,99,3.5,16.5,111,92,5.428571428571429,5.575757575757576,-0.1471861471861473,0.66,powerplay,0,Eden Gardens,0.562,73,Kolkata Knight Riders,Deccan Chargers,8,1,0,1,1.0,0.0,0,2.0,13.0,1.0,0.0,-3.428571428571429,1.0271132376395535,1.115151515151515,0.0,0
335986,2007/08,3,4,20,2,8,22,98,3.6666666666666665,16.333333333333332,111,91,5.454545454545455,5.571428571428572,-0.116883116883117,0.6533333333333333,powerplay,0,Eden Gardens,0.562,73,Kolkata Knight Riders,Deccan Chargers,8,1,0,1,1.0,0.0,0,3.0,12.0,1.0,0.0,-2.454545454545455,1.0214285714285714,1.1142857142857143,0.0,0
335986,2007/08,3,5,20,2,8,23,97,3.8333333333333335,16.166666666666668,111,91,5.217391304347826,5.628865979381443,-0.4114746750336167,0.6466666666666667,powerplay,0,Eden Gardens,0.562,73,Kolkata Knight Riders,Deccan Chargers,8,1,0,1,0.0,0.0,0,3.0,8.0,1.0,0.0,-2.217391304347826,1.0788659793814432,1.1257731958762889,0.0,0
335986,2007/08,3,6,21,2,8,24,96,4.0,16.0,111,90,5.25,5.625,-0.375,0.6400000000000001,powerplay,0,Eden Gardens,0.562,73,Kolkata Knight Riders,Deccan Chargers,8,1,0,1,1.0,0.0,0,3.0,5.0,1.0,0.0,-2.25,1.0714285714285714,1.125,0.0,0
335986,2007/08,4,1,21,2,8,25,95,4.166666666666667,15.833333333333334,111,90,5.04,5.684210526315789,-0.6442105263157893,0.6333333333333333,powerplay,0,Eden Gardens,0.562,73,Kolkata Knight Riders,Deccan Chargers,8,1,0,1,0.0,0.0,0,3.0,5.0,0.0,0.0,-2.04,1.1278195488721805,1.136842105263158,0.0,0
335986,2007/08,4,2,21,3,7,26,94,4.333333333333333,15.666666666666666,111,90,4.846153846153847,5.74468085106383,-0.8985270049099832,0.5483333333333333,powerplay,0,Eden Gardens,0.562,73,Kolkata Knight Riders,Deccan Chargers,8,1,0,1,0.0,1.0,0,3.0,5.0,1.0,0.0,-1.8461538461538467,1.1854103343465043,1.24468085106383,0.0,0
335986,2007/08,4,3,21,3,7,27,93,4.5,15.5,111,90,4.666666666666667,5.806451612903226,-1.139784946236559,0.5425,powerplay,0,Eden Gardens,0.562,73,Kolkata Knight Riders,Deccan Chargers,8,1,0,1,0.0,0.0,0,2.0,4.0,1.0,0.0,-2.666666666666667,1.2442396313364057,1.2580645161290325,0.0,0
335986,2007/08,4,4,22,3,7,28,92,4.666666666666667,15.333333333333334,111,89,4.714285714285714,5.804347826086956,-1.0900621118012417,0.5366666666666666,powerplay,0,Eden Gardens,0.562,73,Kolkata Knight Riders,Deccan Chargers,8,1,0,1,1.0,0.0,0,2.0,5.0,1.0,0.0,-2.7142857142857144,1.2312252964426875,1.257608695652174,0.0,0
335986,2007/08,4,5,22,3,7,29,91,4.833333333333333,15.166666666666666,111,89,4.551724137931035,5.868131868131869,-1.316407730200834,0.5308333333333333,powerplay,0,Eden Gardens,0.562,73,Kolkata Knight Riders,Deccan Chargers,8,1,0,1,0.0,0.0,0,2.0,5.0,1.0,0.0,-2.5517241379310347,1.2892107892107894,1.2714285714285714,0.0,0
335986,2007/08,4,6,23,3,7,30,90,5.0,15.0,111,88,4.6,5.866666666666666,-1.2666666666666666,0.5249999999999999,powerplay,0,Eden Gardens,0.562,73,Kolkata Knight Riders,Deccan Chargers,8,1,0,1,1.0,0.0,0,2.0,5.0,1.0,0.0,-2.6,1.2753623188405798,1.271111111111111,0.0,0
335986,2007/08,5,1,24,3,7,31,89,5.166666666666667,14.833333333333334,111,87,4.64516129032258,5.865168539325842,-1.2200072490032623,0.5191666666666667,powerplay,0,Eden Gardens,0.562,73,Kolkata Knight Riders,Deccan Chargers,8,1,0,1,1.0,0.0,0,3.0,6.0,1.0,0.0,-1.64516129032258,1.2626404494382024,1.2707865168539323,0.0,0
335986,2007/08,5,2,24,3,7,32,88,5.333333333333333,14.666666666666666,111,87,4.5,5.931818181818182,-1.4318181818181817,0.5133333333333333,powerplay,0,Eden Gardens,0.562,73,Kolkata Knight Riders,Deccan Chargers,8,1,0,1,0.0,0.0,0,3.0,6.0,1.0,0.0,-1.5,1.318181818181818,1.2852272727272729,0.0,0
335986,2007/08,5,3,24,3,7,33,87,5.5,14.5,111,87,4.363636363636363,6.0,-1.636363636363637,0.5075,powerplay,0,Eden Gardens,0.562,73,Kolkata Knight Riders,Deccan Chargers,8,1,0,1,0.0,0.0,0,3.0,5.0,1.0,0.0,-1.363636363636363,1.375,1.3,0.0,0
335986,2007/08,5,4,24,3,7,34,86,5.666666666666667,14.333333333333334,111,87,4.235294117647059,6.069767441860465,-1.8344733242134064,0.5016666666666666,powerplay,0,Eden Gardens,0.562,73,Kolkata Knight Riders,Deccan Chargers,8,1,0,1,0.0,0.0,0,2.0,4.0,1.0,0.0,-2.235294117647059,1.433139534883721,1.3151162790697677,0.0,0
335986,2007/08,5,5,25,3,7,35,85,5.833333333333333,14.166666666666666,111,86,4.285714285714286,6.070588235294118,-1.7848739495798327,0.4958333333333333,powerplay,0,Eden Gardens,0.562,73,Kolkata Knight Riders,Deccan Chargers,8,1,0,1,1.0,0.0,0,3.0,5.0,1.0,0.0,-1.2857142857142856,1.4164705882352944,1.3152941176470587,0.0,0
335986,2007/08,5,6,26,3,7,36,84,6.0,14.0,111,85,4.333333333333333,6.071428571428571,-1.738095238095238,0.4899999999999999,powerplay,0,Eden Gardens,0.562,73,Kolkata Knight Riders,Deccan Chargers,8,1,0,1,1.0,0.0,0,3.0,5.0,1.0,0.0,-1.333333333333333,1.4010989010989012,1.3154761904761905,0.0,0
335986,2007/08,6,1,26,3,7,37,83,6.166666666666667,13.833333333333334,111,85,4.216216216216216,6.144578313253012,-1.9283620970367965,0.4841666666666666,middle,1,Eden Gardens,0.562,73,Kolkata Knight Riders,Deccan Chargers,8,1,0,1,0.0,0.0,0,2.0,5.0,1.0,0.0,-2.216216216216216,1.457367933271548,1.3313253012048194,6.144578313253012,3
335986,2007/08,6,2,26,3,7,38,82,6.333333333333333,13.666666666666666,111,85,4.105263157894737,6.219512195121951,-2.1142490372272142,0.4783333333333333,middle,1,Eden Gardens,0.562,73,Kolkata Knight Riders,Deccan Chargers,8,1,0,1,0.0,0.0,0,2.0,5.0,0.0,0.0,-2.105263157894737,1.5150093808630394,1.3475609756097562,6.219512195121951,3
335986,2007/08,6,3,26,3,7,39,81,6.5,13.5,111,85,4.0,6.296296296296297,-2.2962962962962967,0.4725,middle,1,Eden Gardens,0.562,73,Kolkata Knight Riders,Deccan Chargers,8,1,0,1,0.0,0.0,0,2.0,5.0,0.0,0.0,-2.0,1.5740740740740742,1.3641975308641976,6.296296296296297,3
335986,2007/08,6,4,31,3,7,39,81,6.5,13.5,111,80,4.769230769230769,5.925925925925926,-1.1566951566951564,0.4725,middle,1,Eden Gardens,0.562,73,Kolkata Knight Riders,Deccan Chargers,8,1,0,1,5.0,0.0,1,7.0,9.0,0.0,1.0,2.230769230769231,1.2425328554360813,1.2839506172839503,5.925925925925926,3
335986,2007/08,6,5,31,3,7,40,80,6.666666666666667,13.333333333333334,111,80,4.65,6.0,-1.3500000000000003,0.4666666666666666,middle,1,Eden Gardens,0.562,73,Kolkata Knight Riders,Deccan Chargers,8,1,0,1,0.0,0.0,0,6.0,9.0,0.0,1.0,1.3499999999999996,1.2903225806451613,1.3,6.0,3
335986,2007/08,6,6,32,3,7,41,79,6.833333333333333,13.166666666666666,111,79,4.682926829268293,6.0,-1.3170731707317067,0.4608333333333333,middle,1,Eden Gardens,0.562,73,Kolkata Knight Riders,Deccan Chargers,8,1,0,1,1.0,0.0,0,6.0,9.0,0.0,1.0,1.3170731707317067,1.2812499999999998,1.3,6.0,3
335986,2007/08,6,7,33,3,7,42,78,7.0,13.0,111,78,4.714285714285714,6.0,-1.2857142857142856,0.4549999999999999,middle,1,Eden Gardens,0.562,73,Kolkata Knight Riders,Deccan Chargers,8,1,0,1,1.0,0.0,0,7.0,9.0,0.0,1.0,2.2857142857142856,1.2727272727272727,1.3,6.0,3
335986,2007/08,7,1,33,3,7,43,77,7.166666666666667,12.833333333333334,111,78,4.604651162790698,6.077922077922078,-1.47327091513138,0.4491666666666666,middle,1,Eden Gardens,0.562,73,Kolkata Knight Riders,Deccan Chargers,8,1,0,1,0.0,0.0,0,7.0,9.0,0.0,1.0,2.395348837209302,1.319952774498229,1.3168831168831168,6.077922077922078,3
335986,2007/08,7,2,34,3,7,44,76,7.333333333333333,12.666666666666666,111,77,4.636363636363637,6.078947368421053,-1.4425837320574164,0.4433333333333333,middle,1,Eden Gardens,0.562,73,Kolkata Knight Riders,Deccan Chargers,8,1,0,1,1.0,0.0,0,8.0,10.0,0.0,1.0,3.3636363636363638,1.3111455108359134,1.3171052631578948,6.078947368421053,3
335986,2007/08,7,3,34,3,7,45,75,7.5,12.5,111,77,4.533333333333333,6.16,-1.626666666666667,0.4375,middle,1,Eden Gardens,0.562,73,Kolkata Knight Riders,Deccan Chargers,8,1,0,1,0.0,0.0,0,3.0,10.0,0.0,0.0,-1.5333333333333332,1.3588235294117648,1.334666666666667,6.16,3
335986,2007/08,7,4,34,3,7,46,74,7.666666666666667,12.333333333333334,111,77,4.434782608695652,6.243243243243243,-1.8084606345475909,0.4316666666666666,middle,1,Eden Gardens,0.562,73,Kolkata Knight Riders,Deccan Chargers,8,1,0,1,0.0,0.0,0,3.0,9.0,0.0,0.0,-1.4347826086956523,1.4077901430842603,1.3527027027027028,6.243243243243243,3
335986,2007/08,7,5,34,3,7,47,73,7.833333333333333,12.166666666666666,111,77,4.340425531914894,6.328767123287672,-1.9883415913727776,0.4258333333333333,middle,1,Eden Gardens,0.562,73,Kolkata Knight Riders,Deccan Chargers,8,1,0,1,0.0,0.0,0,2.0,8.0,0.0,0.0,-2.340425531914894,1.458098307816277,1.3712328767123287,6.328767123287672,3
335986,2007/08,7,6,34,3,7,48,72,8.0,12.0,111,77,4.25,6.416666666666667,-2.166666666666667,0.42,middle,1,Eden Gardens,0.562,73,Kolkata Knight Riders,Deccan Chargers,8,1,0,1,0.0,0.0,0,1.0,8.0,0.0,0.0,-3.25,1.5098039215686274,1.3902777777777775,6.416666666666667,3
335986,2007/08,8,1,34,3,7,49,71,8.166666666666666,11.833333333333334,111,77,4.163265306122449,6.507042253521126,-2.343776947398677,0.4141666666666666,middle,1,Eden Gardens,0.562,73,Kolkata Knight Riders,Deccan Chargers,8,1,0,1,0.0,0.0,0,1.0,8.0,0.0,0.0,-3.163265306122449,1.5629660314830156,1.4098591549295776,6.507042253521126,3
335986,2007/08,8,2,34,3,7,50,70,8.333333333333334,11.666666666666666,111,77,4.08,6.6000000000000005,-2.5200000000000005,0.4083333333333333,middle,1,Eden Gardens,0.562,73,Kolkata Knight Riders,Deccan Chargers,8,1,0,1,0.0,0.0,0,0.0,8.0,0.0,0.0,-4.08,1.6176470588235294,1.4300000000000002,6.6000000000000005,3
335986,2007/08,8,3,34,3,7,51,69,8.5,11.5,111,77,4.0,6.695652173913044,-2.695652173913044,0.4024999999999999,middle,1,Eden Gardens,0.562,73,Kolkata Knight Riders,Deccan Chargers,8,1,0,1,0.0,0.0,0,0.0,3.0,0.0,0.0,-4.0,1.673913043478261,1.4507246376811596,6.695652173913044,3
335986,2007/08,8,4,35,3,7,51,69,8.5,11.5,111,76,4.117647058823529,6.608695652173913,-2.491048593350384,0.4024999999999999,middle,1,Eden Gardens,0.562,73,Kolkata Knight Riders,Deccan Chargers,8,1,0,1,1.0,0.0,0,1.0,4.0,0.0,0.0,-3.117647058823529,1.604968944099379,1.4318840579710146,6.608695652173913,3
335986,2007/08,8,5,35,3,7,52,68,8.666666666666666,11.333333333333334,111,76,4.038461538461538,6.705882352941176,-2.6674208144796374,0.3966666666666666,middle,1,Eden Gardens,0.562,73,Kolkata Knight Riders,Deccan Chargers,8,1,0,1,0.0,0.0,0,1.0,3.0,0.0,0.0,-3.0384615384615383,1.660504201680672,1.4529411764705884,6.705882352941176,3
335986,2007/08,8,6,35,3,7,53,67,8.833333333333334,11.166666666666666,111,76,3.962264150943396,6.8059701492537314,-2.843705998310336,0.3908333333333333,middle,1,Eden Gardens,0.562,73,Kolkata Knight Riders,Deccan Chargers,8,1,0,1,0.0,0.0,0,1.0,2.0,0.0,0.0,-2.962264150943396,1.7176972281449896,1.4746268656716417,6.8059701492537314,3
335986,2007/08,8,7,35,3,7,54,66,9.0,11.0,111,76,3.888888888888889,6.909090909090909,-3.0202020202020203,0.385,middle,1,Eden Gardens,0.562,73,Kolkata Knight Riders,Deccan Chargers,8,1,0,1,0.0,0.0,0,1.0,2.0,0.0,0.0,-2.888888888888889,1.7766233766233768,1.496969696969697,6.909090909090909,3
335986,2007/08,9,1,37,3,7,55,65,9.166666666666666,10.833333333333334,111,74,4.036363636363637,6.830769230769231,-2.794405594405593,0.3791666666666666,middle,1,Eden Gardens,0.562,73,Kolkata Knight Riders,Deccan Chargers,8,1,0,1,2.0,0.0,0,3.0,3.0,0.0,0.0,-1.036363636363637,1.692307692307692,1.48,6.830769230769231,3
335986,2007/08,9,2,37,3,7,56,64,9.333333333333334,10.666666666666666,111,74,3.964285714285714,6.9375,-2.973214285714286,0.3733333333333333,middle,1,Eden Gardens,0.562,73,Kolkata Knight Riders,Deccan Chargers,8,1,0,1,0.0,0.0,0,3.0,3.0,0.0,0.0,-0.964285714285714,1.7500000000000002,1.503125,6.9375,3
335986,2007/08,9,3,38,3,7,56,64,9.333333333333334,10.666666666666666,111,73,4.071428571428571,6.84375,-2.772321428571429,0.3733333333333333,middle,1,Eden Gardens,0.562,73,Kolkata Knight Riders,Deccan Chargers,8,1,0,1,1.0,0.0,0,3.0,4.0,0.0,0.0,-1.0714285714285712,1.680921052631579,1.4828125,6.84375,3
335986,2007/08,9,4,38,3,7,57,63,9.5,10.5,111,73,4.0,6.9523809523809526,-2.952380952380953,0.3675,middle,1,Eden Gardens,0.562,73,Kolkata Knight Riders,Deccan Chargers,8,1,0,1,0.0,0.0,0,3.0,4.0,0.0,0.0,-1.0,1.738095238095238,1.5063492063492063,6.9523809523809526,3
335986,2007/08,9,5,38,3,7,58,62,9.666666666666666,10.333333333333334,111,73,3.931034482758621,7.064516129032258,-3.133481646273637,0.3616666666666667,middle,1,Eden Gardens,0.562,73,Kolkata Knight Riders,Deccan Chargers,8,1,0,1,0.0,0.0,0,3.0,4.0,0.0,0.0,-0.931034482758621,1.797113752122241,1.530645161290323,7.064516129032258,3
335986,2007/08,9,6,38,3,7,59,61,9.833333333333334,10.166666666666666,111,73,3.864406779661017,7.180327868852459,-3.3159210891914426,0.3558333333333333,middle,1,Eden Gardens,0.562,73,Kolkata Knight Riders,Deccan Chargers,8,1,0,1,0.0,0.0,0,3.0,4.0,0.0,0.0,-0.8644067796610169,1.8580672993960312,1.5557377049180328,7.180327868852459,3
335986,2007/08,9,7,38,3,7,60,60,10.0,10.0,111,73,3.8,7.3,-3.5,0.35,middle,1,Eden Gardens,0.562,73,Kolkata Knight Riders,Deccan Chargers,8,1,0,1,0.0,0.0,0,1.0,4.0,0.0,0.0,-2.8,1.9210526315789476,1.5816666666666666,7.3,3
335986,2007/08,10,1,38,3,7,61,59,10.166666666666666,9.833333333333334,111,73,3.737704918032787,7.423728813559322,-3.686023895526535,0.3441666666666666,middle,1,Eden Gardens,0.562,73,Kolkata Knight Riders,Deccan Chargers,8,1,0,1,0.0,0.0,0,1.0,4.0,0.0,0.0,-2.737704918032787,1.986173059768064,1.6084745762711865,7.423728813559322,3
335986,2007/08,10,2,38,3,7,62,58,10.333333333333334,9.666666666666666,111,73,3.6774193548387095,7.551724137931035,-3.874304783092325,0.3383333333333333,middle,1,Eden Gardens,0.562,73,Kolkata Knight Riders,Deccan Chargers,8,1,0,1,0.0,0.0,0,0.0,3.0,0.0,0.0,-3.6774193548387095,2.0535390199637025,1.6362068965517242,7.551724137931035,3
335986,2007/08,10,3,44,3,7,63,57,10.5,9.5,111,67,4.190476190476191,7.052631578947368,-2.862155388471177,0.3324999999999999,middle,1,Eden Gardens,0.562,73,Kolkata Knight Riders,Deccan Chargers,8,1,0,1,6.0,0.0,1,6.0,9.0,0.0,1.0,1.809523809523809,1.6830143540669855,1.5280701754385966,7.052631578947368,3
335986,2007/08,10,4,44,3,7,64,56,10.666666666666666,9.333333333333334,111,67,4.125,7.178571428571428,-3.053571428571428,0.3266666666666666,middle,1,Eden Gardens,0.562,73,Kolkata Knight Riders,Deccan Chargers,8,1,0,1,0.0,0.0,0,6.0,9.0,0.0,1.0,1.875,1.7402597402597402,1.5553571428571429,7.178571428571428,3
335986,2007/08,10,5,45,3,7,65,55,10.833333333333334,9.166666666666666,111,66,4.153846153846153,7.2,-3.046153846153847,0.3208333333333333,middle,1,Eden Gardens,0.562,73,Kolkata Knight Riders,Deccan Chargers,8,1,0,1,1.0,0.0,0,7.0,10.0,0.0,1.0,2.8461538461538467,1.7333333333333336,1.56,7.2,3
335986,2007/08,10,6,49,3,7,66,54,11.0,9.0,111,62,4.454545454545454,6.888888888888889,-2.434343434343435,0.315,middle,1,Eden Gardens,0.562,73,Kolkata Knight Riders,Deccan Chargers,8,1,0,1,4.0,0.0,1,11.0,12.0,0.0,2.0,6.545454545454546,1.5464852607709754,1.4925925925925927,6.888888888888889,3
335986,2007/08,11,1,49,3,7,67,53,11.166666666666666,8.833333333333334,111,62,4.388059701492538,7.018867924528301,-2.6308082230357632,0.3091666666666666,middle,1,Eden Gardens,0.562,73,Kolkata Knight Riders,Deccan Chargers,8,1,0,1,0.0,0.0,0,11.0,12.0,0.0,2.0,6.611940298507462,1.5995379283788984,1.5207547169811322,7.018867924528301,3
335986,2007/08,11,2,53,3,7,68,52,11.333333333333334,8.666666666666666,111,58,4.6764705882352935,6.6923076923076925,-2.015837104072399,0.3033333333333333,middle,1,Eden Gardens,0.562,73,Kolkata Knight Riders,Deccan Chargers,8,1,0,1,4.0,0.0,1,15.0,15.0,0.0,3.0,10.323529411764708,1.4310595065312048,1.4500000000000002,6.6923076923076925,3
335986,2007/08,11,3,54,3,7,69,51,11.5,8.5,111,57,4.695652173913044,6.705882352941177,-2.0102301790281327,0.2975,middle,1,Eden Gardens,0.562,73,Kolkata Knight Riders,Deccan Chargers,8,1,0,1,1.0,0.0,0,10.0,16.0,0.0,2.0,5.304347826086956,1.4281045751633985,1.4529411764705884,6.705882352941177,3
335986,2007/08,11,4,55,3,7,69,51,11.5,8.5,111,56,4.782608695652174,6.588235294117647,-1.805626598465473,0.2975,middle,1,Eden Gardens,0.562,73,Kolkata Knight Riders,Deccan Chargers,8,1,0,1,1.0,0.0,0,11.0,17.0,0.0,2.0,6.217391304347826,1.3775401069518716,1.4274509803921571,6.588235294117647,3
335986,2007/08,11,5,60,3,7,69,51,11.5,8.5,111,51,5.217391304347826,6.0,-0.7826086956521738,0.2975,middle,1,Eden Gardens,0.562,73,Kolkata Knight Riders,Deccan Chargers,8,1,0,1,5.0,0.0,1,15.0,22.0,0.0,3.0,9.782608695652174,1.15,1.3,6.0,3
335986,2007/08,11,6,61,3,7,70,50,11.666666666666666,8.333333333333334,111,50,5.228571428571429,6.0,-0.7714285714285714,0.2916666666666667,middle,1,Eden Gardens,0.562,73,Kolkata Knight Riders,Deccan Chargers,8,1,0,1,1.0,0.0,0,12.0,23.0,0.0,2.0,6.771428571428571,1.147540983606557,1.3,6.0,3
335986,2007/08,11,7,62,3,7,71,49,11.833333333333334,8.166666666666666,111,49,5.23943661971831,6.0,-0.76056338028169,0.2858333333333333,middle,1,Eden Gardens,0.562,73,Kolkata Knight Riders,Deccan Chargers,8,1,0,1,1.0,0.0,0,13.0,24.0,0.0,2.0,7.76056338028169,1.1451612903225803,1.3,6.0,3
335986,2007/08,11,8,63,3,7,71,49,11.833333333333334,8.166666666666666,111,48,5.323943661971831,5.877551020408164,-0.5536073584363326,0.2858333333333333,middle,1,Eden Gardens,0.562,73,Kolkata Knight Riders,Deccan Chargers,8,1,0,1,1.0,0.0,0,10.0,25.0,0.0,1.0,4.676056338028169,1.1039844509232264,1.273469387755102,5.877551020408164,3
335986,2007/08,11,9,64,3,7,72,48,12.0,8.0,111,47,5.333333333333333,5.875,-0.541666666666667,0.2799999999999999,middle,1,Eden Gardens,0.562,73,Kolkata Knight Riders,Deccan Chargers,8,1,0,1,1.0,0.0,0,10.0,20.0,0.0,1.0,4.666666666666667,1.1015625,1.2729166666666667,5.875,3
335986,2007/08,12,1,65,3,7,72,48,12.0,8.0,111,46,5.416666666666667,5.75,-0.333333333333333,0.2799999999999999,middle,1,Eden Gardens,0.562,73,Kolkata Knight Riders,Deccan Chargers,8,1,0,1,1.0,0.0,0,10.0,21.0,0.0,1.0,4.583333333333333,1.0615384615384615,1.2458333333333331,5.75,3
335986,2007/08,12,2,65,3,7,73,47,12.166666666666666,7.833333333333333,111,46,5.342465753424658,5.872340425531915,-0.5298746721072574,0.2741666666666666,middle,1,Eden Gardens,0.562,73,Kolkata Knight Riders,Deccan Chargers,8,1,0,1,0.0,0.0,0,5.0,20.0,0.0,0.0,-0.3424657534246575,1.0991816693944354,1.2723404255319148,5.872340425531915,3
335986,2007/08,12,3,65,3,7,74,46,12.333333333333334,7.666666666666667,111,46,5.27027027027027,6.0,-0.7297297297297298,0.2683333333333333,middle,1,Eden Gardens,0.562,73,Kolkata Knight Riders,Deccan Chargers,8,1,0,1,0.0,0.0,0,4.0,16.0,0.0,0.0,-1.2702702702702702,1.1384615384615384,1.3,6.0,3
335986,2007/08,12,4,66,3,7,75,45,12.5,7.5,111,45,5.28,6.0,-0.7199999999999998,0.2624999999999999,middle,1,Eden Gardens,0.562,73,Kolkata Knight Riders,Deccan Chargers,8,1,0,1,1.0,0.0,0,4.0,17.0,0.0,0.0,-1.2800000000000002,1.1363636363636362,1.3,6.0,3
335986,2007/08,12,5,67,3,7,75,45,12.5,7.5,111,44,5.36,5.866666666666666,-0.5066666666666659,0.2624999999999999,middle,1,Eden Gardens,0.562,73,Kolkata Knight Riders,Deccan Chargers,8,1,0,1,1.0,0.0,0,4.0,14.0,0.0,0.0,-1.3600000000000003,1.0945273631840795,1.271111111111111,5.866666666666666,3
335986,2007/08,12,6,67,3,7,76,44,12.666666666666666,7.333333333333333,111,44,5.289473684210527,6.0,-0.7105263157894735,0.2566666666666666,middle,1,Eden Gardens,0.562,73,Kolkata Knight Riders,Deccan Chargers,8,1,0,1,0.0,0.0,0,3.0,13.0,0.0,0.0,-2.2894736842105274,1.134328358208955,1.3,6.0,3
335986,2007/08,12,7,68,3,7,77,43,12.833333333333334,7.166666666666667,111,43,5.298701298701299,6.0,-0.7012987012987013,0.2508333333333333,middle,1,Eden Gardens,0.562,73,Kolkata Knight Riders,Deccan Chargers,8,1,0,1,1.0,0.0,0,3.0,13.0,0.0,0.0,-2.2987012987012987,1.1323529411764706,1.3,6.0,3
335986,2007/08,12,8,68,4,6,78,42,13.0,7.0,111,43,5.230769230769231,6.142857142857143,-0.9120879120879124,0.21,middle,1,Eden Gardens,0.562,73,Kolkata Knight Riders,Deccan Chargers,8,1,0,1,0.0,1.0,0,3.0,8.0,1.0,0.0,-2.230769230769231,1.1743697478991597,1.4333333333333331,6.142857142857143,4
335986,2007/08,13,1,69,4,6,79,41,13.166666666666666,6.833333333333333,111,42,5.2405063291139244,6.146341463414634,-0.9058351343007098,0.205,middle,1,Eden Gardens,0.562,73,Kolkata Knight Riders,Deccan Chargers,8,1,0,1,1.0,0.0,0,4.0,8.0,1.0,0.0,-1.2405063291139244,1.1728525980911984,1.4341463414634146,6.146341463414634,4
335986,2007/08,13,2,69,4,6,80,40,13.333333333333334,6.666666666666667,111,42,5.175,6.3,-1.125,0.1999999999999999,middle,1,Eden Gardens,0.562,73,Kolkata Knight Riders,Deccan Chargers,8,1,0,1,0.0,0.0,0,3.0,7.0,1.0,0.0,-2.175,1.2173913043478262,1.47,6.3,4
335986,2007/08,13,3,69,4,6,81,39,13.5,6.5,111,42,5.111111111111111,6.461538461538462,-1.350427350427351,0.195,middle,1,Eden Gardens,0.562,73,Kolkata Knight Riders,Deccan Chargers,8,1,0,1,0.0,0.0,0,2.0,6.0,1.0,0.0,-3.1111111111111107,1.2642140468227423,1.5076923076923074,6.461538461538462,4
335986,2007/08,13,4,70,4,6,82,38,13.666666666666666,6.333333333333333,111,41,5.121951219512195,6.473684210526316,-1.3517329910141207,0.1899999999999999,middle,1,Eden Gardens,0.562,73,Kolkata Knight Riders,Deccan Chargers,8,1,0,1,1.0,0.0,0,3.0,6.0,1.0,0.0,-2.1219512195121952,1.2639097744360903,1.5105263157894735,6.473684210526316,4
335986,2007/08,13,5,71,4,6,83,37,13.833333333333334,6.166666666666667,111,40,5.132530120481928,6.486486486486486,-1.3539563660045584,0.185,middle,1,Eden Gardens,0.562,73,Kolkata Knight Riders,Deccan Chargers,8,1,0,1,1.0,0.0,0,3.0,6.0,1.0,0.0,-2.132530120481928,1.2637990102778835,1.5135135135135136,6.486486486486486,4
335986,2007/08,13,6,77,4,6,84,36,14.0,6.0,111,34,5.5,5.666666666666667,-0.1666666666666669,0.18,middle,1,Eden Gardens,0.562,73,Kolkata Knight Riders,Deccan Chargers,8,1,0,1,6.0,0.0,1,9.0,12.0,1.0,1.0,3.5,1.0303030303030305,1.3222222222222222,5.666666666666667,4
335986,2007/08,14,1,78,4,6,85,35,14.166666666666666,5.833333333333333,111,33,5.505882352941176,5.6571428571428575,-0.151260504201681,0.175,middle,1,Eden Gardens,0.562,73,Kolkata Knight Riders,Deccan Chargers,8,1,0,1,1.0,0.0,0,9.0,13.0,1.0,1.0,3.4941176470588244,1.0274725274725276,1.3199999999999998,5.6571428571428575,4
335986,2007/08,14,2,78,4,6,86,34,14.333333333333334,5.666666666666667,111,33,5.441860465116279,5.823529411764706,-0.3816689466484266,0.1699999999999999,middle,1,Eden Gardens,0.562,73,Kolkata Knight Riders,Deccan Chargers,8,1,0,1,0.0,0.0,0,9.0,12.0,1.0,1.0,3.558139534883721,1.0701357466063348,1.3588235294117643,5.823529411764706,4
335986,2007/08,14,3,79,4,6,87,33,14.5,5.5,111,32,5.448275862068965,5.818181818181818,-0.369905956112853,0.165,middle,1,Eden Gardens,0.562,73,Kolkata Knight Riders,Deccan Chargers,8,1,0,1,1.0,0.0,0,10.0,12.0,1.0,1.0,4.551724137931035,1.0678941311852703,1.3575757575757574,5.818181818181818,4
335986,2007/08,14,4,80,4,6,88,32,14.666666666666666,5.333333333333333,111,31,5.454545454545455,5.8125,-0.3579545454545449,0.16,middle,1,Eden Gardens,0.562,73,Kolkata Knight Riders,Deccan Chargers,8,1,0,1,1.0,0.0,0,10.0,13.0,1.0,1.0,4.545454545454545,1.0656249999999998,1.35625,5.8125,4
335986,2007/08,14,5,81,4,6,89,31,14.833333333333334,5.166666666666667,111,30,5.46067415730337,5.806451612903225,-0.3457774555998547,0.155,middle,1,Eden Gardens,0.562,73,Kolkata Knight Riders,Deccan Chargers,8,1,0,1,1.0,0.0,0,10.0,13.0,1.0,1.0,4.53932584269663,1.063321385902031,1.3548387096774193,5.806451612903225,4
335986,2007/08,14,6,81,4,6,90,30,15.0,5.0,111,30,5.4,6.0,-0.5999999999999996,0.15,middle,1,Eden Gardens,0.562,73,Kolkata Knight Riders,Deccan Chargers,8,1,0,1,0.0,0.0,0,4.0,13.0,0.0,0.0,-1.4000000000000004,1.111111111111111,1.4,6.0,4
335986,2007/08,15,1,81,4,6,91,29,15.166666666666666,4.833333333333333,111,30,5.340659340659341,6.206896551724138,-0.8662372110647967,0.145,death,2,Eden Gardens,0.562,73,Kolkata Knight Riders,Deccan Chargers,8,1,0,1,0.0,0.0,0,3.0,12.0,0.0,0.0,-2.340659340659341,1.1621966794380587,1.4482758620689655,12.413793103448276,8
335986,2007/08,15,2,82,4,6,92,28,15.333333333333334,4.666666666666667,111,29,5.3478260869565215,6.2142857142857135,-0.866459627329192,0.1399999999999999,death,2,Eden Gardens,0.562,73,Kolkata Knight Riders,Deccan Chargers,8,1,0,1,1.0,0.0,0,4.0,13.0,0.0,0.0,-1.3478260869565215,1.1620209059233448,1.45,12.428571428571429,8
335986,2007/08,15,3,83,4,6,93,27,15.5,4.5,111,28,5.354838709677419,6.222222222222222,-0.8673835125448033,0.135,death,2,Eden Gardens,0.562,73,Kolkata Knight Riders,Deccan Chargers,8,1,0,1,1.0,0.0,0,4.0,14.0,0.0,0.0,-1.354838709677419,1.1619812583668006,1.4518518518518515,12.444444444444445,8
335986,2007/08,15,4,83,4,6,94,26,15.666666666666666,4.333333333333333,111,28,5.297872340425532,6.461538461538462,-1.1636661211129296,0.13,death,2,Eden Gardens,0.562,73,Kolkata Knight Riders,Deccan Chargers,8,1,0,1,0.0,0.0,0,3.0,13.0,0.0,0.0,-2.297872340425532,1.2196478220574607,1.5076923076923074,12.923076923076923,8
335986,2007/08,15,5,83,4,6,95,25,15.833333333333334,4.166666666666667,111,28,5.242105263157894,6.72,-1.4778947368421056,0.125,death,2,Eden Gardens,0.562,73,Kolkata Knight Riders,Deccan Chargers,8,1,0,1,0.0,0.0,0,2.0,12.0,0.0,0.0,-3.242105263157894,1.2819277108433735,1.568,13.44,8
335986,2007/08,15,6,87,4,6,96,24,16.0,4.0,111,24,5.4375,6.0,-0.5625,0.12,death,2,Eden Gardens,0.562,73,Kolkata Knight Riders,Deccan Chargers,8,1,0,1,4.0,0.0,1,6.0,10.0,0.0,1.0,0.5625,1.103448275862069,1.4,12.0,8
335986,2007/08,16,1,87,4,6,97,23,16.166666666666668,3.8333333333333335,111,24,5.381443298969072,6.260869565217391,-0.879426266248319,0.115,death,2,Eden Gardens,0.562,73,Kolkata Knight Riders,Deccan Chargers,8,1,0,1,0.0,0.0,0,6.0,9.0,0.0,1.0,0.6185567010309283,1.1634182908545727,1.460869565217391,12.52173913043478,8
335986,2007/08,16,2,88,4,6,98,22,16.333333333333332,3.6666666666666665,111,23,5.387755102040817,6.272727272727273,-0.8849721706864564,0.1099999999999999,death,2,Eden Gardens,0.562,73,Kolkata Knight Riders,Deccan Chargers,8,1,0,1,1.0,0.0,0,6.0,10.0,0.0,1.0,0.612244897959183,1.1642561983471074,1.4636363636363634,12.545454545454549,8
335986,2007/08,16,3,88,5,5,99,21,16.5,3.5,111,23,5.333333333333333,6.571428571428571,-1.238095238095238,0.0875,death,2,Eden Gardens,0.562,73,Kolkata Knight Riders,Deccan Chargers,8,1,0,1,0.0,1.0,0,5.0,9.0,1.0,1.0,-0.333333333333333,1.2321428571428572,1.642857142857143,13.142857142857142,10
335986,2007/08,16,4,89,5,5,100,20,16.666666666666668,3.333333333333333,111,22,5.34,6.6,-1.2599999999999998,0.0833333333333333,death,2,Eden Gardens,0.562,73,Kolkata Knight Riders,Deccan Chargers,8,1,0,1,1.0,0.0,0,6.0,9.0,1.0,1.0,0.6600000000000001,1.2359550561797752,1.65,13.2,10
335986,2007/08,16,5,90,5,5,101,19,16.833333333333332,3.1666666666666665,111,21,5.346534653465347,6.631578947368421,-1.2850442939030744,0.0791666666666666,death,2,Eden Gardens,0.562,73,Kolkata Knight Riders,Deccan Chargers,8,1,0,1,1.0,0.0,0,7.0,9.0,1.0,1.0,1.6534653465346532,1.2403508771929823,1.6578947368421053,13.263157894736842,10
335986,2007/08,16,6,90,5,5,102,18,17.0,3.0,111,21,5.294117647058823,7.0,-1.7058823529411766,0.075,death,2,Eden Gardens,0.562,73,Kolkata Knight Riders,Deccan Chargers,8,1,0,1,0.0,0.0,0,3.0,9.0,1.0,0.0,-2.294117647058824,1.3222222222222222,1.75,14.0,10
335986,2007/08,17,1,91,5,5,103,17,17.166666666666668,2.833333333333333,111,20,5.300970873786407,7.0588235294117645,-1.7578526556253573,0.0708333333333333,death,2,Eden Gardens,0.562,73,Kolkata Knight Riders,Deccan Chargers,8,1,0,1,1.0,0.0,0,4.0,10.0,1.0,0.0,-1.3009708737864072,1.3316095669036847,1.7647058823529411,14.117647058823527,10
335986,2007/08,17,2,92,5,5,104,16,17.333333333333332,2.6666666666666665,111,19,5.307692307692308,7.125,-1.817307692307692,0.0666666666666666,death,2,Eden Gardens,0.562,73,Kolkata Knight Riders,Deccan Chargers,8,1,0,1,1.0,0.0,0,4.0,10.0,1.0,0.0,-1.3076923076923084,1.342391304347826,1.78125,14.25,10
335986,2007/08,17,3,93,5,5,105,15,17.5,2.5,111,18,5.314285714285714,7.2,-1.885714285714286,0.0625,death,2,Eden Gardens,0.562,73,Kolkata Knight Riders,Deccan Chargers,8,1,0,1,1.0,0.0,0,5.0,10.0,1.0,0.0,-0.314285714285714,1.3548387096774197,1.7999999999999998,14.4,10
335986,2007/08,17,4,93,5,5,106,14,17.666666666666668,2.333333333333333,111,18,5.264150943396226,7.7142857142857135,-2.450134770889488,0.0583333333333333,death,2,Eden Gardens,0.562,73,Kolkata Knight Riders,Deccan Chargers,8,1,0,1,0.0,0.0,0,4.0,10.0,1.0,0.0,-1.264150943396226,1.4654377880184333,1.9285714285714288,15.428571428571429,10
335986,2007/08,17,5,99,5,5,107,13,17.833333333333332,2.1666666666666665,111,12,5.551401869158879,5.538461538461539,0.0129403306973392,0.0541666666666666,death,2,Eden Gardens,0.562,73,Kolkata Knight Riders,Deccan Chargers,8,1,0,1,6.0,0.0,1,9.0,16.0,1.0,1.0,3.4485981308411207,0.9976689976689976,1.3846153846153846,11.076923076923078,10
335986,2007/08,17,6,103,5,5,108,12,18.0,2.0,111,8,5.722222222222222,4.0,1.7222222222222223,0.05,death,2,Eden Gardens,0.562,73,Kolkata Knight Riders,Deccan Chargers,8,1,0,1,4.0,0.0,1,13.0,16.0,1.0,2.0,7.277777777777778,0.6990291262135923,1.0,8.0,10
335986,2007/08,18,1,104,5,5,109,11,18.166666666666668,1.8333333333333333,111,7,5.724770642201834,3.8181818181818175,1.906588824020016,0.0458333333333333,death,2,Eden Gardens,0.562,73,Kolkata Knight Riders,Deccan Chargers,8,1,0,1,1.0,0.0,0,13.0,17.0,1.0,2.0,7.275229357798166,0.6669580419580419,0.9545454545454546,7.636363636363635,10
335986,2007/08,18,2,105,5,5,110,10,18.33333333333333,1.6666666666666667,111,6,5.727272727272728,3.6,2.127272727272728,0.0416666666666666,death,2,Eden Gardens,0.562,73,Kolkata Knight Riders,Deccan Chargers,8,1,0,1,1.0,0.0,0,13.0,17.0,1.0,2.0,7.272727272727272,0.6285714285714284,0.8999999999999999,7.2,10
335986,2007/08,18,3,105,5,5,111,9,18.5,1.5,111,6,5.675675675675675,4.0,1.6756756756756754,0.0375,death,2,Eden Gardens,0.562,73,Kolkata Knight Riders,Deccan Chargers,8,1,0,1,0.0,0.0,0,12.0,17.0,0.0,2.0,6.324324324324325,0.7047619047619048,1.0,8.0,10
335986,2007/08,18,4,106,5,5,112,8,18.666666666666668,1.3333333333333333,111,5,5.678571428571428,3.75,1.928571428571428,0.0333333333333333,death,2,Eden Gardens,0.562,73,Kolkata Knight Riders,Deccan Chargers,8,1,0,1,1.0,0.0,0,13.0,17.0,0.0,2.0,7.321428571428572,0.6603773584905661,0.9375,7.5,10
335986,2007/08,18,5,106,5,5,113,7,18.83333333333333,1.1666666666666667,111,5,5.628318584070797,4.285714285714286,1.3426042983565116,0.0291666666666666,death,2,Eden Gardens,0.562,73,Kolkata Knight Riders,Deccan Chargers,8,1,0,1,0.0,0.0,0,7.0,16.0,0.0,1.0,1.3716814159292028,0.7614555256064689,1.0714285714285714,8.571428571428571,10
335986,2007/08,18,6,112,5,5,114,6,19.0,1.0,111,0,5.894736842105263,0.0,5.894736842105263,0.025,death,2,Eden Gardens,0.562,73,Kolkata Knight Riders,Deccan Chargers,8,1,0,1,6.0,0.0,1,9.0,22.0,0.0,1.0,3.105263157894737,0.0,0.0,0.0,10
335987,2007/08,0,1,0,0,10,1,119,0.1666666666666666,19.83333333333333,167,167,0.0,8.420168067226891,-8.420168067226891,0.9916666666666668,powerplay,0,Sawai Mansingh Stadium,0.674,46,Rajasthan Royals,Kings XI Punjab,13,6,0,1,0.0,0.0,0,0.0,0.0,0.0,0.0,0.0,5.0,1.403361344537815,0.0,0
335987,2007/08,0,2,1,0,10,1,119,0.1666666666666666,19.83333333333333,167,166,6.0,8.369747899159664,-2.3697478991596643,0.9916666666666668,powerplay,0,Sawai Mansingh Stadium,0.674,46,Rajasthan Royals,Kings XI Punjab,13,6,0,1,1.0,0.0,0,1.0,1.0,0.0,0.0,-5.0,1.3949579831932777,1.3949579831932772,0.0,0
335987,2007/08,0,3,1,0,10,2,118,0.3333333333333333,19.666666666666668,167,166,3.0,8.440677966101694,-5.440677966101694,0.9833333333333332,powerplay,0,Sawai Mansingh Stadium,0.674,46,Rajasthan Royals,Kings XI Punjab,13,6,0,1,0.0,0.0,0,1.0,1.0,0.0,0.0,-2.0,2.813559322033898,1.4067796610169492,0.0,0
335987,2007/08,0,4,1,0,10,3,117,0.5,19.5,167,166,2.0,8.512820512820513,-6.512820512820513,0.975,powerplay,0,Sawai Mansingh Stadium,0.674,46,Rajasthan Royals,Kings XI Punjab,13,6,0,1,0.0,0.0,0,1.0,1.0,0.0,0.0,-1.0,4.256410256410256,1.4188034188034189,0.0,0
335987,2007/08,0,5,1,0,10,4,116,0.6666666666666666,19.33333333333333,167,166,1.5,8.586206896551724,-7.086206896551724,0.9666666666666668,powerplay,0,Sawai Mansingh Stadium,0.674,46,Rajasthan Royals,Kings XI Punjab,13,6,0,1,0.0,0.0,0,1.0,1.0,0.0,0.0,-0.5,5.724137931034483,1.4310344827586208,0.0,0
335987,2007/08,0,6,5,0,10,5,115,0.8333333333333334,19.166666666666668,167,162,6.0,8.452173913043477,-2.452173913043477,0.9583333333333334,powerplay,0,Sawai Mansingh Stadium,0.674,46,Rajasthan Royals,Kings XI Punjab,13,6,0,1,4.0,0.0,1,5.0,5.0,0.0,1.0,-1.0,1.408695652173913,1.4086956521739131,0.0,0
335987,2007/08,0,7,6,0,10,6,114,1.0,19.0,167,161,6.0,8.473684210526315,-2.473684210526315,0.95,powerplay,0,Sawai Mansingh Stadium,0.674,46,Rajasthan Royals,Kings XI Punjab,13,6,0,1,1.0,0.0,0,6.0,6.0,0.0,1.0,0.0,1.412280701754386,1.412280701754386,0.0,0
335987,2007/08,1,1,6,1,9,7,113,1.1666666666666667,18.83333333333333,167,161,5.142857142857142,8.548672566371682,-3.4058154235145395,0.8475,powerplay,0,Sawai Mansingh Stadium,0.674,46,Rajasthan Royals,Kings XI Punjab,13,6,0,1,0.0,1.0,0,5.0,6.0,1.0,1.0,-0.1428571428571423,1.662241887905605,1.5672566371681418,0.0,0
335987,2007/08,1,2,7,1,9,7,113,1.1666666666666667,18.83333333333333,167,160,6.0,8.495575221238939,-2.495575221238939,0.8475,powerplay,0,Sawai Mansingh Stadium,0.674,46,Rajasthan Royals,Kings XI Punjab,13,6,0,1,1.0,0.0,0,6.0,7.0,1.0,1.0,0.0,1.4159292035398232,1.5575221238938055,0.0,0
335987,2007/08,1,3,7,1,9,8,112,1.3333333333333333,18.666666666666668,167,160,5.25,8.571428571428571,-3.321428571428571,0.8400000000000001,powerplay,0,Sawai Mansingh Stadium,0.674,46,Rajasthan Royals,Kings XI Punjab,13,6,0,1,0.0,0.0,0,6.0,7.0,1.0,1.0,0.75,1.6326530612244898,1.5714285714285716,0.0,0
335987,2007/08,1,4,8,1,9,9,111,1.5,18.5,167,159,5.333333333333333,8.594594594594595,-3.2612612612612617,0.8325,powerplay,0,Sawai Mansingh Stadium,0.674,46,Rajasthan Royals,Kings XI Punjab,13,6,0,1,1.0,0.0,0,7.0,8.0,1.0,1.0,1.666666666666667,1.6114864864864866,1.5756756756756758,0.0,0
335987,2007/08,1,5,8,1,9,10,110,1.6666666666666667,18.33333333333333,167,159,4.8,8.672727272727274,-3.872727272727274,0.825,powerplay,0,Sawai Mansingh Stadium,0.674,46,Rajasthan Royals,Kings XI Punjab,13,6,0,1,0.0,0.0,0,3.0,8.0,1.0,0.0,-1.7999999999999998,1.806818181818182,1.5900000000000003,0.0,0
335987,2007/08,1,6,8,1,9,11,109,1.8333333333333333,18.166666666666668,167,159,4.363636363636364,8.75229357798165,-4.388657214345286,0.8175,powerplay,0,Sawai Mansingh Stadium,0.674,46,Rajasthan Royals,Kings XI Punjab,13,6,0,1,0.0,0.0,0,2.0,8.0,1.0,0.0,-2.363636363636364,2.005733944954128,1.6045871559633027,0.0,0
335987,2007/08,1,7,13,1,9,11,109,1.8333333333333333,18.166666666666668,167,154,7.090909090909091,8.477064220183486,-1.3861551292743952,0.8175,powerplay,0,Sawai Mansingh Stadium,0.674,46,Rajasthan Royals,Kings XI Punjab,13,6,0,1,5.0,0.0,1,7.0,12.0,1.0,1.0,-0.0909090909090908,1.195483415666902,1.5541284403669726,0.0,0
335987,2007/08,1,8,13,1,9,12,108,2.0,18.0,167,154,6.5,8.555555555555555,-2.055555555555556,0.81,powerplay,0,Sawai Mansingh Stadium,0.674,46,Rajasthan Royals,Kings XI Punjab,13,6,0,1,0.0,0.0,0,6.0,12.0,1.0,1.0,-0.5,1.3162393162393162,1.5685185185185184,0.0,0
335987,2007/08,2,1,15,1,9,13,107,2.1666666666666665,17.833333333333332,167,152,6.923076923076923,8.52336448598131,-1.600287562904386,0.8025000000000001,powerplay,0,Sawai Mansingh Stadium,0.674,46,Rajasthan Royals,Kings XI Punjab,13,6,0,1,2.0,0.0,0,8.0,14.0,1.0,1.0,1.0769230769230766,1.231152647975078,1.5626168224299066,0.0,0
335987,2007/08,2,2,19,1,9,14,106,2.333333333333333,17.666666666666668,167,148,8.142857142857142,8.377358490566037,-0.2345013477088944,0.795,powerplay,0,Sawai Mansingh Stadium,0.674,46,Rajasthan Royals,Kings XI Punjab,13,6,0,1,4.0,0.0,1,11.0,18.0,1.0,2.0,2.8571428571428577,1.0287984111221449,1.5358490566037737,0.0,0
335987,2007/08,2,3,19,2,8,15,105,2.5,17.5,167,148,7.6,8.457142857142857,-0.8571428571428577,0.7000000000000001,powerplay,0,Sawai Mansingh Stadium,0.674,46,Rajasthan Royals,Kings XI Punjab,13,6,0,1,0.0,1.0,0,11.0,14.0,2.0,2.0,3.4000000000000004,1.1127819548872182,1.6914285714285715,0.0,0
335987,2007/08,2,4,20,2,8,16,104,2.6666666666666665,17.333333333333332,167,147,7.5,8.480769230769232,-0.9807692307692316,0.6933333333333334,powerplay,0,Sawai Mansingh Stadium,0.674,46,Rajasthan Royals,Kings XI Punjab,13,6,0,1,1.0,0.0,0,12.0,14.0,2.0,2.0,4.5,1.130769230769231,1.696153846153846,0.0,0
335987,2007/08,2,5,22,2,8,16,104,2.6666666666666665,17.333333333333332,167,145,8.25,8.365384615384617,-0.1153846153846167,0.6933333333333334,powerplay,0,Sawai Mansingh Stadium,0.674,46,Rajasthan Royals,Kings XI Punjab,13,6,0,1,2.0,0.0,0,9.0,16.0,1.0,1.0,0.75,1.0139860139860142,1.673076923076923,0.0,0
335987,2007/08,2,6,22,2,8,17,103,2.833333333333333,17.166666666666668,167,145,7.764705882352941,8.446601941747572,-0.6818960593946306,0.6866666666666666,powerplay,0,Sawai Mansingh Stadium,0.674,46,Rajasthan Royals,Kings XI Punjab,13,6,0,1,0.0,0.0,0,9.0,15.0,1.0,1.0,1.2352941176470589,1.087819947043248,1.6893203883495145,0.0,0
335987,2007/08,2,7,28,2,8,18,102,3.0,17.0,167,139,9.333333333333334,8.176470588235293,1.1568627450980404,0.68,powerplay,0,Sawai Mansingh Stadium,0.674,46,Rajasthan Royals,Kings XI Punjab,13,6,0,1,6.0,0.0,1,13.0,21.0,1.0,2.0,3.666666666666666,0.8760504201680671,1.6352941176470588,0.0,0
335987,2007/08,3,1,29,2,8,18,102,3.0,17.0,167,138,9.666666666666666,8.117647058823529,1.549019607843137,0.68,powerplay,0,Sawai Mansingh Stadium,0.674,46,Rajasthan Royals,Kings XI Punjab,13,6,0,1,1.0,0.0,0,10.0,21.0,1.0,1.0,0.3333333333333339,0.8397565922920892,1.623529411764706,0.0,0
335987,2007/08,3,2,29,2,8,19,101,3.1666666666666665,16.833333333333332,167,138,9.157894736842106,8.198019801980198,0.959874934861908,0.6733333333333333,powerplay,0,Sawai Mansingh Stadium,0.674,46,Rajasthan Royals,Kings XI Punjab,13,6,0,1,0.0,0.0,0,10.0,21.0,1.0,1.0,0.8421052631578938,0.8951860703311709,1.6396039603960395,0.0,0
335987,2007/08,3,3,29,2,8,20,100,3.333333333333333,16.666666666666668,167,138,8.7,8.28,0.4199999999999999,0.6666666666666667,powerplay,0,Sawai Mansingh Stadium,0.674,46,Rajasthan Royals,Kings XI Punjab,13,6,0,1,0.0,0.0,0,9.0,21.0,1.0,1.0,0.3000000000000007,0.9517241379310344,1.656,0.0,0
335987,2007/08,3,4,31,2,8,21,99,3.5,16.5,167,136,8.857142857142858,8.242424242424242,0.6147186147186154,0.66,powerplay,0,Sawai Mansingh Stadium,0.674,46,Rajasthan Royals,Kings XI Punjab,13,6,0,1,2.0,0.0,0,9.0,18.0,1.0,1.0,0.1428571428571423,0.9305962854349952,1.6484848484848484,0.0,0
335987,2007/08,3,5,32,2,8,21,99,3.5,16.5,167,135,9.142857142857142,8.181818181818182,0.9610389610389608,0.66,powerplay,0,Sawai Mansingh Stadium,0.674,46,Rajasthan Royals,Kings XI Punjab,13,6,0,1,1.0,0.0,0,10.0,19.0,1.0,1.0,0.8571428571428577,0.8948863636363636,1.6363636363636362,0.0,0
335987,2007/08,3,6,38,2,8,22,98,3.6666666666666665,16.333333333333332,167,129,10.363636363636363,7.89795918367347,2.465677179962893,0.6533333333333333,powerplay,0,Sawai Mansingh Stadium,0.674,46,Rajasthan Royals,Kings XI Punjab,13,6,0,1,6.0,0.0,1,10.0,23.0,1.0,1.0,-0.3636363636363633,0.7620837808807734,1.579591836734694,0.0,0
335987,2007/08,3,7,38,2,8,23,97,3.8333333333333335,16.166666666666668,167,129,9.91304347826087,7.979381443298968,1.933662034961901,0.6466666666666667,powerplay,0,Sawai Mansingh Stadium,0.674,46,Rajasthan Royals,Kings XI Punjab,13,6,0,1,0.0,0.0,0,9.0,19.0,1.0,1.0,-0.9130434782608692,0.8049376017362995,1.5958762886597937,0.0,0
335987,2007/08,3,8,42,2,8,24,96,4.0,16.0,167,125,10.5,7.8125,2.6875,0.6400000000000001,powerplay,0,Sawai Mansingh Stadium,0.674,46,Rajasthan Royals,Kings XI Punjab,13,6,0,1,4.0,0.0,1,13.0,23.0,0.0,2.0,2.5,0.7440476190476191,1.5624999999999998,0.0,0
335987,2007/08,4,1,43,2,8,25,95,4.166666666666667,15.833333333333334,167,124,10.32,7.83157894736842,2.488421052631578,0.6333333333333333,powerplay,0,Sawai Mansingh Stadium,0.674,46,Rajasthan Royals,Kings XI Punjab,13,6,0,1,1.0,0.0,0,14.0,23.0,0.0,2.0,3.68,0.7588739290085678,1.5663157894736843,0.0,0
335987,2007/08,4,2,43,2,8,26,94,4.333333333333333,15.666666666666666,167,124,9.923076923076923,7.914893617021277,2.0081833060556464,0.6266666666666667,powerplay,0,Sawai Mansingh Stadium,0.674,46,Rajasthan Royals,Kings XI Punjab,13,6,0,1,0.0,0.0,0,12.0,21.0,0.0,2.0,2.0769230769230766,0.797624938149431,1.5829787234042552,0.0,0
335987,2007/08,4,3,44,2,8,27,93,4.5,15.5,167,123,9.77777777777778,7.935483870967742,1.8422939068100368,0.6200000000000001,powerplay,0,Sawai Mansingh Stadium,0.674,46,Rajasthan Royals,Kings XI Punjab,13,6,0,1,1.0,0.0,0,12.0,22.0,0.0,2.0,2.22222222222222,0.8115835777126098,1.5870967741935482,0.0,0
335987,2007/08,4,4,48,2,8,28,92,4.666666666666667,15.333333333333334,167,119,10.285714285714285,7.760869565217391,2.524844720496894,0.6133333333333334,powerplay,0,Sawai Mansingh Stadium,0.674,46,Rajasthan Royals,Kings XI Punjab,13,6,0,1,4.0,0.0,1,10.0,20.0,0.0,2.0,-0.2857142857142847,0.7545289855072463,1.5521739130434782,0.0,0
335987,2007/08,4,5,48,3,7,29,91,4.833333333333333,15.166666666666666,167,119,9.93103448275862,7.846153846153847,2.0848806366047743,0.5308333333333333,powerplay,0,Sawai Mansingh Stadium,0.674,46,Rajasthan Royals,Kings XI Punjab,13,6,0,1,0.0,1.0,0,10.0,19.0,1.0,2.0,0.0689655172413807,0.7900641025641028,1.7000000000000002,0.0,0
335987,2007/08,4,6,48,3,7,30,90,5.0,15.0,167,119,9.6,7.933333333333334,1.666666666666666,0.5249999999999999,powerplay,0,Sawai Mansingh Stadium,0.674,46,Rajasthan Royals,Kings XI Punjab,13,6,0,1,0.0,0.0,0,6.0,19.0,1.0,1.0,-3.6,0.826388888888889,1.718888888888889,0.0,0
335987,2007/08,5,1,52,3,7,31,89,5.166666666666667,14.833333333333334,167,115,10.064516129032258,7.752808988764045,2.311707140268213,0.5191666666666667,powerplay,0,Sawai Mansingh Stadium,0.674,46,Rajasthan Royals,Kings XI Punjab,13,6,0,1,4.0,0.0,1,9.0,23.0,1.0,2.0,-1.064516129032258,0.7703111495246326,1.6797752808988766,0.0,0
335987,2007/08,5,2,52,3,7,32,88,5.333333333333333,14.666666666666666,167,115,9.75,7.840909090909091,1.9090909090909087,0.5133333333333333,powerplay,0,Sawai Mansingh Stadium,0.674,46,Rajasthan Royals,Kings XI Punjab,13,6,0,1,0.0,0.0,0,9.0,21.0,1.0,2.0,-0.75,0.8041958041958042,1.6988636363636365,0.0,0
335987,2007/08,5,3,53,3,7,33,87,5.5,14.5,167,114,9.636363636363637,7.862068965517241,1.7742946708463956,0.5075,powerplay,0,Sawai Mansingh Stadium,0.674,46,Rajasthan Royals,Kings XI Punjab,13,6,0,1,1.0,0.0,0,9.0,21.0,1.0,2.0,-0.6363636363636367,0.8158750813272608,1.703448275862069,0.0,0
335987,2007/08,5,4,53,3,7,34,86,5.666666666666667,14.333333333333334,167,114,9.352941176470589,7.953488372093023,1.3994528043775638,0.5016666666666666,powerplay,0,Sawai Mansingh Stadium,0.674,46,Rajasthan Royals,Kings XI Punjab,13,6,0,1,0.0,0.0,0,5.0,15.0,1.0,1.0,-4.352941176470589,0.8503729706011408,1.7232558139534884,0.0,0
335987,2007/08,5,5,53,3,7,35,85,5.833333333333333,14.166666666666666,167,114,9.085714285714284,8.047058823529412,1.0386554621848738,0.4958333333333333,powerplay,0,Sawai Mansingh Stadium,0.674,46,Rajasthan Royals,Kings XI Punjab,13,6,0,1,0.0,0.0,0,5.0,15.0,1.0,1.0,-4.085714285714284,0.8856825749167594,1.7435294117647058,0.0,0
335987,2007/08,5,6,53,3,7,36,84,6.0,14.0,167,114,8.833333333333334,8.142857142857142,0.6904761904761916,0.4899999999999999,powerplay,0,Sawai Mansingh Stadium,0.674,46,Rajasthan Royals,Kings XI Punjab,13,6,0,1,0.0,0.0,0,5.0,11.0,1.0,1.0,-3.833333333333334,0.9218328840970348,1.7642857142857145,0.0,0
335987,2007/08,6,1,54,3,7,37,83,6.166666666666667,13.833333333333334,167,113,8.756756756756756,8.168674698795181,0.5880820579615751,0.4841666666666666,middle,1,Sawai Mansingh Stadium,0.674,46,Rajasthan Royals,Kings XI Punjab,13,6,0,1,1.0,0.0,0,2.0,11.0,1.0,0.0,-6.756756756756756,0.9328424810352522,1.7698795180722893,8.168674698795181,3
335987,2007/08,6,2,60,3,7,38,82,6.333333333333333,13.666666666666666,167,107,9.473684210526317,7.829268292682928,1.6444159178433893,0.4783333333333333,middle,1,Sawai Mansingh Stadium,0.674,46,Rajasthan Royals,Kings XI Punjab,13,6,0,1,6.0,0.0,1,8.0,17.0,1.0,1.0,-1.4736842105263168,0.8264227642276423,1.6963414634146343,7.829268292682928,3
335987,2007/08,6,3,60,3,7,39,81,6.5,13.5,167,107,9.23076923076923,7.925925925925926,1.3048433048433044,0.4725,middle,1,Sawai Mansingh Stadium,0.674,46,Rajasthan Royals,Kings XI Punjab,13,6,0,1,0.0,0.0,0,7.0,16.0,1.0,1.0,-2.23076923076923,0.8586419753086421,1.717283950617284,7.925925925925926,3
335987,2007/08,6,4,60,3,7,40,80,6.666666666666667,13.333333333333334,167,107,9.0,8.025,0.9749999999999996,0.4666666666666666,middle,1,Sawai Mansingh Stadium,0.674,46,Rajasthan Royals,Kings XI Punjab,13,6,0,1,0.0,0.0,0,7.0,12.0,1.0,1.0,-2.0,0.8916666666666667,1.73875,8.025,3
335987,2007/08,6,5,60,3,7,41,79,6.833333333333333,13.166666666666666,167,107,8.78048780487805,8.126582278481013,0.6539055263970361,0.4608333333333333,middle,1,Sawai Mansingh Stadium,0.674,46,Rajasthan Royals,Kings XI Punjab,13,6,0,1,0.0,0.0,0,7.0,12.0,0.0,1.0,-1.7804878048780497,0.9255274261603376,1.760759493670886,8.126582278481013,3
335987,2007/08,6,6,60,3,7,42,78,7.0,13.0,167,107,8.571428571428571,8.23076923076923,0.3406593406593412,0.4549999999999999,middle,1,Sawai Mansingh Stadium,0.674,46,Rajasthan Royals,Kings XI Punjab,13,6,0,1,0.0,0.0,0,7.0,12.0,0.0,1.0,-1.5714285714285712,0.9602564102564102,1.7833333333333334,8.23076923076923,3
335987,2007/08,7,1,61,3,7,43,77,7.166666666666667,12.833333333333334,167,106,8.511627906976743,8.259740259740258,0.2518876472364848,0.4491666666666666,middle,1,Sawai Mansingh Stadium,0.674,46,Rajasthan Royals,Kings XI Punjab,13,6,0,1,1.0,0.0,0,7.0,9.0,0.0,1.0,-1.511627906976743,0.97040664253779,1.7896103896103897,8.259740259740258,3
335987,2007/08,7,2,61,3,7,44,76,7.333333333333333,12.666666666666666,167,106,8.318181818181818,8.368421052631579,-0.0502392344497604,0.4433333333333333,middle,1,Sawai Mansingh Stadium,0.674,46,Rajasthan Royals,Kings XI Punjab,13,6,0,1,0.0,0.0,0,1.0,9.0,0.0,0.0,-7.318181818181818,1.0060396893874028,1.813157894736842,8.368421052631579,3
335987,2007/08,7,3,61,3,7,45,75,7.5,12.5,167,106,8.133333333333333,8.48,-0.3466666666666675,0.4375,middle,1,Sawai Mansingh Stadium,0.674,46,Rajasthan Royals,Kings XI Punjab,13,6,0,1,0.0,0.0,0,1.0,8.0,0.0,0.0,-7.133333333333333,1.0426229508196725,1.8373333333333333,8.48,3
335987,2007/08,7,4,62,3,7,46,74,7.666666666666667,12.333333333333334,167,105,8.08695652173913,8.513513513513512,-0.4265569917743814,0.4316666666666666,middle,1,Sawai Mansingh Stadium,0.674,46,Rajasthan Royals,Kings XI Punjab,13,6,0,1,1.0,0.0,0,2.0,9.0,0.0,0.0,-6.086956521739131,1.0527462946817785,1.8445945945945943,8.513513513513512,3
335987,2007/08,7,5,63,3,7,46,74,7.666666666666667,12.333333333333334,167,104,8.217391304347826,8.432432432432432,-0.2150411280846054,0.4316666666666666,middle,1,Sawai Mansingh Stadium,0.674,46,Rajasthan Royals,Kings XI Punjab,13,6,0,1,1.0,0.0,0,3.0,10.0,0.0,0.0,-5.217391304347826,1.026169026169026,1.8270270270270272,8.432432432432432,3
335987,2007/08,7,6,64,3,7,47,73,7.833333333333333,12.166666666666666,167,103,8.170212765957448,8.465753424657535,-0.2955406587000873,0.4258333333333333,middle,1,Sawai Mansingh Stadium,0.674,46,Rajasthan Royals,Kings XI Punjab,13,6,0,1,1.0,0.0,0,4.0,11.0,0.0,0.0,-4.170212765957448,1.0361729452054795,1.834246575342466,8.465753424657535,3
335987,2007/08,7,7,65,3,7,48,72,8.0,12.0,167,102,8.125,8.5,-0.375,0.42,middle,1,Sawai Mansingh Stadium,0.674,46,Rajasthan Royals,Kings XI Punjab,13,6,0,1,1.0,0.0,0,4.0,11.0,0.0,0.0,-4.125,1.0461538461538462,1.8416666666666668,8.5,3
335987,2007/08,8,1,71,3,7,49,71,8.166666666666666,11.833333333333334,167,96,8.693877551020408,8.112676056338028,0.5812014946823805,0.4141666666666666,middle,1,Sawai Mansingh Stadium,0.674,46,Rajasthan Royals,Kings XI Punjab,13,6,0,1,6.0,0.0,1,10.0,11.0,0.0,1.0,1.3061224489795915,0.9331481848839516,1.7577464788732395,8.112676056338028,3
335987,2007/08,8,2,72,3,7,50,70,8.333333333333334,11.666666666666666,167,95,8.639999999999999,8.142857142857144,0.4971428571428546,0.4083333333333333,middle,1,Sawai Mansingh Stadium,0.674,46,Rajasthan Royals,Kings XI Punjab,13,6,0,1,1.0,0.0,0,11.0,12.0,0.0,1.0,2.360000000000001,0.9424603174603178,1.7642857142857145,8.142857142857144,3
335987,2007/08,8,3,72,3,7,51,69,8.5,11.5,167,95,8.470588235294118,8.26086956521739,0.209718670076727,0.4024999999999999,middle,1,Sawai Mansingh Stadium,0.674,46,Rajasthan Royals,Kings XI Punjab,13,6,0,1,0.0,0.0,0,10.0,12.0,0.0,1.0,1.5294117647058822,0.9752415458937196,1.789855072463768,8.26086956521739,3
335987,2007/08,8,4,72,3,7,52,68,8.666666666666666,11.333333333333334,167,95,8.307692307692308,8.382352941176471,-0.0746606334841626,0.3966666666666666,middle,1,Sawai Mansingh Stadium,0.674,46,Rajasthan Royals,Kings XI Punjab,13,6,0,1,0.0,0.0,0,9.0,12.0,0.0,1.0,0.6923076923076916,1.0089869281045751,1.8161764705882355,8.382352941176471,3
335987,2007/08,8,5,76,3,7,53,67,8.833333333333334,11.166666666666666,167,91,8.60377358490566,8.149253731343284,0.4545198535623758,0.3908333333333333,middle,1,Sawai Mansingh Stadium,0.674,46,Rajasthan Royals,Kings XI Punjab,13,6,0,1,4.0,0.0,1,12.0,16.0,0.0,2.0,3.39622641509434,0.947172034564022,1.7656716417910447,8.149253731343284,3
335987,2007/08,8,6,76,3,7,54,66,9.0,11.0,167,91,8.444444444444445,8.272727272727273,0.1717171717171712,0.385,middle,1,Sawai Mansingh Stadium,0.674,46,Rajasthan Royals,Kings XI Punjab,13,6,0,1,0.0,0.0,0,11.0,15.0,0.0,2.0,2.555555555555556,0.979665071770335,1.7924242424242427,8.272727272727273,3
335987,2007/08,9,1,80,3,7,55,65,9.166666666666666,10.833333333333334,167,87,8.727272727272728,8.03076923076923,0.6965034965034977,0.3791666666666666,middle,1,Sawai Mansingh Stadium,0.674,46,Rajasthan Royals,Kings XI Punjab,13,6,0,1,4.0,0.0,1,9.0,19.0,0.0,2.0,0.2727272727272716,0.9201923076923076,1.74,8.03076923076923,3
335987,2007/08,9,2,81,3,7,56,64,9.333333333333334,10.666666666666666,167,86,8.678571428571429,8.0625,0.6160714285714288,0.3733333333333333,middle,1,Sawai Mansingh Stadium,0.674,46,Rajasthan Royals,Kings XI Punjab,13,6,0,1,1.0,0.0,0,9.0,20.0,0.0,2.0,0.3214285714285712,0.9290123456790124,1.746875,8.0625,3
335987,2007/08,9,3,82,3,7,57,63,9.5,10.5,167,85,8.631578947368421,8.095238095238095,0.5363408521303263,0.3675,middle,1,Sawai Mansingh Stadium,0.674,46,Rajasthan Royals,Kings XI Punjab,13,6,0,1,1.0,0.0,0,10.0,20.0,0.0,2.0,1.3684210526315788,0.937862950058072,1.7539682539682542,8.095238095238095,3
335987,2007/08,9,4,86,3,7,58,62,9.666666666666666,10.333333333333334,167,81,8.896551724137932,7.838709677419354,1.0578420467185785,0.3616666666666667,middle,1,Sawai Mansingh Stadium,0.674,46,Rajasthan Royals,Kings XI Punjab,13,6,0,1,4.0,0.0,1,14.0,23.0,0.0,3.0,5.103448275862068,0.8810952738184544,1.6983870967741936,7.838709677419354,3
335987,2007/08,9,5,87,3,7,59,61,9.833333333333334,10.166666666666666,167,80,8.847457627118644,7.868852459016394,0.9786051681022494,0.3558333333333333,middle,1,Sawai Mansingh Stadium,0.674,46,Rajasthan Royals,Kings XI Punjab,13,6,0,1,1.0,0.0,0,11.0,23.0,0.0,2.0,2.1525423728813564,0.8893913698888262,1.7049180327868851,7.868852459016394,3
335987,2007/08,9,6,87,3,7,60,60,10.0,10.0,167,80,8.7,8.0,0.6999999999999993,0.35,middle,1,Sawai Mansingh Stadium,0.674,46,Rajasthan Royals,Kings XI Punjab,13,6,0,1,0.0,0.0,0,11.0,22.0,0.0,2.0,2.3000000000000007,0.9195402298850576,1.7333333333333334,8.0,3
335987,2007/08,10,1,88,3,7,61,59,10.166666666666666,9.833333333333334,167,79,8.655737704918034,8.033898305084746,0.6218393998332878,0.3441666666666666,middle,1,Sawai Mansingh Stadium,0.674,46,Rajasthan Royals,Kings XI Punjab,13,6,0,1,1.0,0.0,0,8.0,17.0,0.0,1.0,-0.6557377049180335,0.9281587057010784,1.740677966101695,8.033898305084746,3
335987,2007/08,10,2,92,3,7,62,58,10.333333333333334,9.666666666666666,167,75,8.903225806451612,7.758620689655173,1.1446051167964395,0.3383333333333333,middle,1,Sawai Mansingh Stadium,0.674,46,Rajasthan Royals,Kings XI Punjab,13,6,0,1,4.0,0.0,1,11.0,20.0,0.0,2.0,2.096774193548388,0.8714392803598202,1.6810344827586208,7.758620689655173,3
335987,2007/08,10,3,93,3,7,63,57,10.5,9.5,167,74,8.857142857142858,7.7894736842105265,1.067669172932331,0.3324999999999999,middle,1,Sawai Mansingh Stadium,0.674,46,Rajasthan Royals,Kings XI Punjab,13,6,0,1,1.0,0.0,0,11.0,21.0,0.0,2.0,2.1428571428571423,0.8794567062818336,1.6877192982456142,7.7894736842105265,3
335987,2007/08,10,4,93,3,7,64,56,10.666666666666666,9.333333333333334,167,74,8.71875,7.928571428571428,0.7901785714285721,0.3266666666666666,middle,1,Sawai Mansingh Stadium,0.674,46,Rajasthan Royals,Kings XI Punjab,13,6,0,1,0.0,0.0,0,7.0,21.0,0.0,1.0,-1.71875,0.9093701996927802,1.717857142857143,7.928571428571428,3
335987,2007/08,10,5,99,3,7,65,55,10.833333333333334,9.166666666666666,167,68,9.138461538461538,7.418181818181819,1.720279720279719,0.3208333333333333,middle,1,Sawai Mansingh Stadium,0.674,46,Rajasthan Royals,Kings XI Punjab,13,6,0,1,6.0,0.0,1,12.0,23.0,0.0,2.0,2.861538461538462,0.8117539026629937,1.6072727272727272,7.418181818181819,3
335987,2007/08,10,6,99,3,7,66,54,11.0,9.0,167,68,9.0,7.555555555555555,1.4444444444444446,0.315,middle,1,Sawai Mansingh Stadium,0.674,46,Rajasthan Royals,Kings XI Punjab,13,6,0,1,0.0,0.0,0,12.0,23.0,0.0,2.0,3.0,0.8395061728395061,1.637037037037037,7.555555555555555,3
335987,2007/08,11,1,99,3,7,67,53,11.166666666666666,8.833333333333334,167,68,8.865671641791046,7.698113207547169,1.167558434243877,0.3091666666666666,middle,1,Sawai Mansingh Stadium,0.674,46,Rajasthan Royals,Kings XI Punjab,13,6,0,1,0.0,0.0,0,11.0,19.0,0.0,2.0,2.134328358208954,0.8683056984943776,1.6679245283018869,7.698113207547169,3
335987,2007/08,11,2,99,4,6,68,52,11.333333333333334,8.666666666666666,167,68,8.735294117647058,7.846153846153847,0.8891402714932113,0.26,middle,1,Sawai Mansingh Stadium,0.674,46,Rajasthan Royals,Kings XI Punjab,13,6,0,1,0.0,1.0,0,7.0,18.0,1.0,1.0,-1.735294117647058,0.8982128982128984,1.8307692307692307,7.846153846153847,4
335987,2007/08,11,3,100,4,6,68,52,11.333333333333334,8.666666666666666,167,67,8.823529411764705,7.730769230769232,1.092760180995473,0.26,middle,1,Sawai Mansingh Stadium,0.674,46,Rajasthan Royals,Kings XI Punjab,13,6,0,1,1.0,0.0,0,7.0,18.0,1.0,1.0,-1.8235294117647047,0.8761538461538464,1.8038461538461537,7.730769230769232,4
335987,2007/08,11,4,100,4,6,69,51,11.5,8.5,167,67,8.695652173913043,7.882352941176471,0.813299232736572,0.255,middle,1,Sawai Mansingh Stadium,0.674,46,Rajasthan Royals,Kings XI Punjab,13,6,0,1,0.0,0.0,0,7.0,14.0,1.0,1.0,-1.695652173913043,0.9064705882352944,1.8392156862745097,7.882352941176471,4
335987,2007/08,11,5,100,4,6,70,50,11.666666666666666,8.333333333333334,167,67,8.571428571428571,8.04,0.531428571428572,0.25,middle,1,Sawai Mansingh Stadium,0.674,46,Rajasthan Royals,Kings XI Punjab,13,6,0,1,0.0,0.0,0,1.0,13.0,1.0,0.0,-7.571428571428571,0.938,1.876,8.04,4
335987,2007/08,11,6,101,4,6,71,49,11.833333333333334,8.166666666666666,167,66,8.535211267605634,8.081632653061225,0.4535786145444085,0.245,middle,1,Sawai Mansingh Stadium,0.674,46,Rajasthan Royals,Kings XI Punjab,13,6,0,1,1.0,0.0,0,2.0,14.0,1.0,0.0,-6.535211267605634,0.9468579511012328,1.8857142857142852,8.081632653061225,4
335987,2007/08,11,7,102,4,6,72,48,12.0,8.0,167,65,8.5,8.125,0.375,0.24,middle,1,Sawai Mansingh Stadium,0.674,46,Rajasthan Royals,Kings XI Punjab,13,6,0,1,1.0,0.0,0,3.0,14.0,1.0,0.0,-5.5,0.9558823529411764,1.8958333333333333,8.125,4
335987,2007/08,12,1,103,4,6,73,47,12.166666666666666,7.833333333333333,167,64,8.465753424657535,8.170212765957448,0.2955406587000873,0.235,middle,1,Sawai Mansingh Stadium,0.674,46,Rajasthan Royals,Kings XI Punjab,13,6,0,1,1.0,0.0,0,4.0,11.0,1.0,0.0,-4.465753424657535,0.9650898574674656,1.906382978723404,8.170212765957448,4
335987,2007/08,12,2,104,4,6,74,46,12.333333333333334,7.666666666666667,167,63,8.432432432432432,8.217391304347826,0.2150411280846054,0.23,middle,1,Sawai Mansingh Stadium,0.674,46,Rajasthan Royals,Kings XI Punjab,13,6,0,1,1.0,0.0,0,4.0,11.0,1.0,0.0,-4.432432432432432,0.9744983277591974,1.917391304347826,8.217391304347826,4
335987,2007/08,12,3,106,4,6,75,45,12.5,7.5,167,61,8.48,8.133333333333333,0.3466666666666675,0.2249999999999999,middle,1,Sawai Mansingh Stadium,0.674,46,Rajasthan Royals,Kings XI Punjab,13,6,0,1,2.0,0.0,0,6.0,13.0,1.0,0.0,-2.4800000000000004,0.9591194968553458,1.8977777777777776,8.133333333333333,4
335987,2007/08,12,4,112,4,6,76,44,12.666666666666666,7.333333333333333,167,55,8.842105263157896,7.5,1.3421052631578956,0.2199999999999999,middle,1,Sawai Mansingh Stadium,0.674,46,Rajasthan Royals,Kings XI Punjab,13,6,0,1,6.0,0.0,1,12.0,13.0,1.0,1.0,3.1578947368421044,0.8482142857142856,1.75,7.5,4
335987,2007/08,12,5,114,4,6,77,43,12.833333333333334,7.166666666666667,167,53,8.883116883116882,7.395348837209302,1.48776804590758,0.215,middle,1,Sawai Mansingh Stadium,0.674,46,Rajasthan Royals,Kings XI Punjab,13,6,0,1,2.0,0.0,0,13.0,15.0,1.0,1.0,4.116883116883118,0.8325173398612812,1.725581395348837,7.395348837209302,4
335987,2007/08,12,6,114,4,6,78,42,13.0,7.0,167,53,8.76923076923077,7.571428571428571,1.1978021978021989,0.21,middle,1,Sawai Mansingh Stadium,0.674,46,Rajasthan Royals,Kings XI Punjab,13,6,0,1,0.0,0.0,0,12.0,15.0,1.0,1.0,3.23076923076923,0.8634085213032581,1.7666666666666664,7.571428571428571,4
335987,2007/08,13,1,114,4,6,79,41,13.166666666666666,6.833333333333333,167,53,8.658227848101266,7.75609756097561,0.9021302871256554,0.205,middle,1,Sawai Mansingh Stadium,0.674,46,Rajasthan Royals,Kings XI Punjab,13,6,0,1,0.0,0.0,0,11.0,15.0,0.0,1.0,2.3417721518987342,0.8958065896448439,1.8097560975609757,7.75609756097561,4
335987,2007/08,13,2,118,4,6,80,40,13.333333333333334,6.666666666666667,167,49,8.85,7.35,1.5,0.1999999999999999,middle,1,Sawai Mansingh Stadium,0.674,46,Rajasthan Royals,Kings XI Punjab,13,6,0,1,4.0,0.0,1,14.0,18.0,0.0,2.0,5.15,0.8305084745762712,1.715,7.35,4
335987,2007/08,13,3,119,4,6,81,39,13.5,6.5,167,48,8.814814814814815,7.384615384615385,1.43019943019943,0.195,middle,1,Sawai Mansingh Stadium,0.674,46,Rajasthan Royals,Kings XI Punjab,13,6,0,1,1.0,0.0,0,13.0,19.0,0.0,2.0,4.185185185185185,0.8377504848093084,1.7230769230769232,7.384615384615385,4
335987,2007/08,13,4,120,4,6,82,38,13.666666666666666,6.333333333333333,167,47,8.78048780487805,7.421052631578948,1.3594351732991017,0.1899999999999999,middle,1,Sawai Mansingh Stadium,0.674,46,Rajasthan Royals,Kings XI Punjab,13,6,0,1,1.0,0.0,0,8.0,20.0,0.0,1.0,-0.7804878048780495,0.8451754385964912,1.731578947368421,7.421052631578948,4
335987,2007/08,13,5,124,4,6,83,37,13.833333333333334,6.166666666666667,167,43,8.963855421686747,6.972972972972973,1.9908824487137733,0.185,middle,1,Sawai Mansingh Stadium,0.674,46,Rajasthan Royals,Kings XI Punjab,13,6,0,1,4.0,0.0,1,10.0,23.0,0.0,2.0,1.0361445783132537,0.777898866608544,1.6270270270270268,6.972972972972973,4
335987,2007/08,13,6,125,4,6,83,37,13.833333333333334,6.166666666666667,167,42,9.036144578313252,6.8108108108108105,2.225333767502443,0.185,middle,1,Sawai Mansingh Stadium,0.674,46,Rajasthan Royals,Kings XI Punjab,13,6,0,1,1.0,0.0,0,11.0,23.0,0.0,2.0,1.9638554216867483,0.7537297297297298,1.589189189189189,6.8108108108108105,4
335987,2007/08,13,7,127,4,6,84,36,14.0,6.0,167,40,9.071428571428571,6.666666666666667,2.404761904761904,0.18,middle,1,Sawai Mansingh Stadium,0.674,46,Rajasthan Royals,Kings XI Punjab,13,6,0,1,2.0,0.0,0,13.0,24.0,0.0,2.0,3.928571428571429,0.7349081364829397,1.5555555555555556,6.666666666666667,4
335987,2007/08,14,1,131,4,6,85,35,14.166666666666666,5.833333333333333,167,36,9.247058823529413,6.171428571428572,3.075630252100841,0.175,middle,1,Sawai Mansingh Stadium,0.674,46,Rajasthan Royals,Kings XI Punjab,13,6,0,1,4.0,0.0,1,13.0,27.0,0.0,2.0,3.7529411764705873,0.6673936750272628,1.4399999999999995,6.171428571428572,4
335987,2007/08,14,2,132,4,6,86,34,14.333333333333334,5.666666666666667,167,35,9.209302325581396,6.1764705882352935,3.0328317373461022,0.1699999999999999,middle,1,Sawai Mansingh Stadium,0.674,46,Rajasthan Royals,Kings XI Punjab,13,6,0,1,1.0,0.0,0,13.0,26.0,0.0,2.0,3.790697674418604,0.6706773618538323,1.441176470588235,6.1764705882352935,4
335987,2007/08,14,3,136,4,6,87,33,14.5,5.5,167,31,9.379310344827584,5.636363636363637,3.7429467084639487,0.165,middle,1,Sawai Mansingh Stadium,0.674,46,Rajasthan Royals,Kings XI Punjab,13,6,0,1,4.0,0.0,1,16.0,24.0,0.0,3.0,6.620689655172416,0.6009358288770056,1.3151515151515152,5.636363636363637,4
335987,2007/08,14,4,136,4,6,88,32,14.666666666666666,5.333333333333333,167,31,9.272727272727272,5.8125,3.4602272727272734,0.16,middle,1,Sawai Mansingh Stadium,0.674,46,Rajasthan Royals,Kings XI Punjab,13,6,0,1,0.0,0.0,0,12.0,22.0,0.0,2.0,2.7272727272727284,0.6268382352941178,1.35625,5.8125,4
335987,2007/08,14,5,142,4,6,89,31,14.833333333333334,5.166666666666667,167,25,9.573033707865168,4.838709677419355,4.734324030445813,0.155,middle,1,Sawai Mansingh Stadium,0.674,46,Rajasthan Royals,Kings XI Punjab,13,6,0,1,6.0,0.0,1,17.0,28.0,0.0,3.0,7.426966292134832,0.5054520672421627,1.129032258064516,4.838709677419355,4
335987,2007/08,14,6,142,4,6,90,30,15.0,5.0,167,25,9.466666666666669,5.0,4.466666666666667,0.15,middle,1,Sawai Mansingh Stadium,0.674,46,Rajasthan Royals,Kings XI Punjab,13,6,0,1,0.0,0.0,0,15.0,28.0,0.0,3.0,5.533333333333331,0.5281690140845069,1.1666666666666667,5.0,4
335987,2007/08,15,1,143,4,6,91,29,15.166666666666666,4.833333333333333,167,24,9.428571428571429,4.965517241379311,4.463054187192118,0.145,death,2,Sawai Mansingh Stadium,0.674,46,Rajasthan Royals,Kings XI Punjab,13,6,0,1,1.0,0.0,0,12.0,25.0,0.0,2.0,2.571428571428571,0.5266457680250785,1.1586206896551725,9.931034482758625,8
335987,2007/08,15,2,147,4,6,92,28,15.333333333333334,4.666666666666667,167,20,9.58695652173913,4.285714285714286,5.301242236024845,0.1399999999999999,death,2,Sawai Mansingh Stadium,0.674,46,Rajasthan Royals,Kings XI Punjab,13,6,0,1,4.0,0.0,1,15.0,28.0,0.0,3.0,5.413043478260869,0.4470359572400388,1.0,8.571428571428571,8
335987,2007/08,15,3,147,4,6,93,27,15.5,4.5,167,20,9.483870967741936,4.444444444444445,5.039426523297491,0.135,death,2,Sawai Mansingh Stadium,0.674,46,Rajasthan Royals,Kings XI Punjab,13,6,0,1,0.0,0.0,0,11.0,27.0,0.0,2.0,1.516129032258064,0.4686318972033257,1.037037037037037,8.88888888888889,8
335987,2007/08,15,4,147,4,6,94,26,15.666666666666666,4.333333333333333,167,20,9.382978723404255,4.615384615384616,4.767594108019639,0.13,death,2,Sawai Mansingh Stadium,0.674,46,Rajasthan Royals,Kings XI Punjab,13,6,0,1,0.0,0.0,0,11.0,23.0,0.0,2.0,1.6170212765957448,0.4918890633176348,1.0769230769230769,9.230769230769232,8
335987,2007/08,15,5,151,4,6,95,25,15.833333333333334,4.166666666666667,167,16,9.536842105263158,3.84,5.696842105263158,0.125,death,2,Sawai Mansingh Stadium,0.674,46,Rajasthan Royals,Kings XI Punjab,13,6,0,1,4.0,0.0,1,9.0,26.0,0.0,2.0,-0.5368421052631582,0.4026490066225165,0.8959999999999999,7.68,8
335987,2007/08,15,6,152,4,6,96,24,16.0,4.0,167,15,9.5,3.75,5.75,0.12,death,2,Sawai Mansingh Stadium,0.674,46,Rajasthan Royals,Kings XI Punjab,13,6,0,1,1.0,0.0,0,10.0,25.0,0.0,2.0,0.5,0.3947368421052631,0.875,7.5,8
335987,2007/08,16,1,152,4,6,97,23,16.166666666666668,3.8333333333333335,167,15,9.402061855670102,3.9130434782608696,5.4890183774092325,0.115,death,2,Sawai Mansingh Stadium,0.674,46,Rajasthan Royals,Kings XI Punjab,13,6,0,1,0.0,0.0,0,9.0,21.0,0.0,2.0,-0.4020618556701016,0.4161899313501145,0.9130434782608696,7.826086956521739,8
335987,2007/08,16,2,152,4,6,98,22,16.333333333333332,3.6666666666666665,167,15,9.306122448979592,4.090909090909091,5.215213358070503,0.1099999999999999,death,2,Sawai Mansingh Stadium,0.674,46,Rajasthan Royals,Kings XI Punjab,13,6,0,1,0.0,0.0,0,5.0,20.0,0.0,1.0,-4.306122448979592,0.4395933014354067,0.9545454545454544,8.181818181818182,8
335987,2007/08,16,3,152,4,6,99,21,16.5,3.5,167,15,9.212121212121213,4.285714285714286,4.926406926406927,0.105,death,2,Sawai Mansingh Stadium,0.674,46,Rajasthan Royals,Kings XI Punjab,13,6,0,1,0.0,0.0,0,5.0,16.0,0.0,1.0,-4.212121212121213,0.4652255639097744,1.0,8.571428571428571,8
335987,2007/08,16,4,153,4,6,100,20,16.666666666666668,3.333333333333333,167,14,9.18,4.2,4.98,0.0999999999999999,death,2,Sawai Mansingh Stadium,0.674,46,Rajasthan Royals,Kings XI Punjab,13,6,0,1,1.0,0.0,0,6.0,17.0,0.0,1.0,-3.18,0.4575163398692811,0.98,8.4,8
335987,2007/08,16,5,153,4,6,101,19,16.833333333333332,3.1666666666666665,167,14,9.08910891089109,4.421052631578948,4.668056279312142,0.0949999999999999,death,2,Sawai Mansingh Stadium,0.674,46,Rajasthan Royals,Kings XI Punjab,13,6,0,1,0.0,0.0,0,2.0,11.0,0.0,0.0,-7.08910891089109,0.4864121087031304,1.031578947368421,8.842105263157896,8
335987,2007/08,16,6,154,4,6,102,18,17.0,3.0,167,13,9.058823529411764,4.333333333333333,4.725490196078432,0.09,death,2,Sawai Mansingh Stadium,0.674,46,Rajasthan Royals,Kings XI Punjab,13,6,0,1,1.0,0.0,0,2.0,12.0,0.0,0.0,-7.0588235294117645,0.4783549783549783,1.011111111111111,8.666666666666666,8
335987,2007/08,17,1,155,4,6,103,17,17.166666666666668,2.833333333333333,167,12,9.029126213592232,4.235294117647059,4.793832095945173,0.0849999999999999,death,2,Sawai Mansingh Stadium,0.674,46,Rajasthan Royals,Kings XI Punjab,13,6,0,1,1.0,0.0,0,3.0,12.0,0.0,0.0,-6.029126213592232,0.4690702087286528,0.9882352941176472,8.470588235294118,8
335987,2007/08,17,2,156,4,6,103,17,17.166666666666668,2.833333333333333,167,11,9.0873786407767,3.882352941176471,5.205025699600228,0.0849999999999999,death,2,Sawai Mansingh Stadium,0.674,46,Rajasthan Royals,Kings XI Punjab,13,6,0,1,1.0,0.0,0,4.0,9.0,0.0,0.0,-5.0873786407767,0.4272247360482654,0.9058823529411764,7.764705882352942,8
335987,2007/08,17,3,158,4,6,104,16,17.333333333333332,2.6666666666666665,167,9,9.115384615384617,3.375,5.740384615384617,0.08,death,2,Sawai Mansingh Stadium,0.674,46,Rajasthan Royals,Kings XI Punjab,13,6,0,1,2.0,0.0,0,6.0,11.0,0.0,0.0,-3.1153846153846168,0.3702531645569619,0.7875,6.75,8
335987,2007/08,17,4,159,4,6,105,15,17.5,2.5,167,8,9.085714285714284,3.2,5.885714285714285,0.075,death,2,Sawai Mansingh Stadium,0.674,46,Rajasthan Royals,Kings XI Punjab,13,6,0,1,1.0,0.0,0,6.0,12.0,0.0,0.0,-3.085714285714284,0.3522012578616353,0.7466666666666666,6.4,8
335987,2007/08,17,5,161,4,6,106,14,17.666666666666668,2.333333333333333,167,6,9.11320754716981,2.571428571428571,6.54177897574124,0.0699999999999999,death,2,Sawai Mansingh Stadium,0.674,46,Rajasthan Royals,Kings XI Punjab,13,6,0,1,2.0,0.0,0,8.0,10.0,0.0,0.0,-1.1132075471698109,0.2821650399290151,0.6,5.142857142857142,8
335987,2007/08,17,6,163,4,6,107,13,17.833333333333332,2.1666666666666665,167,4,9.14018691588785,1.8461538461538465,7.294033069734004,0.065,death,2,Sawai Mansingh Stadium,0.674,46,Rajasthan Royals,Kings XI Punjab,13,6,0,1,2.0,0.0,0,9.0,11.0,0.0,0.0,-0.1401869158878508,0.2019820670127418,0.4307692307692308,3.692307692307693,8
335987,2007/08,17,7,164,4,6,108,12,18.0,2.0,167,3,9.11111111111111,1.5,7.611111111111111,0.06,death,2,Sawai Mansingh Stadium,0.674,46,Rajasthan Royals,Kings XI Punjab,13,6,0,1,1.0,0.0,0,9.0,12.0,0.0,0.0,-0.1111111111111107,0.1646341463414634,0.35,3.0,8
335987,2007/08,18,1,168,4,6,109,11,18.166666666666668,1.8333333333333333,167,0,9.247706422018348,0.0,9.247706422018348,0.0549999999999999,death,2,Sawai Mansingh Stadium,0.674,46,Rajasthan Royals,Kings XI Punjab,13,6,0,1,4.0,0.0,1,12.0,16.0,0.0,1.0,2.752293577981652,0.0,0.0,0.0,8
335988,2007/08,0,1,1,0,10,1,119,0.1666666666666666,19.83333333333333,143,142,6.0,7.159663865546219,-1.1596638655462188,0.9916666666666668,powerplay,0,"Rajiv Gandhi International Stadium, Uppal",0.391,46,Delhi Daredevils,Deccan Chargers,3,1,0,0,1.0,0.0,0,1.0,1.0,0.0,0.0,-5.0,1.1932773109243695,1.1932773109243695,0.0,0
335988,2007/08,0,2,2,0,10,2,118,0.3333333333333333,19.666666666666668,143,141,6.0,7.169491525423728,-1.1694915254237284,0.9833333333333332,powerplay,0,"Rajiv Gandhi International Stadium, Uppal",0.391,46,Delhi Daredevils,Deccan Chargers,3,1,0,0,1.0,0.0,0,2.0,2.0,0.0,0.0,-4.0,1.194915254237288,1.194915254237288,0.0,0
335988,2007/08,0,3,3,0,10,3,117,0.5,19.5,143,140,6.0,7.17948717948718,-1.1794871794871795,0.975,powerplay,0,"Rajiv Gandhi International Stadium, Uppal",0.391,46,Delhi Daredevils,Deccan Chargers,3,1,0,0,1.0,0.0,0,3.0,3.0,0.0,0.0,-3.0,1.1965811965811963,1.1965811965811963,0.0,0
335988,2007/08,0,4,3,0,10,4,116,0.6666666666666666,19.33333333333333,143,140,4.5,7.241379310344828,-2.7413793103448283,0.9666666666666668,powerplay,0,"Rajiv Gandhi International Stadium, Uppal",0.391,46,Delhi Daredevils,Deccan Chargers,3,1,0,0,0.0,0.0,0,3.0,3.0,0.0,0.0,-1.5,1.6091954022988508,1.206896551724138,0.0,0
335988,2007/08,0,5,4,0,10,5,115,0.8333333333333334,19.166666666666668,143,139,4.8,7.252173913043478,-2.4521739130434783,0.9583333333333334,powerplay,0,"Rajiv Gandhi International Stadium, Uppal",0.391,46,Delhi Daredevils,Deccan Chargers,3,1,0,0,1.0,0.0,0,4.0,4.0,0.0,0.0,-0.7999999999999998,1.5108695652173914,1.208695652173913,0.0,0
335988,2007/08,0,6,4,0,10,6,114,1.0,19.0,143,139,4.0,7.315789473684211,-3.3157894736842106,0.95,powerplay,0,"Rajiv Gandhi International Stadium, Uppal",0.391,46,Delhi Daredevils,Deccan Chargers,3,1,0,0,0.0,0.0,0,4.0,4.0,0.0,0.0,0.0,1.8289473684210529,1.219298245614035,0.0,0
335988,2007/08,1,1,8,0,10,7,113,1.1666666666666667,18.83333333333333,143,135,6.857142857142857,7.168141592920354,-0.3109987357774972,0.9416666666666668,powerplay,0,"Rajiv Gandhi International Stadium, Uppal",0.391,46,Delhi Daredevils,Deccan Chargers,3,1,0,0,4.0,0.0,1,7.0,8.0,0.0,1.0,0.1428571428571432,1.045353982300885,1.1946902654867255,0.0,0
335988,2007/08,1,2,12,0,10,8,112,1.3333333333333333,18.666666666666668,143,131,9.0,7.017857142857142,1.9821428571428577,0.9333333333333332,powerplay,0,"Rajiv Gandhi International Stadium, Uppal",0.391,46,Delhi Daredevils,Deccan Chargers,3,1,0,0,4.0,0.0,1,10.0,12.0,0.0,2.0,1.0,0.7797619047619047,1.1696428571428572,0.0,0
335988,2007/08,1,3,13,0,10,9,111,1.5,18.5,143,130,8.666666666666666,7.027027027027027,1.6396396396396389,0.925,powerplay,0,"Rajiv Gandhi International Stadium, Uppal",0.391,46,Delhi Daredevils,Deccan Chargers,3,1,0,0,1.0,0.0,0,10.0,13.0,0.0,2.0,1.333333333333334,0.8108108108108109,1.1711711711711712,0.0,0
335988,2007/08,1,4,17,0,10,10,110,1.6666666666666667,18.33333333333333,143,126,10.2,6.872727272727273,3.3272727272727263,0.9166666666666666,powerplay,0,"Rajiv Gandhi International Stadium, Uppal",0.391,46,Delhi Daredevils,Deccan Chargers,3,1,0,0,4.0,0.0,1,14.0,17.0,0.0,3.0,3.8000000000000007,0.6737967914438503,1.1454545454545455,0.0,0
335988,2007/08,1,5,18,0,10,11,109,1.8333333333333333,18.166666666666668,143,125,9.818181818181818,6.880733944954128,2.9374478732276907,0.9083333333333332,powerplay,0,"Rajiv Gandhi International Stadium, Uppal",0.391,46,Delhi Daredevils,Deccan Chargers,3,1,0,0,1.0,0.0,0,14.0,18.0,0.0,3.0,4.181818181818182,0.7008154943934759,1.146788990825688,0.0,0
335988,2007/08,1,6,18,0,10,12,108,2.0,18.0,143,125,9.0,6.944444444444445,2.055555555555556,0.9,powerplay,0,"Rajiv Gandhi International Stadium, Uppal",0.391,46,Delhi Daredevils,Deccan Chargers,3,1,0,0,0.0,0.0,0,14.0,18.0,0.0,3.0,5.0,0.7716049382716049,1.1574074074074074,0.0,0
335988,2007/08,2,1,19,0,10,13,107,2.1666666666666665,17.833333333333332,143,124,8.76923076923077,6.953271028037384,1.815959741193386,0.8916666666666667,powerplay,0,"Rajiv Gandhi International Stadium, Uppal",0.391,46,Delhi Daredevils,Deccan Chargers,3,1,0,0,1.0,0.0,0,11.0,18.0,0.0,2.0,2.23076923076923,0.792916871618298,1.158878504672897,0.0,0
335988,2007/08,2,2,21,0,10,14,106,2.333333333333333,17.666666666666668,143,122,9.0,6.90566037735849,2.0943396226415096,0.8833333333333333,powerplay,0,"Rajiv Gandhi International Stadium, Uppal",0.391,46,Delhi Daredevils,Deccan Chargers,3,1,0,0,2.0,0.0,0,9.0,19.0,0.0,1.0,0.0,0.7672955974842767,1.150943396226415,0.0,0
335988,2007/08,2,3,25,0,10,15,105,2.5,17.5,143,118,10.0,6.742857142857143,3.257142857142857,0.875,powerplay,0,"Rajiv Gandhi International Stadium, Uppal",0.391,46,Delhi Daredevils,Deccan Chargers,3,1,0,0,4.0,0.0,1,12.0,22.0,0.0,2.0,2.0,0.6742857142857143,1.1238095238095238,0.0,0
335988,2007/08,2,4,26,0,10,16,104,2.6666666666666665,17.333333333333332,143,117,9.75,6.750000000000001,2.999999999999999,0.8666666666666667,powerplay,0,"Rajiv Gandhi International Stadium, Uppal",0.391,46,Delhi Daredevils,Deccan Chargers,3,1,0,0,1.0,0.0,0,9.0,23.0,0.0,1.0,-0.75,0.6923076923076924,1.125,0.0,0
335988,2007/08,2,5,26,0,10,17,103,2.833333333333333,17.166666666666668,143,117,9.176470588235292,6.815533980582524,2.3609366076527696,0.8583333333333333,powerplay,0,"Rajiv Gandhi International Stadium, Uppal",0.391,46,Delhi Daredevils,Deccan Chargers,3,1,0,0,0.0,0.0,0,8.0,22.0,0.0,1.0,-1.1764705882352915,0.7427184466019419,1.135922330097087,0.0,0
335988,2007/08,2,6,30,0,10,18,102,3.0,17.0,143,113,10.0,6.647058823529412,3.352941176470588,0.85,powerplay,0,"Rajiv Gandhi International Stadium, Uppal",0.391,46,Delhi Daredevils,Deccan Chargers,3,1,0,0,4.0,0.0,1,12.0,26.0,0.0,2.0,2.0,0.6647058823529413,1.107843137254902,0.0,0
335988,2007/08,3,1,30,0,10,19,101,3.1666666666666665,16.833333333333332,143,113,9.473684210526317,6.7128712871287135,2.760812923397604,0.8416666666666667,powerplay,0,"Rajiv Gandhi International Stadium, Uppal",0.391,46,Delhi Daredevils,Deccan Chargers,3,1,0,0,0.0,0.0,0,11.0,22.0,0.0,2.0,1.5263157894736832,0.7085808580858086,1.118811881188119,0.0,0
335988,2007/08,3,2,31,0,10,20,100,3.333333333333333,16.666666666666668,143,112,9.3,6.72,2.579999999999999,0.8333333333333334,powerplay,0,"Rajiv Gandhi International Stadium, Uppal",0.391,46,Delhi Daredevils,Deccan Chargers,3,1,0,0,1.0,0.0,0,10.0,19.0,0.0,2.0,0.6999999999999993,0.7225806451612903,1.12,0.0,0
335988,2007/08,3,3,31,1,9,21,99,3.5,16.5,143,112,8.857142857142858,6.787878787878788,2.0692640692640696,0.7424999999999999,powerplay,0,"Rajiv Gandhi International Stadium, Uppal",0.391,46,Delhi Daredevils,Deccan Chargers,3,1,0,0,0.0,1.0,0,6.0,18.0,1.0,1.0,-2.8571428571428577,0.7663734115347018,1.2444444444444445,0.0,0
335988,2007/08,3,4,31,1,9,22,98,3.6666666666666665,16.333333333333332,143,112,8.454545454545455,6.857142857142858,1.5974025974025974,0.735,powerplay,0,"Rajiv Gandhi International Stadium, Uppal",0.391,46,Delhi Daredevils,Deccan Chargers,3,1,0,0,0.0,0.0,0,5.0,14.0,1.0,1.0,-3.454545454545455,0.8110599078341014,1.2571428571428571,0.0,0
335988,2007/08,3,5,32,1,9,23,97,3.8333333333333335,16.166666666666668,143,111,8.347826086956522,6.865979381443299,1.481846705513223,0.7275,powerplay,0,"Rajiv Gandhi International Stadium, Uppal",0.391,46,Delhi Daredevils,Deccan Chargers,3,1,0,0,1.0,0.0,0,6.0,14.0,1.0,1.0,-2.347826086956521,0.8224871134020618,1.258762886597938,0.0,0
335988,2007/08,3,6,32,1,9,24,96,4.0,16.0,143,111,8.0,6.9375,1.0625,0.7200000000000001,powerplay,0,"Rajiv Gandhi International Stadium, Uppal",0.391,46,Delhi Daredevils,Deccan Chargers,3,1,0,0,0.0,0.0,0,2.0,14.0,1.0,0.0,-6.0,0.8671875,1.271875,0.0,0
335988,2007/08,4,1,32,1,9,25,95,4.166666666666667,15.833333333333334,143,111,7.68,7.010526315789473,0.6694736842105264,0.7125,powerplay,0,"Rajiv Gandhi International Stadium, Uppal",0.391,46,Delhi Daredevils,Deccan Chargers,3,1,0,0,0.0,0.0,0,2.0,13.0,1.0,0.0,-5.68,0.912828947368421,1.285263157894737,0.0,0
335988,2007/08,4,2,32,1,9,26,94,4.333333333333333,15.666666666666666,143,111,7.384615384615385,7.085106382978724,0.299509001636661,0.705,powerplay,0,"Rajiv Gandhi International Stadium, Uppal",0.391,46,Delhi Daredevils,Deccan Chargers,3,1,0,0,0.0,0.0,0,1.0,11.0,1.0,0.0,-6.384615384615385,0.959441489361702,1.2989361702127662,0.0,0
335988,2007/08,4,3,33,1,9,27,93,4.5,15.5,143,110,7.333333333333333,7.096774193548387,0.236559139784946,0.6975,powerplay,0,"Rajiv Gandhi International Stadium, Uppal",0.391,46,Delhi Daredevils,Deccan Chargers,3,1,0,0,1.0,0.0,0,2.0,8.0,1.0,0.0,-5.333333333333333,0.967741935483871,1.3010752688172045,0.0,0
335988,2007/08,4,4,37,1,9,28,92,4.666666666666667,15.333333333333334,143,106,7.928571428571428,6.913043478260869,1.0155279503105588,0.6900000000000001,powerplay,0,"Rajiv Gandhi International Stadium, Uppal",0.391,46,Delhi Daredevils,Deccan Chargers,3,1,0,0,4.0,0.0,1,6.0,11.0,1.0,1.0,-1.928571428571428,0.8719153936545241,1.2673913043478262,0.0,0
335988,2007/08,4,5,37,1,9,29,91,4.833333333333333,15.166666666666666,143,106,7.655172413793104,6.989010989010989,0.666161424782115,0.6825,powerplay,0,"Rajiv Gandhi International Stadium, Uppal",0.391,46,Delhi Daredevils,Deccan Chargers,3,1,0,0,0.0,0.0,0,5.0,11.0,1.0,1.0,-2.655172413793104,0.9129789129789128,1.2813186813186814,0.0,0
335988,2007/08,4,6,37,1,9,30,90,5.0,15.0,143,106,7.4,7.066666666666666,0.3333333333333339,0.675,powerplay,0,"Rajiv Gandhi International Stadium, Uppal",0.391,46,Delhi Daredevils,Deccan Chargers,3,1,0,0,0.0,0.0,0,5.0,7.0,1.0,1.0,-2.4000000000000004,0.9549549549549547,1.2955555555555558,0.0,0
335988,2007/08,5,1,38,1,9,30,90,5.0,15.0,143,105,7.6,7.0,0.5999999999999996,0.675,powerplay,0,"Rajiv Gandhi International Stadium, Uppal",0.391,46,Delhi Daredevils,Deccan Chargers,3,1,0,0,1.0,0.0,0,6.0,8.0,1.0,1.0,-1.5999999999999996,0.9210526315789476,1.2833333333333334,0.0,0
335988,2007/08,5,2,38,1,9,31,89,5.166666666666667,14.833333333333334,143,105,7.354838709677419,7.078651685393258,0.2761870242841606,0.6675000000000001,powerplay,0,"Rajiv Gandhi International Stadium, Uppal",0.391,46,Delhi Daredevils,Deccan Chargers,3,1,0,0,0.0,0.0,0,6.0,7.0,1.0,1.0,-1.354838709677419,0.962448255470136,1.2977528089887642,0.0,0
335988,2007/08,5,3,39,1,9,32,88,5.333333333333333,14.666666666666666,143,104,7.3125,7.090909090909091,0.2215909090909091,0.6599999999999999,powerplay,0,"Rajiv Gandhi International Stadium, Uppal",0.391,46,Delhi Daredevils,Deccan Chargers,3,1,0,0,1.0,0.0,0,6.0,8.0,0.0,1.0,-1.3125,0.9696969696969696,1.3000000000000005,0.0,0
335988,2007/08,5,4,40,1,9,33,87,5.5,14.5,143,103,7.272727272727272,7.103448275862069,0.1692789968652031,0.6525,powerplay,0,"Rajiv Gandhi International Stadium, Uppal",0.391,46,Delhi Daredevils,Deccan Chargers,3,1,0,0,1.0,0.0,0,3.0,9.0,0.0,0.0,-4.272727272727272,0.9767241379310349,1.3022988505747128,0.0,0
335988,2007/08,5,5,44,1,9,34,86,5.666666666666667,14.333333333333334,143,99,7.764705882352941,6.906976744186046,0.8577291381668948,0.645,powerplay,0,"Rajiv Gandhi International Stadium, Uppal",0.391,46,Delhi Daredevils,Deccan Chargers,3,1,0,0,4.0,0.0,1,7.0,12.0,0.0,1.0,-0.7647058823529411,0.8895348837209303,1.266279069767442,0.0,0
335988,2007/08,5,6,44,1,9,35,85,5.833333333333333,14.166666666666666,143,99,7.542857142857144,6.988235294117647,0.5546218487394965,0.6375000000000001,powerplay,0,"Rajiv Gandhi International Stadium, Uppal",0.391,46,Delhi Daredevils,Deccan Chargers,3,1,0,0,0.0,0.0,0,7.0,12.0,0.0,1.0,-0.5428571428571436,0.926470588235294,1.2811764705882356,0.0,0
335988,2007/08,5,7,48,1,9,36,84,6.0,14.0,143,95,8.0,6.785714285714286,1.2142857142857144,0.63,powerplay,0,"Rajiv Gandhi International Stadium, Uppal",0.391,46,Delhi Daredevils,Deccan Chargers,3,1,0,0,4.0,0.0,1,10.0,16.0,0.0,2.0,2.0,0.8482142857142857,1.244047619047619,0.0,0
335988,2007/08,6,1,52,1,9,37,83,6.166666666666667,13.833333333333334,143,91,8.432432432432432,6.578313253012048,1.8541191794203835,0.6225,middle,1,"Rajiv Gandhi International Stadium, Uppal",0.391,46,Delhi Daredevils,Deccan Chargers,3,1,0,0,4.0,0.0,1,14.0,20.0,0.0,3.0,5.567567567567568,0.7801204819277109,1.2060240963855424,6.578313253012048,1
335988,2007/08,6,2,52,1,9,38,82,6.333333333333333,13.666666666666666,143,91,8.210526315789474,6.658536585365854,1.55198973042362,0.615,middle,1,"Rajiv Gandhi International Stadium, Uppal",0.391,46,Delhi Daredevils,Deccan Chargers,3,1,0,0,0.0,0.0,0,13.0,19.0,0.0,3.0,4.789473684210526,0.8109756097560976,1.2207317073170734,6.658536585365854,1
335988,2007/08,6,3,53,1,9,39,81,6.5,13.5,143,90,8.153846153846153,6.666666666666667,1.4871794871794863,0.6075,middle,1,"Rajiv Gandhi International Stadium, Uppal",0.391,46,Delhi Daredevils,Deccan Chargers,3,1,0,0,1.0,0.0,0,13.0,16.0,0.0,3.0,4.846153846153847,0.8176100628930818,1.2222222222222223,6.666666666666667,1
335988,2007/08,6,4,55,1,9,40,80,6.666666666666667,13.333333333333334,143,88,8.25,6.6,1.6500000000000004,0.6,middle,1,"Rajiv Gandhi International Stadium, Uppal",0.391,46,Delhi Daredevils,Deccan Chargers,3,1,0,0,2.0,0.0,0,11.0,18.0,0.0,2.0,2.75,0.7999999999999999,1.2100000000000002,6.6,1
335988,2007/08,6,5,55,1,9,41,79,6.833333333333333,13.166666666666666,143,88,8.048780487804878,6.6835443037974684,1.3652361840074096,0.5925,middle,1,"Rajiv Gandhi International Stadium, Uppal",0.391,46,Delhi Daredevils,Deccan Chargers,3,1,0,0,0.0,0.0,0,11.0,18.0,0.0,2.0,2.951219512195122,0.830379746835443,1.2253164556962026,6.6835443037974684,1
335988,2007/08,6,6,55,1,9,42,78,7.0,13.0,143,88,7.857142857142857,6.769230769230769,1.0879120879120876,0.5850000000000001,middle,1,"Rajiv Gandhi International Stadium, Uppal",0.391,46,Delhi Daredevils,Deccan Chargers,3,1,0,0,0.0,0.0,0,7.0,17.0,0.0,1.0,-0.8571428571428568,0.8615384615384616,1.241025641025641,6.769230769230769,1
335988,2007/08,7,1,56,1,9,43,77,7.166666666666667,12.833333333333334,143,87,7.813953488372093,6.779220779220779,1.0347327091513137,0.5775,middle,1,"Rajiv Gandhi International Stadium, Uppal",0.391,46,Delhi Daredevils,Deccan Chargers,3,1,0,0,1.0,0.0,0,4.0,18.0,0.0,0.0,-3.8139534883720927,0.8675788497217068,1.242857142857143,6.779220779220779,1
335988,2007/08,7,2,56,1,9,44,76,7.333333333333333,12.666666666666666,143,87,7.636363636363637,6.86842105263158,0.767942583732057,0.57,middle,1,"Rajiv Gandhi International Stadium, Uppal",0.391,46,Delhi Daredevils,Deccan Chargers,3,1,0,0,0.0,0.0,0,4.0,17.0,0.0,0.0,-3.6363636363636367,0.8994360902255639,1.2592105263157896,6.86842105263158,1
335988,2007/08,7,3,58,1,9,45,75,7.5,12.5,143,85,7.733333333333333,6.8,0.9333333333333336,0.5625,middle,1,"Rajiv Gandhi International Stadium, Uppal",0.391,46,Delhi Daredevils,Deccan Chargers,3,1,0,0,2.0,0.0,0,5.0,18.0,0.0,0.0,-2.7333333333333334,0.8793103448275862,1.2466666666666668,6.8,1
335988,2007/08,7,4,58,1,9,46,74,7.666666666666667,12.333333333333334,143,85,7.565217391304348,6.891891891891891,0.6733254994124565,0.555,middle,1,"Rajiv Gandhi International Stadium, Uppal",0.391,46,Delhi Daredevils,Deccan Chargers,3,1,0,0,0.0,0.0,0,3.0,14.0,0.0,0.0,-4.565217391304348,0.9109972041006524,1.2635135135135136,6.891891891891891,1
335988,2007/08,7,5,59,1,9,47,73,7.833333333333333,12.166666666666666,143,84,7.531914893617022,6.904109589041096,0.6278053045759258,0.5475,middle,1,"Rajiv Gandhi International Stadium, Uppal",0.391,46,Delhi Daredevils,Deccan Chargers,3,1,0,0,1.0,0.0,0,4.0,15.0,0.0,0.0,-3.5319148936170217,0.9166473183190156,1.2657534246575344,6.904109589041096,1
335988,2007/08,7,6,60,1,9,48,72,8.0,12.0,143,83,7.5,6.916666666666667,0.583333333333333,0.54,middle,1,"Rajiv Gandhi International Stadium, Uppal",0.391,46,Delhi Daredevils,Deccan Chargers,3,1,0,0,1.0,0.0,0,5.0,12.0,0.0,0.0,-2.5,0.9222222222222224,1.2680555555555555,6.916666666666667,1
335988,2007/08,8,1,61,1,9,48,72,8.0,12.0,143,82,7.625,6.833333333333333,0.791666666666667,0.54,middle,1,"Rajiv Gandhi International Stadium, Uppal",0.391,46,Delhi Daredevils,Deccan Chargers,3,1,0,0,1.0,0.0,0,5.0,9.0,0.0,0.0,-2.625,0.8961748633879781,1.2527777777777778,6.833333333333333,1
335988,2007/08,8,2,62,1,9,49,71,8.166666666666666,11.833333333333334,143,81,7.591836734693878,6.845070422535211,0.746766312158667,0.5325,middle,1,"Rajiv Gandhi International Stadium, Uppal",0.391,46,Delhi Daredevils,Deccan Chargers,3,1,0,0,1.0,0.0,0,6.0,10.0,0.0,0.0,-1.591836734693878,0.9016356201726488,1.2549295774647888,6.845070422535211,1
335988,2007/08,8,3,63,1,9,50,70,8.333333333333334,11.666666666666666,143,80,7.56,6.857142857142858,0.702857142857142,0.525,middle,1,"Rajiv Gandhi International Stadium, Uppal",0.391,46,Delhi Daredevils,Deccan Chargers,3,1,0,0,1.0,0.0,0,5.0,10.0,0.0,0.0,-2.56,0.90702947845805,1.2571428571428571,6.857142857142858,1
335988,2007/08,8,4,67,1,9,51,69,8.5,11.5,143,76,7.882352941176471,6.608695652173913,1.273657289002558,0.5175,middle,1,"Rajiv Gandhi International Stadium, Uppal",0.391,46,Delhi Daredevils,Deccan Chargers,3,1,0,0,4.0,0.0,1,9.0,12.0,0.0,1.0,1.117647058823529,0.8384166125892277,1.211594202898551,6.608695652173913,1
335988,2007/08,8,5,73,1,9,52,68,8.666666666666666,11.333333333333334,143,70,8.423076923076923,6.1764705882352935,2.24660633484163,0.51,middle,1,"Rajiv Gandhi International Stadium, Uppal",0.391,46,Delhi Daredevils,Deccan Chargers,3,1,0,0,6.0,0.0,1,14.0,18.0,0.0,2.0,5.576923076923077,0.733279613215149,1.1323529411764706,6.1764705882352935,1
335988,2007/08,8,6,79,1,9,53,67,8.833333333333334,11.166666666666666,143,64,8.943396226415095,5.73134328358209,3.2120529428330045,0.5025000000000001,middle,1,"Rajiv Gandhi International Stadium, Uppal",0.391,46,Delhi Daredevils,Deccan Chargers,3,1,0,0,6.0,0.0,1,19.0,24.0,0.0,3.0,10.056603773584904,0.6408464009068582,1.0507462686567164,5.73134328358209,1
335988,2007/08,8,7,83,1,9,54,66,9.0,11.0,143,60,9.22222222222222,5.454545454545454,3.7676767676767673,0.495,middle,1,"Rajiv Gandhi International Stadium, Uppal",0.391,46,Delhi Daredevils,Deccan Chargers,3,1,0,0,4.0,0.0,1,22.0,27.0,0.0,4.0,12.77777777777778,0.5914567360350494,1.0,5.454545454545454,1
335988,2007/08,9,1,84,1,9,55,65,9.166666666666666,10.833333333333334,143,59,9.163636363636364,5.4461538461538455,3.717482517482519,0.4875,middle,1,"Rajiv Gandhi International Stadium, Uppal",0.391,46,Delhi Daredevils,Deccan Chargers,3,1,0,0,1.0,0.0,0,22.0,28.0,0.0,4.0,12.836363636363636,0.5943223443223442,0.9984615384615384,5.4461538461538455,1
335988,2007/08,9,2,86,1,9,56,64,9.333333333333334,10.666666666666666,143,57,9.214285714285714,5.34375,3.8705357142857135,0.48,middle,1,"Rajiv Gandhi International Stadium, Uppal",0.391,46,Delhi Daredevils,Deccan Chargers,3,1,0,0,2.0,0.0,0,23.0,28.0,0.0,4.0,13.785714285714286,0.5799418604651163,0.9796875,5.34375,1
335988,2007/08,9,3,92,1,9,57,63,9.5,10.5,143,51,9.68421052631579,4.857142857142857,4.827067669172933,0.4725,middle,1,"Rajiv Gandhi International Stadium, Uppal",0.391,46,Delhi Daredevils,Deccan Chargers,3,1,0,0,6.0,0.0,1,25.0,34.0,0.0,4.0,15.31578947368421,0.5015527950310559,0.8904761904761905,4.857142857142857,1
335988,2007/08,9,4,93,1,9,58,62,9.666666666666666,10.333333333333334,143,50,9.620689655172416,4.838709677419355,4.78197997775306,0.4650000000000001,middle,1,"Rajiv Gandhi International Stadium, Uppal",0.391,46,Delhi Daredevils,Deccan Chargers,3,1,0,0,1.0,0.0,0,20.0,34.0,0.0,3.0,10.379310344827584,0.5029483177245924,0.8870967741935484,4.838709677419355,1
335988,2007/08,9,5,95,1,9,59,61,9.833333333333334,10.166666666666666,143,48,9.66101694915254,4.721311475409836,4.9397054737427055,0.4574999999999999,middle,1,"Rajiv Gandhi International Stadium, Uppal",0.391,46,Delhi Daredevils,Deccan Chargers,3,1,0,0,2.0,0.0,0,16.0,35.0,0.0,2.0,6.33898305084746,0.4886971527178603,0.8655737704918033,4.721311475409836,1
335988,2007/08,9,6,95,1,9,60,60,10.0,10.0,143,48,9.5,4.8,4.7,0.45,middle,1,"Rajiv Gandhi International Stadium, Uppal",0.391,46,Delhi Daredevils,Deccan Chargers,3,1,0,0,0.0,0.0,0,12.0,34.0,0.0,1.0,2.5,0.5052631578947369,0.8800000000000001,4.8,1
335988,2007/08,10,1,96,1,9,61,59,10.166666666666666,9.833333333333334,143,47,9.442622950819672,4.779661016949152,4.66296193387052,0.4425,middle,1,"Rajiv Gandhi International Stadium, Uppal",0.391,46,Delhi Daredevils,Deccan Chargers,3,1,0,0,1.0,0.0,0,12.0,34.0,0.0,1.0,2.557377049180328,0.5061793785310734,0.876271186440678,4.779661016949152,1
335988,2007/08,10,2,96,1,9,62,58,10.333333333333334,9.666666666666666,143,47,9.29032258064516,4.862068965517242,4.428253615127918,0.435,middle,1,"Rajiv Gandhi International Stadium, Uppal",0.391,46,Delhi Daredevils,Deccan Chargers,3,1,0,0,0.0,0.0,0,10.0,33.0,0.0,1.0,0.7096774193548399,0.5233477011494254,0.8913793103448276,4.862068965517242,1
335988,2007/08,10,3,96,1,9,63,57,10.5,9.5,143,47,9.142857142857142,4.947368421052632,4.195488721804511,0.4275,middle,1,"Rajiv Gandhi International Stadium, Uppal",0.391,46,Delhi Daredevils,Deccan Chargers,3,1,0,0,0.0,0.0,0,4.0,29.0,0.0,0.0,-5.142857142857142,0.5411184210526316,0.9070175438596492,4.947368421052632,1
335988,2007/08,10,4,96,1,9,64,56,10.666666666666666,9.333333333333334,143,47,9.0,5.035714285714286,3.9642857142857135,0.42,middle,1,"Rajiv Gandhi International Stadium, Uppal",0.391,46,Delhi Daredevils,Deccan Chargers,3,1,0,0,0.0,0.0,0,3.0,23.0,0.0,0.0,-6.0,0.5595238095238095,0.9232142857142858,5.035714285714286,1
335988,2007/08,10,5,100,1,9,65,55,10.833333333333334,9.166666666666666,143,43,9.23076923076923,4.690909090909091,4.539860139860139,0.4125,middle,1,"Rajiv Gandhi International Stadium, Uppal",0.391,46,Delhi Daredevils,Deccan Chargers,3,1,0,0,4.0,0.0,1,5.0,21.0,0.0,1.0,-4.23076923076923,0.5081818181818183,0.8600000000000001,4.690909090909091,1
335988,2007/08,10,6,100,1,9,66,54,11.0,9.0,143,43,9.090909090909092,4.777777777777778,4.313131313131314,0.405,middle,1,"Rajiv Gandhi International Stadium, Uppal",0.391,46,Delhi Daredevils,Deccan Chargers,3,1,0,0,0.0,0.0,0,5.0,17.0,0.0,1.0,-4.090909090909092,0.5255555555555554,0.875925925925926,4.777777777777778,1
335988,2007/08,11,1,101,1,9,67,53,11.166666666666666,8.833333333333334,143,42,9.044776119402986,4.754716981132075,4.290059138270911,0.3975,middle,1,"Rajiv Gandhi International Stadium, Uppal",0.391,46,Delhi Daredevils,Deccan Chargers,3,1,0,0,1.0,0.0,0,5.0,17.0,0.0,1.0,-4.044776119402986,0.5256865309172426,0.8716981132075473,4.754716981132075,1
335988,2007/08,11,2,103,1,9,67,53,11.166666666666666,8.833333333333334,143,40,9.223880597014926,4.528301886792453,4.695578710222473,0.3975,middle,1,"Rajiv Gandhi International Stadium, Uppal",0.391,46,Delhi Daredevils,Deccan Chargers,3,1,0,0,2.0,0.0,0,7.0,17.0,0.0,1.0,-2.223880597014926,0.490932405202418,0.8301886792452832,4.528301886792453,1
335988,2007/08,11,3,103,1,9,68,52,11.333333333333334,8.666666666666666,143,40,9.088235294117649,4.615384615384616,4.472850678733031,0.39,middle,1,"Rajiv Gandhi International Stadium, Uppal",0.391,46,Delhi Daredevils,Deccan Chargers,3,1,0,0,0.0,0.0,0,7.0,11.0,0.0,1.0,-2.0882352941176485,0.5078416728902165,0.8461538461538463,4.615384615384616,1
335988,2007/08,11,4,105,1,9,68,52,11.333333333333334,8.666666666666666,143,38,9.26470588235294,4.384615384615385,4.880090497737555,0.39,middle,1,"Rajiv Gandhi International Stadium, Uppal",0.391,46,Delhi Daredevils,Deccan Chargers,3,1,0,0,2.0,0.0,0,9.0,12.0,0.0,1.0,-0.2647058823529402,0.4732600732600733,0.8038461538461539,4.384615384615385,1
335988,2007/08,11,5,106,1,9,69,51,11.5,8.5,143,37,9.217391304347826,4.352941176470588,4.864450127877238,0.3825,middle,1,"Rajiv Gandhi International Stadium, Uppal",0.391,46,Delhi Daredevils,Deccan Chargers,3,1,0,0,1.0,0.0,0,6.0,11.0,0.0,0.0,-3.217391304347826,0.4722530521642619,0.7980392156862746,4.352941176470588,1
335988,2007/08,11,6,111,1,9,70,50,11.666666666666666,8.333333333333334,143,32,9.514285714285714,3.84,5.674285714285714,0.375,middle,1,"Rajiv Gandhi International Stadium, Uppal",0.391,46,Delhi Daredevils,Deccan Chargers,3,1,0,0,5.0,0.0,1,11.0,16.0,0.0,1.0,1.4857142857142858,0.4036036036036036,0.7040000000000001,3.84,1
335988,2007/08,11,7,112,1,9,71,49,11.833333333333334,8.166666666666666,143,31,9.464788732394366,3.795918367346939,5.668870365047427,0.3675,middle,1,"Rajiv Gandhi International Stadium, Uppal",0.391,46,Delhi Daredevils,Deccan Chargers,3,1,0,0,1.0,0.0,0,11.0,16.0,0.0,1.0,1.535211267605634,0.4010568513119534,0.6959183673469389,3.795918367346939,1
335988,2007/08,11,8,112,1,9,72,48,12.0,8.0,143,31,9.333333333333334,3.875,5.458333333333334,0.36,middle,1,"Rajiv Gandhi International Stadium, Uppal",0.391,46,Delhi Daredevils,Deccan Chargers,3,1,0,0,0.0,0.0,0,9.0,16.0,0.0,1.0,-0.3333333333333339,0.4151785714285714,0.7104166666666668,3.875,1
335988,2007/08,12,1,116,1,9,73,47,12.166666666666666,7.833333333333333,143,27,9.534246575342468,3.446808510638298,6.087438064704168,0.3525,middle,1,"Rajiv Gandhi International Stadium, Uppal",0.391,46,Delhi Daredevils,Deccan Chargers,3,1,0,0,4.0,0.0,1,13.0,20.0,0.0,2.0,3.465753424657532,0.3615187087307409,0.6319148936170214,3.446808510638298,1
335988,2007/08,12,2,122,1,9,74,46,12.333333333333334,7.666666666666667,143,21,9.891891891891891,2.7391304347826084,7.152761457109283,0.345,middle,1,"Rajiv Gandhi International Stadium, Uppal",0.391,46,Delhi Daredevils,Deccan Chargers,3,1,0,0,6.0,0.0,1,17.0,26.0,0.0,3.0,7.108108108108109,0.2769066286528867,0.5021739130434782,2.7391304347826084,1
335988,2007/08,12,3,126,1,9,75,45,12.5,7.5,143,17,10.08,2.2666666666666666,7.813333333333333,0.3375,middle,1,"Rajiv Gandhi International Stadium, Uppal",0.391,46,Delhi Daredevils,Deccan Chargers,3,1,0,0,4.0,0.0,1,20.0,26.0,0.0,4.0,9.92,0.2248677248677248,0.4155555555555555,2.2666666666666666,1
335988,2007/08,12,4,132,1,9,76,44,12.666666666666666,7.333333333333333,143,11,10.421052631578949,1.5,8.921052631578949,0.3299999999999999,middle,1,"Rajiv Gandhi International Stadium, Uppal",0.391,46,Delhi Daredevils,Deccan Chargers,3,1,0,0,6.0,0.0,1,21.0,32.0,0.0,4.0,10.578947368421051,0.1439393939393939,0.275,1.5,1
335988,2007/08,12,5,136,1,9,77,43,12.833333333333334,7.166666666666667,143,7,10.597402597402596,0.9767441860465116,9.620658411356086,0.3225,middle,1,"Rajiv Gandhi International Stadium, Uppal",0.391,46,Delhi Daredevils,Deccan Chargers,3,1,0,0,4.0,0.0,1,24.0,35.0,0.0,5.0,13.402597402597404,0.0921682626538987,0.1790697674418604,0.9767441860465116,1
335988,2007/08,12,6,142,1,9,78,42,13.0,7.0,143,1,10.923076923076923,0.1428571428571428,10.78021978021978,0.315,middle,1,"Rajiv Gandhi International Stadium, Uppal",0.391,46,Delhi Daredevils,Deccan Chargers,3,1,0,0,6.0,0.0,1,30.0,39.0,0.0,6.0,19.07692307692308,0.0130784708249496,0.0261904761904761,0.1428571428571428,1
335988,2007/08,13,1,143,1,9,78,42,13.0,7.0,143,0,11.0,0.0,11.0,0.315,middle,1,"Rajiv Gandhi International Stadium, Uppal",0.391,46,Delhi Daredevils,Deccan Chargers,3,1,0,0,1.0,0.0,0,27.0,40.0,0.0,5.0,16.0,0.0,0.0,0.0,1
335989,2007/08,0,1,0,0,10,1,119,0.1666666666666666,19.83333333333333,209,209,0.0,10.53781512605042,-10.53781512605042,0.9916666666666668,powerplay,0,"MA Chidambaram Stadium, Chepauk",0.298,47,Mumbai Indians,Chennai Super Kings,10,0,1,0,0.0,0.0,0,0.0,0.0,0.0,0.0,0.0,5.0,1.7563025210084031,0.0,0
335989,2007/08,0,2,1,0,10,1,119,0.1666666666666666,19.83333333333333,209,208,6.0,10.487394957983192,-4.487394957983193,0.9916666666666668,powerplay,0,"MA Chidambaram Stadium, Chepauk",0.298,47,Mumbai Indians,Chennai Super Kings,10,0,1,0,1.0,0.0,0,1.0,1.0,0.0,0.0,-5.0,1.747899159663865,1.7478991596638656,0.0,0
335989,2007/08,0,3,2,0,10,2,118,0.3333333333333333,19.666666666666668,209,207,6.0,10.52542372881356,-4.525423728813559,0.9833333333333332,powerplay,0,"MA Chidambaram Stadium, Chepauk",0.298,47,Mumbai Indians,Chennai Super Kings,10,0,1,0,1.0,0.0,0,2.0,2.0,0.0,0.0,-4.0,1.7542372881355934,1.7542372881355932,0.0,0
335989,2007/08,0,4,6,0,10,3,117,0.5,19.5,209,203,12.0,10.41025641025641,1.5897435897435894,0.975,powerplay,0,"MA Chidambaram Stadium, Chepauk",0.298,47,Mumbai Indians,Chennai Super Kings,10,0,1,0,4.0,0.0,1,6.0,6.0,0.0,1.0,-6.0,0.8675213675213675,1.735042735042735,0.0,0
335989,2007/08,0,5,7,0,10,3,117,0.5,19.5,209,202,14.0,10.35897435897436,3.641025641025641,0.975,powerplay,0,"MA Chidambaram Stadium, Chepauk",0.298,47,Mumbai Indians,Chennai Super Kings,10,0,1,0,1.0,0.0,0,7.0,7.0,0.0,1.0,-7.0,0.73992673992674,1.7264957264957266,0.0,0
335989,2007/08,0,6,8,0,10,4,116,0.6666666666666666,19.33333333333333,209,201,12.0,10.396551724137932,1.6034482758620676,0.9666666666666668,powerplay,0,"MA Chidambaram Stadium, Chepauk",0.298,47,Mumbai Indians,Chennai Super Kings,10,0,1,0,1.0,0.0,0,8.0,8.0,0.0,1.0,-4.0,0.8663793103448277,1.7327586206896552,0.0,0
335989,2007/08,0,7,9,0,10,5,115,0.8333333333333334,19.166666666666668,209,200,10.8,10.434782608695652,0.3652173913043466,0.9583333333333334,powerplay,0,"MA Chidambaram Stadium, Chepauk",0.298,47,Mumbai Indians,Chennai Super Kings,10,0,1,0,1.0,0.0,0,9.0,9.0,0.0,1.0,-1.8000000000000007,0.966183574879227,1.7391304347826086,0.0,0
335989,2007/08,0,8,9,1,9,6,114,1.0,19.0,209,200,9.0,10.526315789473683,-1.526315789473685,0.855,powerplay,0,"MA Chidambaram Stadium, Chepauk",0.298,47,Mumbai Indians,Chennai Super Kings,10,0,1,0,0.0,1.0,0,8.0,9.0,1.0,1.0,-1.0,1.1695906432748535,1.9298245614035088,0.0,0
335989,2007/08,1,1,13,1,9,7,113,1.1666666666666667,18.83333333333333,209,196,11.142857142857142,10.4070796460177,0.735777496839443,0.8475,powerplay,0,"MA Chidambaram Stadium, Chepauk",0.298,47,Mumbai Indians,Chennai Super Kings,10,0,1,0,4.0,0.0,1,11.0,13.0,1.0,2.0,-0.1428571428571423,0.9339686861810756,1.907964601769912,0.0,0
335989,2007/08,1,2,13,1,9,8,112,1.3333333333333333,18.666666666666668,209,196,9.75,10.5,-0.75,0.8400000000000001,powerplay,0,"MA Chidambaram Stadium, Chepauk",0.298,47,Mumbai Indians,Chennai Super Kings,10,0,1,0,0.0,0.0,0,7.0,13.0,1.0,1.0,-2.75,1.0769230769230769,1.9250000000000005,0.0,0
335989,2007/08,1,3,13,1,9,9,111,1.5,18.5,209,196,8.666666666666666,10.594594594594597,-1.9279279279279289,0.8325,powerplay,0,"MA Chidambaram Stadium, Chepauk",0.298,47,Mumbai Indians,Chennai Super Kings,10,0,1,0,0.0,0.0,0,6.0,13.0,1.0,1.0,-2.666666666666666,1.2224532224532227,1.9423423423423425,0.0,0
335989,2007/08,1,4,13,1,9,10,110,1.6666666666666667,18.33333333333333,209,196,7.8,10.690909090909091,-2.8909090909090915,0.825,powerplay,0,"MA Chidambaram Stadium, Chepauk",0.298,47,Mumbai Indians,Chennai Super Kings,10,0,1,0,0.0,0.0,0,5.0,13.0,1.0,1.0,-2.8,1.3706293706293706,1.96,0.0,0
335989,2007/08,1,5,13,1,9,11,109,1.8333333333333333,18.166666666666668,209,196,7.090909090909091,10.788990825688073,-3.698081734778982,0.8175,powerplay,0,"MA Chidambaram Stadium, Chepauk",0.298,47,Mumbai Indians,Chennai Super Kings,10,0,1,0,0.0,0.0,0,4.0,13.0,1.0,1.0,-3.090909090909091,1.5215243472124205,1.977981651376147,0.0,0
335989,2007/08,1,6,13,1,9,12,108,2.0,18.0,209,196,6.5,10.88888888888889,-4.388888888888889,0.81,powerplay,0,"MA Chidambaram Stadium, Chepauk",0.298,47,Mumbai Indians,Chennai Super Kings,10,0,1,0,0.0,0.0,0,4.0,12.0,1.0,1.0,-2.5,1.6752136752136753,1.9962962962962965,0.0,0
335989,2007/08,2,1,14,1,9,13,107,2.1666666666666665,17.833333333333332,209,195,6.461538461538462,10.934579439252335,-4.473040977713875,0.8025000000000001,powerplay,0,"MA Chidambaram Stadium, Chepauk",0.298,47,Mumbai Indians,Chennai Super Kings,10,0,1,0,1.0,0.0,0,1.0,12.0,1.0,0.0,-5.461538461538462,1.692256341789052,2.004672897196262,0.0,0
335989,2007/08,2,2,15,1,9,14,106,2.333333333333333,17.666666666666668,209,194,6.428571428571428,10.981132075471695,-4.552560646900269,0.795,powerplay,0,"MA Chidambaram Stadium, Chepauk",0.298,47,Mumbai Indians,Chennai Super Kings,10,0,1,0,1.0,0.0,0,2.0,9.0,1.0,0.0,-4.428571428571428,1.7081761006289304,2.013207547169812,0.0,0
335989,2007/08,2,3,19,1,9,15,105,2.5,17.5,209,190,7.6,10.857142857142858,-3.257142857142858,0.7875,powerplay,0,"MA Chidambaram Stadium, Chepauk",0.298,47,Mumbai Indians,Chennai Super Kings,10,0,1,0,4.0,0.0,1,6.0,12.0,1.0,1.0,-1.5999999999999996,1.4285714285714286,1.9904761904761907,0.0,0
335989,2007/08,2,4,23,1,9,16,104,2.6666666666666665,17.333333333333332,209,186,8.625,10.730769230769232,-2.105769230769232,0.78,powerplay,0,"MA Chidambaram Stadium, Chepauk",0.298,47,Mumbai Indians,Chennai Super Kings,10,0,1,0,4.0,0.0,1,10.0,15.0,1.0,2.0,1.375,1.2441471571906355,1.9673076923076929,0.0,0
335989,2007/08,2,5,25,1,9,17,103,2.833333333333333,17.166666666666668,209,184,8.823529411764705,10.718446601941746,-1.8949171901770416,0.7725,powerplay,0,"MA Chidambaram Stadium, Chepauk",0.298,47,Mumbai Indians,Chennai Super Kings,10,0,1,0,2.0,0.0,0,12.0,16.0,1.0,2.0,3.1764705882352957,1.214757281553398,1.9650485436893208,0.0,0
335989,2007/08,2,6,25,1,9,18,102,3.0,17.0,209,184,8.333333333333334,10.823529411764708,-2.4901960784313726,0.765,powerplay,0,"MA Chidambaram Stadium, Chepauk",0.298,47,Mumbai Indians,Chennai Super Kings,10,0,1,0,0.0,0.0,0,12.0,16.0,0.0,2.0,3.666666666666666,1.298823529411765,1.9843137254901964,0.0,0
335989,2007/08,3,1,26,1,9,19,101,3.1666666666666665,16.833333333333332,209,183,8.210526315789474,10.871287128712872,-2.6607608129233977,0.7575000000000001,powerplay,0,"MA Chidambaram Stadium, Chepauk",0.298,47,Mumbai Indians,Chennai Super Kings,10,0,1,0,1.0,0.0,0,12.0,13.0,0.0,2.0,3.7894736842105257,1.324067022086824,1.9930693069306933,0.0,0
335989,2007/08,3,2,26,1,9,20,100,3.333333333333333,16.666666666666668,209,183,7.8,10.98,-3.179999999999999,0.75,powerplay,0,"MA Chidambaram Stadium, Chepauk",0.298,47,Mumbai Indians,Chennai Super Kings,10,0,1,0,0.0,0.0,0,11.0,13.0,0.0,2.0,3.2,1.4076923076923078,2.0130000000000003,0.0,0
335989,2007/08,3,3,30,1,9,21,99,3.5,16.5,209,179,8.571428571428571,10.848484848484848,-2.277056277056277,0.7424999999999999,powerplay,0,"MA Chidambaram Stadium, Chepauk",0.298,47,Mumbai Indians,Chennai Super Kings,10,0,1,0,4.0,0.0,1,11.0,17.0,0.0,2.0,2.428571428571429,1.2656565656565657,1.9888888888888887,0.0,0
335989,2007/08,3,4,30,2,8,22,98,3.6666666666666665,16.333333333333332,209,179,8.181818181818182,10.959183673469388,-2.7773654916512065,0.6533333333333333,powerplay,0,"MA Chidambaram Stadium, Chepauk",0.298,47,Mumbai Indians,Chennai Super Kings,10,0,1,0,0.0,1.0,0,7.0,17.0,1.0,1.0,-1.1818181818181817,1.3394557823129252,2.191836734693877,0.0,0
335989,2007/08,3,5,30,2,8,23,97,3.8333333333333335,16.166666666666668,209,179,7.826086956521739,11.072164948453608,-3.2460779919318687,0.6466666666666667,powerplay,0,"MA Chidambaram Stadium, Chepauk",0.298,47,Mumbai Indians,Chennai Super Kings,10,0,1,0,0.0,0.0,0,5.0,17.0,1.0,1.0,-2.8260869565217392,1.4147766323024054,2.2144329896907218,0.0,0
335989,2007/08,3,6,31,2,8,24,96,4.0,16.0,209,178,7.75,11.125,-3.375,0.6400000000000001,powerplay,0,"MA Chidambaram Stadium, Chepauk",0.298,47,Mumbai Indians,Chennai Super Kings,10,0,1,0,1.0,0.0,0,6.0,18.0,1.0,1.0,-1.75,1.435483870967742,2.225,0.0,0
335989,2007/08,4,1,35,2,8,25,95,4.166666666666667,15.833333333333334,209,174,8.399999999999999,10.989473684210529,-2.589473684210528,0.6333333333333333,powerplay,0,"MA Chidambaram Stadium, Chepauk",0.298,47,Mumbai Indians,Chennai Super Kings,10,0,1,0,4.0,0.0,1,9.0,21.0,1.0,2.0,0.6000000000000014,1.3082706766917298,2.197894736842105,0.0,0
335989,2007/08,4,2,35,2,8,26,94,4.333333333333333,15.666666666666666,209,174,8.076923076923077,11.106382978723405,-3.029459901800328,0.6266666666666667,powerplay,0,"MA Chidambaram Stadium, Chepauk",0.298,47,Mumbai Indians,Chennai Super Kings,10,0,1,0,0.0,0.0,0,9.0,20.0,1.0,2.0,0.9230769230769234,1.3750759878419454,2.2212765957446807,0.0,0
335989,2007/08,4,3,39,2,8,27,93,4.5,15.5,209,170,8.666666666666666,10.96774193548387,-2.301075268817204,0.6200000000000001,powerplay,0,"MA Chidambaram Stadium, Chepauk",0.298,47,Mumbai Indians,Chennai Super Kings,10,0,1,0,4.0,0.0,1,9.0,20.0,1.0,2.0,0.3333333333333339,1.2655086848635235,2.193548387096774,0.0,0
335989,2007/08,4,4,45,2,8,28,92,4.666666666666667,15.333333333333334,209,164,9.642857142857142,10.695652173913045,-1.0527950310559009,0.6133333333333334,powerplay,0,"MA Chidambaram Stadium, Chepauk",0.298,47,Mumbai Indians,Chennai Super Kings,10,0,1,0,6.0,0.0,1,15.0,22.0,1.0,3.0,5.357142857142858,1.1091787439613527,2.1391304347826083,0.0,0
335989,2007/08,4,5,49,2,8,29,91,4.833333333333333,15.166666666666666,209,160,10.13793103448276,10.54945054945055,-0.4115195149677895,0.6066666666666667,powerplay,0,"MA Chidambaram Stadium, Chepauk",0.298,47,Mumbai Indians,Chennai Super Kings,10,0,1,0,4.0,0.0,1,19.0,24.0,1.0,4.0,8.86206896551724,1.0405920610002242,2.10989010989011,0.0,0
335989,2007/08,4,6,50,2,8,30,90,5.0,15.0,209,159,10.0,10.6,-0.5999999999999996,0.6000000000000001,powerplay,0,"MA Chidambaram Stadium, Chepauk",0.298,47,Mumbai Indians,Chennai Super Kings,10,0,1,0,1.0,0.0,0,19.0,25.0,1.0,4.0,9.0,1.06,2.12,0.0,0
335989,2007/08,5,1,50,2,8,31,89,5.166666666666667,14.833333333333334,209,159,9.67741935483871,10.719101123595506,-1.0416817687567956,0.5933333333333334,powerplay,0,"MA Chidambaram Stadium, Chepauk",0.298,47,Mumbai Indians,Chennai Super Kings,10,0,1,0,0.0,0.0,0,15.0,24.0,1.0,3.0,5.32258064516129,1.1076404494382022,2.143820224719101,0.0,0
335989,2007/08,5,2,50,2,8,32,88,5.333333333333333,14.666666666666666,209,159,9.375,10.840909090909092,-1.4659090909090915,0.5866666666666667,powerplay,0,"MA Chidambaram Stadium, Chepauk",0.298,47,Mumbai Indians,Chennai Super Kings,10,0,1,0,0.0,0.0,0,15.0,24.0,1.0,3.0,5.625,1.1563636363636365,2.168181818181818,0.0,0
335989,2007/08,5,3,50,2,8,33,87,5.5,14.5,209,159,9.090909090909092,10.96551724137931,-1.874608150470218,0.58,powerplay,0,"MA Chidambaram Stadium, Chepauk",0.298,47,Mumbai Indians,Chennai Super Kings,10,0,1,0,0.0,0.0,0,11.0,20.0,1.0,2.0,1.9090909090909085,1.206206896551724,2.193103448275862,0.0,0
335989,2007/08,5,4,51,2,8,34,86,5.666666666666667,14.333333333333334,209,158,9.0,11.023255813953488,-2.0232558139534884,0.5733333333333334,powerplay,0,"MA Chidambaram Stadium, Chepauk",0.298,47,Mumbai Indians,Chennai Super Kings,10,0,1,0,1.0,0.0,0,6.0,21.0,0.0,1.0,-3.0,1.2248062015503876,2.204651162790697,0.0,0
335989,2007/08,5,5,51,2,8,35,85,5.833333333333333,14.166666666666666,209,158,8.742857142857144,11.15294117647059,-2.4100840336134457,0.5666666666666668,powerplay,0,"MA Chidambaram Stadium, Chepauk",0.298,47,Mumbai Indians,Chennai Super Kings,10,0,1,0,0.0,0.0,0,2.0,21.0,0.0,0.0,-6.742857142857144,1.2756632064590545,2.230588235294117,0.0,0
335989,2007/08,5,6,52,2,8,36,84,6.0,14.0,209,157,8.666666666666666,11.214285714285714,-2.5476190476190474,0.5599999999999999,powerplay,0,"MA Chidambaram Stadium, Chepauk",0.298,47,Mumbai Indians,Chennai Super Kings,10,0,1,0,1.0,0.0,0,2.0,21.0,0.0,0.0,-6.666666666666666,1.293956043956044,2.242857142857143,0.0,0
335989,2007/08,6,1,53,2,8,37,83,6.166666666666667,13.833333333333334,209,156,8.594594594594595,11.27710843373494,-2.682513839140345,0.5533333333333333,middle,1,"MA Chidambaram Stadium, Chepauk",0.298,47,Mumbai Indians,Chennai Super Kings,10,0,1,0,1.0,0.0,0,3.0,18.0,0.0,0.0,-5.594594594594595,1.3121163900886563,2.255421686746988,11.27710843373494,2
335989,2007/08,6,2,53,2,8,38,82,6.333333333333333,13.666666666666666,209,156,8.368421052631579,11.414634146341465,-3.046213093709886,0.5466666666666667,middle,1,"MA Chidambaram Stadium, Chepauk",0.298,47,Mumbai Indians,Chennai Super Kings,10,0,1,0,0.0,0.0,0,3.0,18.0,0.0,0.0,-5.368421052631579,1.3640128854118732,2.2829268292682925,11.414634146341465,2
335989,2007/08,6,3,54,2,8,39,81,6.5,13.5,209,155,8.307692307692308,11.48148148148148,-3.1737891737891726,0.54,middle,1,"MA Chidambaram Stadium, Chepauk",0.298,47,Mumbai Indians,Chennai Super Kings,10,0,1,0,1.0,0.0,0,4.0,15.0,0.0,0.0,-4.307692307692308,1.382030178326474,2.2962962962962963,11.48148148148148,2
335989,2007/08,6,4,55,2,8,40,80,6.666666666666667,13.333333333333334,209,154,8.25,11.55,-3.299999999999999,0.5333333333333333,middle,1,"MA Chidambaram Stadium, Chepauk",0.298,47,Mumbai Indians,Chennai Super Kings,10,0,1,0,1.0,0.0,0,4.0,10.0,0.0,0.0,-4.25,1.4,2.31,11.55,2
335989,2007/08,6,5,55,2,8,41,79,6.833333333333333,13.166666666666666,209,154,8.048780487804878,11.69620253164557,-3.647422043840692,0.5266666666666667,middle,1,"MA Chidambaram Stadium, Chepauk",0.298,47,Mumbai Indians,Chennai Super Kings,10,0,1,0,0.0,0.0,0,4.0,6.0,0.0,0.0,-4.048780487804878,1.4531645569620253,2.339240506329114,11.69620253164557,2
335989,2007/08,6,6,57,2,8,42,78,7.0,13.0,209,152,8.142857142857142,11.692307692307692,-3.5494505494505493,0.52,middle,1,"MA Chidambaram Stadium, Chepauk",0.298,47,Mumbai Indians,Chennai Super Kings,10,0,1,0,2.0,0.0,0,5.0,7.0,0.0,0.0,-3.1428571428571423,1.435897435897436,2.338461538461538,11.692307692307692,2
335989,2007/08,7,1,58,2,8,43,77,7.166666666666667,12.833333333333334,209,151,8.093023255813954,11.766233766233766,-3.673210510419812,0.5133333333333334,middle,1,"MA Chidambaram Stadium, Chepauk",0.298,47,Mumbai Indians,Chennai Super Kings,10,0,1,0,1.0,0.0,0,5.0,8.0,0.0,0.0,-3.0930232558139537,1.453873712494402,2.3532467532467534,11.766233766233766,2
335989,2007/08,7,2,60,2,8,43,77,7.166666666666667,12.833333333333334,209,149,8.372093023255813,11.61038961038961,-3.2382965871337976,0.5133333333333334,middle,1,"MA Chidambaram Stadium, Chepauk",0.298,47,Mumbai Indians,Chennai Super Kings,10,0,1,0,2.0,0.0,0,7.0,10.0,0.0,0.0,-1.3720930232558128,1.386796536796537,2.322077922077922,11.61038961038961,2
335989,2007/08,7,3,61,2,8,44,76,7.333333333333333,12.666666666666666,209,148,8.318181818181818,11.68421052631579,-3.366028708133971,0.5066666666666667,middle,1,"MA Chidambaram Stadium, Chepauk",0.298,47,Mumbai Indians,Chennai Super Kings,10,0,1,0,1.0,0.0,0,7.0,11.0,0.0,0.0,-1.3181818181818183,1.4046591889559965,2.336842105263158,11.68421052631579,2
335989,2007/08,7,4,62,2,8,45,75,7.5,12.5,209,147,8.266666666666667,11.76,-3.4933333333333323,0.5,middle,1,"MA Chidambaram Stadium, Chepauk",0.298,47,Mumbai Indians,Chennai Super Kings,10,0,1,0,1.0,0.0,0,7.0,11.0,0.0,0.0,-1.2666666666666675,1.42258064516129,2.352,11.76,2
335989,2007/08,7,5,63,2,8,46,74,7.666666666666667,12.333333333333334,209,146,8.217391304347826,11.837837837837837,-3.62044653349001,0.4933333333333334,middle,1,"MA Chidambaram Stadium, Chepauk",0.298,47,Mumbai Indians,Chennai Super Kings,10,0,1,0,1.0,0.0,0,8.0,12.0,0.0,0.0,-0.2173913043478261,1.4405834405834403,2.367567567567568,11.837837837837837,2
335989,2007/08,7,6,67,2,8,47,73,7.833333333333333,12.166666666666666,209,142,8.553191489361703,11.67123287671233,-3.118041387350626,0.4866666666666666,middle,1,"MA Chidambaram Stadium, Chepauk",0.298,47,Mumbai Indians,Chennai Super Kings,10,0,1,0,4.0,0.0,1,10.0,15.0,0.0,1.0,1.4468085106382969,1.3645471273768144,2.334246575342465,11.67123287671233,2
335989,2007/08,7,7,68,2,8,48,72,8.0,12.0,209,141,8.5,11.75,-3.25,0.48,middle,1,"MA Chidambaram Stadium, Chepauk",0.298,47,Mumbai Indians,Chennai Super Kings,10,0,1,0,1.0,0.0,0,10.0,15.0,0.0,1.0,1.5,1.3823529411764706,2.35,11.75,2
335989,2007/08,8,1,69,2,8,49,71,8.166666666666666,11.833333333333334,209,140,8.448979591836736,11.830985915492958,-3.3820063236562223,0.4733333333333334,middle,1,"MA Chidambaram Stadium, Chepauk",0.298,47,Mumbai Indians,Chennai Super Kings,10,0,1,0,1.0,0.0,0,9.0,16.0,0.0,1.0,0.5510204081632644,1.4002857726066542,2.3661971830985915,11.830985915492958,2
335989,2007/08,8,2,70,2,8,50,70,8.333333333333334,11.666666666666666,209,139,8.399999999999999,11.914285714285716,-3.514285714285716,0.4666666666666667,middle,1,"MA Chidambaram Stadium, Chepauk",0.298,47,Mumbai Indians,Chennai Super Kings,10,0,1,0,1.0,0.0,0,9.0,16.0,0.0,1.0,0.6000000000000014,1.418367346938776,2.382857142857143,11.914285714285716,2
335989,2007/08,8,3,70,2,8,51,69,8.5,11.5,209,139,8.235294117647058,12.08695652173913,-3.851662404092073,0.4599999999999999,middle,1,"MA Chidambaram Stadium, Chepauk",0.298,47,Mumbai Indians,Chennai Super Kings,10,0,1,0,0.0,0.0,0,8.0,15.0,0.0,1.0,-0.235294117647058,1.4677018633540375,2.417391304347826,12.08695652173913,2
335989,2007/08,8,4,74,2,8,52,68,8.666666666666666,11.333333333333334,209,135,8.538461538461538,11.911764705882351,-3.373303167420813,0.4533333333333333,middle,1,"MA Chidambaram Stadium, Chepauk",0.298,47,Mumbai Indians,Chennai Super Kings,10,0,1,0,4.0,0.0,1,11.0,19.0,0.0,2.0,2.4615384615384617,1.3950715421303654,2.3823529411764706,11.911764705882351,2
335989,2007/08,8,5,74,2,8,53,67,8.833333333333334,11.166666666666666,209,135,8.377358490566037,12.08955223880597,-3.712193748239933,0.4466666666666667,middle,1,"MA Chidambaram Stadium, Chepauk",0.298,47,Mumbai Indians,Chennai Super Kings,10,0,1,0,0.0,0.0,0,7.0,17.0,0.0,1.0,-1.3773584905660368,1.4431222267043164,2.417910447761194,12.08955223880597,2
335989,2007/08,8,6,75,2,8,54,66,9.0,11.0,209,134,8.333333333333334,12.181818181818182,-3.848484848484848,0.44,middle,1,"MA Chidambaram Stadium, Chepauk",0.298,47,Mumbai Indians,Chennai Super Kings,10,0,1,0,1.0,0.0,0,7.0,17.0,0.0,1.0,-1.333333333333334,1.4618181818181817,2.436363636363636,12.181818181818182,2
335989,2007/08,9,1,79,2,8,55,65,9.166666666666666,10.833333333333334,209,130,8.618181818181819,12.0,-3.381818181818181,0.4333333333333333,middle,1,"MA Chidambaram Stadium, Chepauk",0.298,47,Mumbai Indians,Chennai Super Kings,10,0,1,0,4.0,0.0,1,10.0,19.0,0.0,2.0,1.381818181818181,1.3924050632911391,2.4,12.0,2
335989,2007/08,9,2,80,2,8,56,64,9.333333333333334,10.666666666666666,209,129,8.571428571428571,12.09375,-3.522321428571429,0.4266666666666667,middle,1,"MA Chidambaram Stadium, Chepauk",0.298,47,Mumbai Indians,Chennai Super Kings,10,0,1,0,1.0,0.0,0,10.0,19.0,0.0,2.0,1.4285714285714288,1.4109375,2.41875,12.09375,2
335989,2007/08,9,3,81,2,8,57,63,9.5,10.5,209,128,8.526315789473685,12.19047619047619,-3.664160401002505,0.42,middle,1,"MA Chidambaram Stadium, Chepauk",0.298,47,Mumbai Indians,Chennai Super Kings,10,0,1,0,1.0,0.0,0,11.0,19.0,0.0,2.0,2.473684210526315,1.429747207524985,2.438095238095238,12.19047619047619,2
335989,2007/08,9,4,81,3,7,58,62,9.666666666666666,10.333333333333334,209,128,8.379310344827587,12.387096774193548,-4.007786429365961,0.3616666666666667,middle,1,"MA Chidambaram Stadium, Chepauk",0.298,47,Mumbai Indians,Chennai Super Kings,10,0,1,0,0.0,1.0,0,7.0,18.0,1.0,1.0,-1.3793103448275872,1.478295499800876,2.683870967741936,12.387096774193548,3
335989,2007/08,9,5,82,3,7,59,61,9.833333333333334,10.166666666666666,209,127,8.338983050847457,12.491803278688526,-4.152820227841069,0.3558333333333333,middle,1,"MA Chidambaram Stadium, Chepauk",0.298,47,Mumbai Indians,Chennai Super Kings,10,0,1,0,1.0,0.0,0,8.0,15.0,1.0,1.0,-0.3389830508474567,1.4980007996801283,2.7065573770491804,12.491803278688526,3
335989,2007/08,9,6,83,3,7,60,60,10.0,10.0,209,126,8.3,12.6,-4.299999999999999,0.35,middle,1,"MA Chidambaram Stadium, Chepauk",0.298,47,Mumbai Indians,Chennai Super Kings,10,0,1,0,1.0,0.0,0,8.0,15.0,1.0,1.0,-0.3000000000000007,1.5180722891566265,2.7300000000000004,12.6,3
335989,2007/08,10,1,84,3,7,60,60,10.0,10.0,209,125,8.4,12.5,-4.1,0.35,middle,1,"MA Chidambaram Stadium, Chepauk",0.298,47,Mumbai Indians,Chennai Super Kings,10,0,1,0,1.0,0.0,0,5.0,15.0,1.0,0.0,-3.4000000000000004,1.488095238095238,2.708333333333333,12.5,3
335989,2007/08,10,2,85,3,7,60,60,10.0,10.0,209,124,8.5,12.4,-3.9,0.35,middle,1,"MA Chidambaram Stadium, Chepauk",0.298,47,Mumbai Indians,Chennai Super Kings,10,0,1,0,1.0,0.0,0,5.0,15.0,1.0,0.0,-3.5,1.4588235294117649,2.686666666666667,12.4,3
335989,2007/08,10,3,86,3,7,60,60,10.0,10.0,209,123,8.6,12.3,-3.700000000000001,0.35,middle,1,"MA Chidambaram Stadium, Chepauk",0.298,47,Mumbai Indians,Chennai Super Kings,10,0,1,0,1.0,0.0,0,5.0,16.0,1.0,0.0,-3.6,1.430232558139535,2.665,12.3,3
335989,2007/08,10,4,87,3,7,61,59,10.166666666666666,9.833333333333334,209,122,8.557377049180328,12.406779661016948,-3.84940261183662,0.3441666666666666,middle,1,"MA Chidambaram Stadium, Chepauk",0.298,47,Mumbai Indians,Chennai Super Kings,10,0,1,0,1.0,0.0,0,6.0,13.0,1.0,0.0,-2.557377049180328,1.4498344048314824,2.688135593220339,12.406779661016948,3
335989,2007/08,10,5,88,3,7,62,58,10.333333333333334,9.666666666666666,209,121,8.516129032258064,12.517241379310343,-4.001112347052281,0.3383333333333333,middle,1,"MA Chidambaram Stadium, Chepauk",0.298,47,Mumbai Indians,Chennai Super Kings,10,0,1,0,1.0,0.0,0,6.0,14.0,1.0,0.0,-2.516129032258064,1.4698275862068966,2.7120689655172416,12.517241379310343,3
335989,2007/08,10,6,89,3,7,63,57,10.5,9.5,209,120,8.476190476190476,12.63157894736842,-4.155388471177945,0.3324999999999999,middle,1,"MA Chidambaram Stadium, Chepauk",0.298,47,Mumbai Indians,Chennai Super Kings,10,0,1,0,1.0,0.0,0,6.0,14.0,1.0,0.0,-2.4761904761904763,1.490242460082791,2.736842105263158,12.63157894736842,3
335989,2007/08,10,7,89,3,7,64,56,10.666666666666666,9.333333333333334,209,120,8.34375,12.857142857142856,-4.513392857142856,0.3266666666666666,middle,1,"MA Chidambaram Stadium, Chepauk",0.298,47,Mumbai Indians,Chennai Super Kings,10,0,1,0,0.0,0.0,0,5.0,10.0,1.0,0.0,-3.34375,1.5409309791332262,2.7857142857142856,12.857142857142856,3
335989,2007/08,10,8,90,3,7,65,55,10.833333333333334,9.166666666666666,209,119,8.307692307692307,12.981818181818182,-4.674125874125876,0.3208333333333333,middle,1,"MA Chidambaram Stadium, Chepauk",0.298,47,Mumbai Indians,Chennai Super Kings,10,0,1,0,1.0,0.0,0,5.0,10.0,1.0,0.0,-3.3076923076923066,1.5626262626262628,2.812727272727273,12.981818181818182,3
335989,2007/08,10,9,90,3,7,66,54,11.0,9.0,209,119,8.181818181818182,13.22222222222222,-5.04040404040404,0.315,middle,1,"MA Chidambaram Stadium, Chepauk",0.298,47,Mumbai Indians,Chennai Super Kings,10,0,1,0,0.0,0.0,0,4.0,9.0,1.0,0.0,-4.181818181818182,1.6160493827160491,2.864814814814815,13.22222222222222,3
335989,2007/08,11,1,90,3,7,67,53,11.166666666666666,8.833333333333334,209,119,8.059701492537314,13.471698113207546,-5.411996620670232,0.3091666666666666,middle,1,"MA Chidambaram Stadium, Chepauk",0.298,47,Mumbai Indians,Chennai Super Kings,10,0,1,0,0.0,0.0,0,3.0,9.0,0.0,0.0,-5.0597014925373145,1.6714884696016767,2.918867924528302,13.471698113207546,3
335989,2007/08,11,2,91,3,7,68,52,11.333333333333334,8.666666666666666,209,118,8.029411764705882,13.615384615384617,-5.585972850678735,0.3033333333333333,middle,1,"MA Chidambaram Stadium, Chepauk",0.298,47,Mumbai Indians,Chennai Super Kings,10,0,1,0,1.0,0.0,0,3.0,9.0,0.0,0.0,-5.029411764705882,1.6956889264581574,2.95,13.615384615384617,3
335989,2007/08,11,3,97,3,7,69,51,11.5,8.5,209,112,8.434782608695652,13.176470588235292,-4.741687979539641,0.2975,middle,1,"MA Chidambaram Stadium, Chepauk",0.298,47,Mumbai Indians,Chennai Super Kings,10,0,1,0,6.0,0.0,1,8.0,14.0,0.0,1.0,-0.4347826086956523,1.5621588841722254,2.8549019607843142,13.176470588235292,3
335989,2007/08,11,4,97,4,6,70,50,11.666666666666666,8.333333333333334,209,112,8.314285714285715,13.44,-5.125714285714285,0.25,middle,1,"MA Chidambaram Stadium, Chepauk",0.298,47,Mumbai Indians,Chennai Super Kings,10,0,1,0,0.0,1.0,0,8.0,13.0,1.0,1.0,-0.3142857142857149,1.6164948453608246,3.136,13.44,4
335989,2007/08,11,5,98,4,6,71,49,11.833333333333334,8.166666666666666,209,111,8.28169014084507,13.591836734693878,-5.310146593848808,0.245,middle,1,"MA Chidambaram Stadium, Chepauk",0.298,47,Mumbai Indians,Chennai Super Kings,10,0,1,0,1.0,0.0,0,8.0,13.0,1.0,1.0,-0.28169014084507,1.6411911703456894,3.1714285714285717,13.591836734693878,4
335989,2007/08,11,6,99,4,6,72,48,12.0,8.0,209,110,8.25,13.75,-5.5,0.24,middle,1,"MA Chidambaram Stadium, Chepauk",0.298,47,Mumbai Indians,Chennai Super Kings,10,0,1,0,1.0,0.0,0,9.0,13.0,1.0,1.0,0.75,1.6666666666666667,3.208333333333333,13.75,4
335989,2007/08,12,1,105,4,6,73,47,12.166666666666666,7.833333333333333,209,104,8.63013698630137,13.27659574468085,-4.646458758379481,0.235,middle,1,"MA Chidambaram Stadium, Chepauk",0.298,47,Mumbai Indians,Chennai Super Kings,10,0,1,0,6.0,0.0,1,15.0,18.0,1.0,2.0,6.36986301369863,1.5383991894630191,3.097872340425532,13.27659574468085,4
335989,2007/08,12,2,106,4,6,73,47,12.166666666666666,7.833333333333333,209,103,8.712328767123289,13.148936170212766,-4.436607403089477,0.235,middle,1,"MA Chidambaram Stadium, Chepauk",0.298,47,Mumbai Indians,Chennai Super Kings,10,0,1,0,1.0,0.0,0,15.0,18.0,1.0,2.0,6.287671232876711,1.509233239662786,3.0680851063829784,13.148936170212766,4
335989,2007/08,12,3,107,4,6,74,46,12.333333333333334,7.666666666666667,209,102,8.675675675675675,13.304347826086955,-4.62867215041128,0.23,middle,1,"MA Chidambaram Stadium, Chepauk",0.298,47,Mumbai Indians,Chennai Super Kings,10,0,1,0,1.0,0.0,0,10.0,18.0,1.0,1.0,1.3243243243243246,1.5335229581470946,3.1043478260869564,13.304347826086955,4
335989,2007/08,12,4,108,4,6,75,45,12.5,7.5,209,101,8.64,13.466666666666669,-4.826666666666666,0.2249999999999999,middle,1,"MA Chidambaram Stadium, Chepauk",0.298,47,Mumbai Indians,Chennai Super Kings,10,0,1,0,1.0,0.0,0,11.0,19.0,1.0,1.0,2.3599999999999994,1.558641975308642,3.1422222222222222,13.466666666666669,4
335989,2007/08,12,5,108,4,6,76,44,12.666666666666666,7.333333333333333,209,101,8.526315789473685,13.772727272727272,-5.246411483253588,0.2199999999999999,middle,1,"MA Chidambaram Stadium, Chepauk",0.298,47,Mumbai Indians,Chennai Super Kings,10,0,1,0,0.0,0.0,0,10.0,18.0,1.0,1.0,1.473684210526315,1.615319865319865,3.2136363636363634,13.772727272727272,4
335989,2007/08,12,6,109,4,6,77,43,12.833333333333334,7.166666666666667,209,100,8.493506493506493,13.953488372093023,-5.459981878586531,0.215,middle,1,"MA Chidambaram Stadium, Chepauk",0.298,47,Mumbai Indians,Chennai Super Kings,10,0,1,0,1.0,0.0,0,10.0,19.0,1.0,1.0,1.5064935064935074,1.6428419031363348,3.255813953488372,13.953488372093023,4
335989,2007/08,12,7,110,4,6,78,42,13.0,7.0,209,99,8.461538461538462,14.142857142857142,-5.681318681318681,0.21,middle,1,"MA Chidambaram Stadium, Chepauk",0.298,47,Mumbai Indians,Chennai Super Kings,10,0,1,0,1.0,0.0,0,5.0,20.0,1.0,0.0,-3.4615384615384617,1.6714285714285713,3.3,14.142857142857142,4
335989,2007/08,13,1,110,4,6,79,41,13.166666666666666,6.833333333333333,209,99,8.354430379746836,14.48780487804878,-6.133374498301945,0.205,middle,1,"MA Chidambaram Stadium, Chepauk",0.298,47,Mumbai Indians,Chennai Super Kings,10,0,1,0,0.0,0.0,0,4.0,19.0,1.0,0.0,-4.354430379746836,1.7341463414634144,3.3804878048780487,14.48780487804878,4
335989,2007/08,13,2,114,4,6,80,40,13.333333333333334,6.666666666666667,209,95,8.549999999999999,14.25,-5.700000000000001,0.1999999999999999,middle,1,"MA Chidambaram Stadium, Chepauk",0.298,47,Mumbai Indians,Chennai Super Kings,10,0,1,0,4.0,0.0,1,7.0,17.0,1.0,1.0,-1.549999999999999,1.666666666666667,3.325,14.25,4
335989,2007/08,13,3,119,4,6,81,39,13.5,6.5,209,90,8.814814814814815,13.846153846153848,-5.031339031339032,0.195,middle,1,"MA Chidambaram Stadium, Chepauk",0.298,47,Mumbai Indians,Chennai Super Kings,10,0,1,0,5.0,0.0,1,11.0,22.0,0.0,2.0,2.185185185185185,1.570782159017453,3.2307692307692304,13.846153846153848,4
335989,2007/08,13,4,123,4,6,82,38,13.666666666666666,6.333333333333333,209,86,9.0,13.578947368421051,-4.578947368421053,0.1899999999999999,middle,1,"MA Chidambaram Stadium, Chepauk",0.298,47,Mumbai Indians,Chennai Super Kings,10,0,1,0,4.0,0.0,1,15.0,25.0,0.0,3.0,6.0,1.5087719298245612,3.1684210526315786,13.578947368421051,4
335989,2007/08,13,5,127,4,6,83,37,13.833333333333334,6.166666666666667,209,82,9.180722891566266,13.297297297297296,-4.116574405731031,0.185,middle,1,"MA Chidambaram Stadium, Chepauk",0.298,47,Mumbai Indians,Chennai Super Kings,10,0,1,0,4.0,0.0,1,18.0,28.0,0.0,4.0,8.819277108433734,1.4483932751649284,3.1027027027027025,13.297297297297296,4
335989,2007/08,13,6,130,4,6,84,36,14.0,6.0,209,79,9.285714285714286,13.166666666666666,-3.88095238095238,0.18,middle,1,"MA Chidambaram Stadium, Chepauk",0.298,47,Mumbai Indians,Chennai Super Kings,10,0,1,0,3.0,0.0,0,20.0,25.0,0.0,4.0,10.714285714285714,1.4179487179487178,3.0722222222222224,13.166666666666666,4
335989,2007/08,14,1,130,4,6,85,35,14.166666666666666,5.833333333333333,209,79,9.176470588235295,13.542857142857144,-4.366386554621847,0.175,middle,1,"MA Chidambaram Stadium, Chepauk",0.298,47,Mumbai Indians,Chennai Super Kings,10,0,1,0,0.0,0.0,0,20.0,24.0,0.0,4.0,10.823529411764705,1.475824175824176,3.16,13.542857142857144,4
335989,2007/08,14,2,130,5,5,86,34,14.333333333333334,5.666666666666667,209,79,9.069767441860463,13.941176470588234,-4.8714090287277685,0.1416666666666666,middle,1,"MA Chidambaram Stadium, Chepauk",0.298,47,Mumbai Indians,Chennai Super Kings,10,0,1,0,0.0,1.0,0,16.0,23.0,1.0,3.0,6.9302325581395365,1.53710407239819,3.485294117647059,13.941176470588234,5
335989,2007/08,14,3,132,5,5,87,33,14.5,5.5,209,77,9.10344827586207,14.0,-4.896551724137931,0.1375,middle,1,"MA Chidambaram Stadium, Chepauk",0.298,47,Mumbai Indians,Chennai Super Kings,10,0,1,0,2.0,0.0,0,13.0,24.0,1.0,2.0,3.8965517241379306,1.5378787878787878,3.5,14.0,5
335989,2007/08,14,4,133,5,5,88,32,14.666666666666666,5.333333333333333,209,76,9.068181818181818,14.25,-5.181818181818182,0.1333333333333333,middle,1,"MA Chidambaram Stadium, Chepauk",0.298,47,Mumbai Indians,Chennai Super Kings,10,0,1,0,1.0,0.0,0,10.0,25.0,1.0,1.0,0.9318181818181815,1.5714285714285714,3.5625,14.25,5
335989,2007/08,14,5,134,5,5,89,31,14.833333333333334,5.166666666666667,209,75,9.03370786516854,14.516129032258064,-5.482421167089525,0.1291666666666666,middle,1,"MA Chidambaram Stadium, Chepauk",0.298,47,Mumbai Indians,Chennai Super Kings,10,0,1,0,1.0,0.0,0,7.0,25.0,1.0,0.0,-2.033707865168539,1.6068849301877708,3.629032258064516,14.516129032258064,5
335989,2007/08,14,6,134,5,5,90,30,15.0,5.0,209,75,8.933333333333334,15.0,-6.066666666666666,0.125,middle,1,"MA Chidambaram Stadium, Chepauk",0.298,47,Mumbai Indians,Chennai Super Kings,10,0,1,0,0.0,0.0,0,4.0,24.0,1.0,0.0,-4.933333333333334,1.67910447761194,3.75,15.0,5
335989,2007/08,15,1,135,5,5,91,29,15.166666666666666,4.833333333333333,209,74,8.901098901098901,15.310344827586208,-6.409245926487307,0.1208333333333333,death,2,"MA Chidambaram Stadium, Chepauk",0.298,47,Mumbai Indians,Chennai Super Kings,10,0,1,0,1.0,0.0,0,5.0,25.0,1.0,0.0,-3.9010989010989015,1.720051085568327,3.827586206896552,30.620689655172416,10
335989,2007/08,15,2,141,5,5,92,28,15.333333333333334,4.666666666666667,209,68,9.195652173913045,14.571428571428571,-5.375776397515528,0.1166666666666666,death,2,"MA Chidambaram Stadium, Chepauk",0.298,47,Mumbai Indians,Chennai Super Kings,10,0,1,0,6.0,0.0,1,11.0,27.0,1.0,1.0,1.8043478260869552,1.5845997973657546,3.6428571428571423,29.142857142857142,10
335989,2007/08,15,3,141,6,4,93,27,15.5,4.5,209,68,9.096774193548388,15.11111111111111,-6.014336917562723,0.09,death,2,"MA Chidambaram Stadium, Chepauk",0.298,47,Mumbai Indians,Chennai Super Kings,10,0,1,0,0.0,1.0,0,9.0,22.0,2.0,1.0,-0.0967741935483879,1.6611505122143415,4.02962962962963,30.22222222222222,12
335989,2007/08,15,4,145,6,4,94,26,15.666666666666666,4.333333333333333,209,64,9.25531914893617,14.76923076923077,-5.5139116202946,0.0866666666666666,death,2,"MA Chidambaram Stadium, Chepauk",0.298,47,Mumbai Indians,Chennai Super Kings,10,0,1,0,4.0,0.0,1,12.0,22.0,2.0,2.0,2.74468085106383,1.5957559681697613,3.9384615384615382,29.53846153846154,12
335989,2007/08,15,5,146,6,4,95,25,15.833333333333334,4.166666666666667,209,63,9.221052631578948,15.12,-5.898947368421052,0.0833333333333333,death,2,"MA Chidambaram Stadium, Chepauk",0.298,47,Mumbai Indians,Chennai Super Kings,10,0,1,0,1.0,0.0,0,12.0,19.0,2.0,2.0,2.7789473684210524,1.6397260273972605,4.032,30.24,12
335989,2007/08,15,6,147,6,4,96,24,16.0,4.0,209,62,9.1875,15.5,-6.3125,0.08,death,2,"MA Chidambaram Stadium, Chepauk",0.298,47,Mumbai Indians,Chennai Super Kings,10,0,1,0,1.0,0.0,0,13.0,17.0,2.0,2.0,3.8125,1.6870748299319729,4.133333333333334,31.0,12
335989,2007/08,16,1,147,6,4,97,23,16.166666666666668,3.8333333333333335,209,62,9.09278350515464,16.17391304347826,-7.081129538323623,0.0766666666666666,death,2,"MA Chidambaram Stadium, Chepauk",0.298,47,Mumbai Indians,Chennai Super Kings,10,0,1,0,0.0,0.0,0,12.0,17.0,2.0,2.0,2.9072164948453594,1.7787636793847972,4.3130434782608695,32.34782608695652,12
335989,2007/08,16,2,153,6,4,98,22,16.333333333333332,3.6666666666666665,209,56,9.36734693877551,15.272727272727272,-5.905380333951763,0.0733333333333333,death,2,"MA Chidambaram Stadium, Chepauk",0.298,47,Mumbai Indians,Chennai Super Kings,10,0,1,0,6.0,0.0,1,12.0,23.0,1.0,2.0,2.63265306122449,1.6304218657159832,4.072727272727273,30.545454545454543,12
335989,2007/08,16,3,154,6,4,99,21,16.5,3.5,209,55,9.333333333333334,15.714285714285714,-6.38095238095238,0.0699999999999999,death,2,"MA Chidambaram Stadium, Chepauk",0.298,47,Mumbai Indians,Chennai Super Kings,10,0,1,0,1.0,0.0,0,13.0,22.0,1.0,2.0,3.666666666666666,1.6836734693877549,4.190476190476191,31.428571428571427,12
335989,2007/08,16,4,158,6,4,100,20,16.666666666666668,3.333333333333333,209,51,9.48,15.3,-5.82,0.0666666666666666,death,2,"MA Chidambaram Stadium, Chepauk",0.298,47,Mumbai Indians,Chennai Super Kings,10,0,1,0,4.0,0.0,1,13.0,25.0,1.0,2.0,3.52,1.6139240506329111,4.08,30.6,12
335989,2007/08,16,5,162,6,4,101,19,16.833333333333332,3.1666666666666665,209,47,9.623762376237623,14.842105263157896,-5.21834288692027,0.0633333333333333,death,2,"MA Chidambaram Stadium, Chepauk",0.298,47,Mumbai Indians,Chennai Super Kings,10,0,1,0,4.0,0.0,1,16.0,28.0,1.0,3.0,6.376237623762377,1.5422352176738143,3.9578947368421056,29.68421052631579,12
335989,2007/08,16,6,168,6,4,102,18,17.0,3.0,209,41,9.882352941176473,13.666666666666666,-3.784313725490195,0.06,death,2,"MA Chidambaram Stadium, Chepauk",0.298,47,Mumbai Indians,Chennai Super Kings,10,0,1,0,6.0,0.0,1,21.0,34.0,1.0,4.0,11.117647058823527,1.3829365079365077,3.644444444444445,27.33333333333333,12
335989,2007/08,17,1,168,6,4,103,17,17.166666666666668,2.833333333333333,209,41,9.78640776699029,14.470588235294118,-4.684180468303827,0.0566666666666666,death,2,"MA Chidambaram Stadium, Chepauk",0.298,47,Mumbai Indians,Chennai Super Kings,10,0,1,0,0.0,0.0,0,21.0,33.0,1.0,4.0,11.21359223300971,1.4786414565826331,3.8588235294117648,28.94117647058824,12
335989,2007/08,17,2,168,6,4,104,16,17.333333333333332,2.6666666666666665,209,41,9.692307692307692,15.375,-5.682692307692307,0.0533333333333333,death,2,"MA Chidambaram Stadium, Chepauk",0.298,47,Mumbai Indians,Chennai Super Kings,10,0,1,0,0.0,0.0,0,15.0,27.0,1.0,3.0,5.307692307692308,1.586309523809524,4.1000000000000005,30.75,12
335989,2007/08,17,3,174,6,4,105,15,17.5,2.5,209,35,9.942857142857145,14.0,-4.057142857142857,0.05,death,2,"MA Chidambaram Stadium, Chepauk",0.298,47,Mumbai Indians,Chennai Super Kings,10,0,1,0,6.0,0.0,1,20.0,33.0,0.0,4.0,10.057142857142855,1.408045977011494,3.733333333333334,28.0,12
335989,2007/08,17,4,180,6,4,106,14,17.666666666666668,2.333333333333333,209,29,10.188679245283016,12.428571428571429,-2.2398921832884096,0.0466666666666666,death,2,"MA Chidambaram Stadium, Chepauk",0.298,47,Mumbai Indians,Chennai Super Kings,10,0,1,0,6.0,0.0,1,22.0,35.0,0.0,4.0,11.811320754716984,1.2198412698412702,3.314285714285715,24.857142857142858,12
335989,2007/08,17,5,180,6,4,107,13,17.833333333333332,2.1666666666666665,209,29,10.093457943925234,13.384615384615383,-3.291157440690151,0.0433333333333333,death,2,"MA Chidambaram Stadium, Chepauk",0.298,47,Mumbai Indians,Chennai Super Kings,10,0,1,0,0.0,0.0,0,18.0,34.0,0.0,3.0,7.906542056074766,1.3260683760683758,3.569230769230769,26.769230769230766,12
335989,2007/08,17,6,181,6,4,108,12,18.0,2.0,209,28,10.055555555555555,14.0,-3.9444444444444446,0.04,death,2,"MA Chidambaram Stadium, Chepauk",0.298,47,Mumbai Indians,Chennai Super Kings,10,0,1,0,1.0,0.0,0,13.0,34.0,0.0,2.0,2.9444444444444446,1.3922651933701655,3.733333333333334,28.0,12
335989,2007/08,18,1,183,6,4,109,11,18.166666666666668,1.8333333333333333,209,26,10.073394495412844,14.181818181818182,-4.108423686405338,0.0366666666666666,death,2,"MA Chidambaram Stadium, Chepauk",0.298,47,Mumbai Indians,Chennai Super Kings,10,0,1,0,2.0,0.0,0,15.0,36.0,0.0,2.0,4.926605504587156,1.4078489816194737,3.781818181818182,28.363636363636363,12
335989,2007/08,18,2,184,6,4,110,10,18.33333333333333,1.6666666666666667,209,25,10.036363636363635,15.0,-4.963636363636363,0.0333333333333333,death,2,"MA Chidambaram Stadium, Chepauk",0.298,47,Mumbai Indians,Chennai Super Kings,10,0,1,0,1.0,0.0,0,16.0,31.0,0.0,2.0,5.963636363636365,1.4945652173913044,4.0,30.0,12
335989,2007/08,18,3,185,6,4,111,9,18.5,1.5,209,24,10.0,16.0,-6.0,0.03,death,2,"MA Chidambaram Stadium, Chepauk",0.298,47,Mumbai Indians,Chennai Super Kings,10,0,1,0,1.0,0.0,0,11.0,31.0,0.0,1.0,1.0,1.6,4.266666666666667,32.0,12
335989,2007/08,18,4,189,6,4,112,8,18.666666666666668,1.3333333333333333,209,20,10.125,15.0,-4.875,0.0266666666666666,death,2,"MA Chidambaram Stadium, Chepauk",0.298,47,Mumbai Indians,Chennai Super Kings,10,0,1,0,4.0,0.0,1,9.0,31.0,0.0,1.0,-1.125,1.4814814814814814,4.0,30.0,12
335989,2007/08,18,5,189,7,3,113,7,18.83333333333333,1.1666666666666667,209,20,10.035398230088497,17.142857142857142,-7.107458912768646,0.0174999999999999,death,2,"MA Chidambaram Stadium, Chepauk",0.298,47,Mumbai Indians,Chennai Super Kings,10,0,1,0,0.0,1.0,0,9.0,27.0,1.0,1.0,-1.0353982300884963,1.7082388510959938,4.857142857142857,34.285714285714285,14
335989,2007/08,18,6,190,7,3,114,6,19.0,1.0,209,19,10.0,19.0,-9.0,0.015,death,2,"MA Chidambaram Stadium, Chepauk",0.298,47,Mumbai Indians,Chennai Super Kings,10,0,1,0,1.0,0.0,0,9.0,22.0,1.0,1.0,-1.0,1.9,5.383333333333333,38.0,14
335989,2007/08,19,1,194,7,3,115,5,19.166666666666668,0.8333333333333334,209,15,10.121739130434785,18.0,-7.878260869565217,0.0124999999999999,death,2,"MA Chidambaram Stadium, Chepauk",0.298,47,Mumbai Indians,Chennai Super Kings,10,0,1,0,4.0,0.0,1,11.0,26.0,1.0,2.0,0.8782608695652154,1.7783505154639172,5.1,36.0,14
335989,2007/08,19,2,198,7,3,116,4,19.33333333333333,0.6666666666666666,209,11,10.241379310344827,16.5,-6.258620689655173,0.01,death,2,"MA Chidambaram Stadium, Chepauk",0.298,47,Mumbai Indians,Chennai Super Kings,10,0,1,0,4.0,0.0,1,14.0,30.0,1.0,3.0,3.7586206896551726,1.6111111111111112,4.675,33.0,14
335989,2007/08,19,3,200,7,3,116,4,19.33333333333333,0.6666666666666666,209,9,10.344827586206897,13.5,-3.155172413793103,0.01,death,2,"MA Chidambaram Stadium, Chepauk",0.298,47,Mumbai Indians,Chennai Super Kings,10,0,1,0,2.0,0.0,0,15.0,26.0,1.0,3.0,4.655172413793103,1.305,3.825,27.0,14
335989,2007/08,19,4,200,7,3,117,3,19.5,0.5,209,9,10.256410256410255,18.0,-7.743589743589743,0.0075,death,2,"MA Chidambaram Stadium, Chepauk",0.298,47,Mumbai Indians,Chennai Super Kings,10,0,1,0,0.0,0.0,0,11.0,20.0,1.0,2.0,0.7435897435897445,1.755,5.1,36.0,14
335989,2007/08,19,5,201,7,3,118,2,19.666666666666668,0.3333333333333333,209,8,10.220338983050846,24.0,-13.779661016949154,0.005,death,2,"MA Chidambaram Stadium, Chepauk",0.298,47,Mumbai Indians,Chennai Super Kings,10,0,1,0,1.0,0.0,0,12.0,21.0,1.0,2.0,1.779661016949154,2.348258706467662,6.8,48.0,14
335989,2007/08,19,6,201,7,3,119,1,19.83333333333333,0.1666666666666666,209,8,10.134453781512606,48.0,-37.8655462184874,0.0025,death,2,"MA Chidambaram Stadium, Chepauk",0.298,47,Mumbai Indians,Chennai Super Kings,10,0,1,0,0.0,0.0,0,11.0,20.0,1.0,2.0,0.8655462184873937,4.736318407960199,13.6,96.0,14
335989,2007/08,19,7,202,7,3,120,0,20.0,0.0,209,7,10.1,42.0,-31.9,0.0,death,2,"MA Chidambaram Stadium, Chepauk",0.298,47,Mumbai Indians,Chennai Super Kings,10,0,1,0,1.0,0.0,0,8.0,19.0,1.0,1.0,-2.1,4.158415841584159,10.0,84.0,14
335990,2007/08,0,1,0,0,10,1,119,0.1666666666666666,19.83333333333333,215,215,0.0,10.840336134453782,-10.840336134453782,0.9916666666666668,powerplay,0,"Rajiv Gandhi International Stadium, Uppal",0.391,46,Rajasthan Royals,Deccan Chargers,13,1,1,1,0.0,0.0,0,0.0,0.0,0.0,0.0,0.0,5.0,1.8067226890756305,0.0,0
335990,2007/08,0,2,0,0,10,2,118,0.3333333333333333,19.666666666666668,215,215,0.0,10.932203389830509,-10.932203389830509,0.9833333333333332,powerplay,0,"Rajiv Gandhi International Stadium, Uppal",0.391,46,Rajasthan Royals,Deccan Chargers,13,1,1,1,0.0,0.0,0,0.0,0.0,0.0,0.0,0.0,5.0,1.8220338983050848,0.0,0
335990,2007/08,0,3,4,0,10,3,117,0.5,19.5,215,211,8.0,10.82051282051282,-2.820512820512821,0.975,powerplay,0,"Rajiv Gandhi International Stadium, Uppal",0.391,46,Rajasthan Royals,Deccan Chargers,13,1,1,1,4.0,0.0,1,4.0,4.0,0.0,1.0,-4.0,1.3525641025641024,1.8034188034188037,0.0,0
335990,2007/08,0,4,5,0,10,4,116,0.6666666666666666,19.33333333333333,215,210,7.5,10.862068965517242,-3.362068965517242,0.9666666666666668,powerplay,0,"Rajiv Gandhi International Stadium, Uppal",0.391,46,Rajasthan Royals,Deccan Chargers,13,1,1,1,1.0,0.0,0,5.0,5.0,0.0,1.0,-2.5,1.4482758620689655,1.8103448275862069,0.0,0
335990,2007/08,0,5,5,0,10,5,115,0.8333333333333334,19.166666666666668,215,210,6.0,10.956521739130434,-4.956521739130434,0.9583333333333334,powerplay,0,"Rajiv Gandhi International Stadium, Uppal",0.391,46,Rajasthan Royals,Deccan Chargers,13,1,1,1,0.0,0.0,0,5.0,5.0,0.0,1.0,-1.0,1.826086956521739,1.826086956521739,0.0,0
335990,2007/08,0,6,5,0,10,6,114,1.0,19.0,215,210,5.0,11.052631578947368,-6.052631578947368,0.95,powerplay,0,"Rajiv Gandhi International Stadium, Uppal",0.391,46,Rajasthan Royals,Deccan Chargers,13,1,1,1,0.0,0.0,0,5.0,5.0,0.0,1.0,0.0,2.210526315789473,1.8421052631578947,0.0,0
335990,2007/08,1,1,11,0,10,7,113,1.1666666666666667,18.83333333333333,215,204,9.428571428571429,10.831858407079649,-1.403286978508218,0.9416666666666668,powerplay,0,"Rajiv Gandhi International Stadium, Uppal",0.391,46,Rajasthan Royals,Deccan Chargers,13,1,1,1,6.0,0.0,1,11.0,11.0,0.0,2.0,1.5714285714285712,1.1488334674175384,1.8053097345132745,0.0,0
335990,2007/08,1,2,11,0,10,8,112,1.3333333333333333,18.666666666666668,215,204,8.25,10.928571428571429,-2.678571428571427,0.9333333333333332,powerplay,0,"Rajiv Gandhi International Stadium, Uppal",0.391,46,Rajasthan Royals,Deccan Chargers,13,1,1,1,0.0,0.0,0,11.0,11.0,0.0,2.0,2.75,1.324675324675325,1.8214285714285716,0.0,0
335990,2007/08,1,3,13,0,10,9,111,1.5,18.5,215,202,8.666666666666666,10.91891891891892,-2.252252252252253,0.925,powerplay,0,"Rajiv Gandhi International Stadium, Uppal",0.391,46,Rajasthan Royals,Deccan Chargers,13,1,1,1,2.0,0.0,0,9.0,13.0,0.0,1.0,0.3333333333333339,1.25987525987526,1.81981981981982,0.0,0
335990,2007/08,1,4,14,0,10,10,110,1.6666666666666667,18.33333333333333,215,201,8.4,10.963636363636365,-2.5636363636363644,0.9166666666666666,powerplay,0,"Rajiv Gandhi International Stadium, Uppal",0.391,46,Rajasthan Royals,Deccan Chargers,13,1,1,1,1.0,0.0,0,9.0,14.0,0.0,1.0,0.5999999999999996,1.3051948051948052,1.8272727272727276,0.0,0
335990,2007/08,1,5,14,0,10,11,109,1.8333333333333333,18.166666666666668,215,201,7.636363636363637,11.064220183486238,-3.4278565471226017,0.9083333333333332,powerplay,0,"Rajiv Gandhi International Stadium, Uppal",0.391,46,Rajasthan Royals,Deccan Chargers,13,1,1,1,0.0,0.0,0,9.0,14.0,0.0,1.0,1.363636363636363,1.448885976408912,1.8440366972477065,0.0,0
335990,2007/08,1,6,14,0,10,12,108,2.0,18.0,215,201,7.0,11.166666666666666,-4.166666666666666,0.9,powerplay,0,"Rajiv Gandhi International Stadium, Uppal",0.391,46,Rajasthan Royals,Deccan Chargers,13,1,1,1,0.0,0.0,0,9.0,14.0,0.0,1.0,2.0,1.5952380952380951,1.8611111111111112,0.0,0
335990,2007/08,2,1,14,1,9,13,107,2.1666666666666665,17.833333333333332,215,201,6.461538461538462,11.27102803738318,-4.809489575844717,0.8025000000000001,powerplay,0,"Rajiv Gandhi International Stadium, Uppal",0.391,46,Rajasthan Royals,Deccan Chargers,13,1,1,1,0.0,1.0,0,3.0,14.0,1.0,0.0,-3.4615384615384617,1.7443257676902542,2.066355140186916,0.0,0
335990,2007/08,2,2,14,1,9,14,106,2.333333333333333,17.666666666666668,215,201,6.0,11.377358490566037,-5.377358490566037,0.795,powerplay,0,"Rajiv Gandhi International Stadium, Uppal",0.391,46,Rajasthan Royals,Deccan Chargers,13,1,1,1,0.0,0.0,0,3.0,14.0,1.0,0.0,-3.0,1.8962264150943395,2.0858490566037737,0.0,0
335990,2007/08,2,3,14,1,9,15,105,2.5,17.5,215,201,5.6,11.485714285714286,-5.885714285714286,0.7875,powerplay,0,"Rajiv Gandhi International Stadium, Uppal",0.391,46,Rajasthan Royals,Deccan Chargers,13,1,1,1,0.0,0.0,0,1.0,10.0,1.0,0.0,-4.6,2.0510204081632653,2.105714285714286,0.0,0
335990,2007/08,2,4,15,1,9,16,104,2.6666666666666665,17.333333333333332,215,200,5.625,11.53846153846154,-5.91346153846154,0.78,powerplay,0,"Rajiv Gandhi International Stadium, Uppal",0.391,46,Rajasthan Royals,Deccan Chargers,13,1,1,1,1.0,0.0,0,1.0,10.0,1.0,0.0,-4.625,2.0512820512820515,2.1153846153846154,0.0,0
335990,2007/08,2,5,15,1,9,17,103,2.833333333333333,17.166666666666668,215,200,5.294117647058823,11.650485436893202,-6.356367789834379,0.7725,powerplay,0,"Rajiv Gandhi International Stadium, Uppal",0.391,46,Rajasthan Royals,Deccan Chargers,13,1,1,1,0.0,0.0,0,1.0,10.0,1.0,0.0,-4.294117647058823,2.200647249190938,2.135922330097088,0.0,0
335990,2007/08,2,6,19,1,9,18,102,3.0,17.0,215,196,6.333333333333333,11.529411764705882,-5.196078431372549,0.765,powerplay,0,"Rajiv Gandhi International Stadium, Uppal",0.391,46,Rajasthan Royals,Deccan Chargers,13,1,1,1,4.0,0.0,1,5.0,14.0,1.0,1.0,-1.333333333333333,1.820433436532508,2.1137254901960785,0.0,0
335990,2007/08,3,1,19,1,9,19,101,3.1666666666666665,16.833333333333332,215,196,6.0,11.643564356435643,-5.643564356435645,0.7575000000000001,powerplay,0,"Rajiv Gandhi International Stadium, Uppal",0.391,46,Rajasthan Royals,Deccan Chargers,13,1,1,1,0.0,0.0,0,5.0,8.0,1.0,1.0,-1.0,1.9405940594059403,2.1346534653465348,0.0,0
335990,2007/08,3,2,23,1,9,20,100,3.333333333333333,16.666666666666668,215,192,6.9,11.52,-4.62,0.75,powerplay,0,"Rajiv Gandhi International Stadium, Uppal",0.391,46,Rajasthan Royals,Deccan Chargers,13,1,1,1,4.0,0.0,1,9.0,12.0,1.0,2.0,2.1,1.6695652173913045,2.112,0.0,0
335990,2007/08,3,3,29,1,9,21,99,3.5,16.5,215,186,8.285714285714286,11.272727272727272,-2.987012987012987,0.7424999999999999,powerplay,0,"Rajiv Gandhi International Stadium, Uppal",0.391,46,Rajasthan Royals,Deccan Chargers,13,1,1,1,6.0,0.0,1,15.0,16.0,1.0,3.0,6.7142857142857135,1.360501567398119,2.066666666666667,0.0,0
335990,2007/08,3,4,30,1,9,21,99,3.5,16.5,215,185,8.571428571428571,11.212121212121213,-2.6406926406926416,0.7424999999999999,powerplay,0,"Rajiv Gandhi International Stadium, Uppal",0.391,46,Rajasthan Royals,Deccan Chargers,13,1,1,1,1.0,0.0,0,15.0,16.0,1.0,3.0,6.428571428571429,1.3080808080808082,2.055555555555556,0.0,0
335990,2007/08,3,5,30,1,9,22,98,3.6666666666666665,16.333333333333332,215,185,8.181818181818182,11.326530612244898,-3.1447124304267167,0.735,powerplay,0,"Rajiv Gandhi International Stadium, Uppal",0.391,46,Rajasthan Royals,Deccan Chargers,13,1,1,1,0.0,0.0,0,15.0,16.0,1.0,3.0,6.818181818181818,1.3843537414965987,2.0765306122448983,0.0,0
335990,2007/08,3,6,31,1,9,23,97,3.8333333333333335,16.166666666666668,215,184,8.08695652173913,11.38144329896907,-3.29448677722994,0.7275,powerplay,0,"Rajiv Gandhi International Stadium, Uppal",0.391,46,Rajasthan Royals,Deccan Chargers,13,1,1,1,1.0,0.0,0,12.0,17.0,1.0,2.0,3.913043478260869,1.4073827735284334,2.08659793814433,0.0,0
335990,2007/08,3,7,35,1,9,24,96,4.0,16.0,215,180,8.75,11.25,-2.5,0.7200000000000001,powerplay,0,"Rajiv Gandhi International Stadium, Uppal",0.391,46,Rajasthan Royals,Deccan Chargers,13,1,1,1,4.0,0.0,1,16.0,21.0,0.0,3.0,7.25,1.2857142857142858,2.0625,0.0,0
335990,2007/08,4,1,41,1,9,25,95,4.166666666666667,15.833333333333334,215,174,9.84,10.989473684210529,-1.1494736842105269,0.7125,powerplay,0,"Rajiv Gandhi International Stadium, Uppal",0.391,46,Rajasthan Royals,Deccan Chargers,13,1,1,1,6.0,0.0,1,18.0,27.0,0.0,3.0,8.16,1.1168164313222082,2.0147368421052634,0.0,0
335990,2007/08,4,2,47,1,9,26,94,4.333333333333333,15.666666666666666,215,168,10.846153846153848,10.72340425531915,0.1227495908346973,0.705,powerplay,0,"Rajiv Gandhi International Stadium, Uppal",0.391,46,Rajasthan Royals,Deccan Chargers,13,1,1,1,6.0,0.0,1,18.0,33.0,0.0,3.0,7.153846153846152,0.9886826618379356,1.9659574468085108,0.0,0
335990,2007/08,4,3,51,1,9,27,93,4.5,15.5,215,164,11.333333333333334,10.580645161290322,0.7526881720430119,0.6975,powerplay,0,"Rajiv Gandhi International Stadium, Uppal",0.391,46,Rajasthan Royals,Deccan Chargers,13,1,1,1,4.0,0.0,1,21.0,36.0,0.0,4.0,9.666666666666666,0.9335863377609108,1.9397849462365595,0.0,0
335990,2007/08,4,4,52,1,9,28,92,4.666666666666667,15.333333333333334,215,163,11.142857142857142,10.630434782608695,0.512422360248447,0.6900000000000001,powerplay,0,"Rajiv Gandhi International Stadium, Uppal",0.391,46,Rajasthan Royals,Deccan Chargers,13,1,1,1,1.0,0.0,0,22.0,37.0,0.0,4.0,10.857142857142858,0.9540133779264214,1.948913043478261,0.0,0
335990,2007/08,4,5,56,1,9,29,91,4.833333333333333,15.166666666666666,215,159,11.586206896551724,10.483516483516484,1.1026904130352406,0.6825,powerplay,0,"Rajiv Gandhi International Stadium, Uppal",0.391,46,Rajasthan Royals,Deccan Chargers,13,1,1,1,4.0,0.0,1,25.0,37.0,0.0,5.0,13.413793103448276,0.9048273155416012,1.921978021978022,0.0,0
335990,2007/08,4,6,57,1,9,30,90,5.0,15.0,215,158,11.4,10.533333333333331,0.8666666666666671,0.675,powerplay,0,"Rajiv Gandhi International Stadium, Uppal",0.391,46,Rajasthan Royals,Deccan Chargers,13,1,1,1,1.0,0.0,0,22.0,38.0,0.0,4.0,10.6,0.9239766081871345,1.9311111111111112,0.0,0
335990,2007/08,5,1,61,1,9,31,89,5.166666666666667,14.833333333333334,215,154,11.806451612903226,10.382022471910112,1.424429140993114,0.6675000000000001,powerplay,0,"Rajiv Gandhi International Stadium, Uppal",0.391,46,Rajasthan Royals,Deccan Chargers,13,1,1,1,4.0,0.0,1,20.0,38.0,0.0,4.0,8.193548387096774,0.879351630134463,1.903370786516854,0.0,0
335990,2007/08,5,2,65,1,9,32,88,5.333333333333333,14.666666666666666,215,150,12.1875,10.227272727272728,1.960227272727272,0.6599999999999999,powerplay,0,"Rajiv Gandhi International Stadium, Uppal",0.391,46,Rajasthan Royals,Deccan Chargers,13,1,1,1,4.0,0.0,1,18.0,36.0,0.0,4.0,5.8125,0.8391608391608393,1.875,0.0,0
335990,2007/08,5,3,66,1,9,33,87,5.5,14.5,215,149,12.0,10.275862068965518,1.7241379310344822,0.6525,powerplay,0,"Rajiv Gandhi International Stadium, Uppal",0.391,46,Rajasthan Royals,Deccan Chargers,13,1,1,1,1.0,0.0,0,15.0,36.0,0.0,3.0,3.0,0.8563218390804598,1.883908045977012,0.0,0
335990,2007/08,5,4,72,1,9,34,86,5.666666666666667,14.333333333333334,215,143,12.705882352941176,9.976744186046512,2.729138166894664,0.645,powerplay,0,"Rajiv Gandhi International Stadium, Uppal",0.391,46,Rajasthan Royals,Deccan Chargers,13,1,1,1,6.0,0.0,1,20.0,42.0,0.0,4.0,7.294117647058824,0.7852067183462532,1.8290697674418608,0.0,0
335990,2007/08,5,5,72,1,9,35,85,5.833333333333333,14.166666666666666,215,143,12.342857142857143,10.094117647058823,2.24873949579832,0.6375000000000001,powerplay,0,"Rajiv Gandhi International Stadium, Uppal",0.391,46,Rajasthan Royals,Deccan Chargers,13,1,1,1,0.0,0.0,0,16.0,41.0,0.0,3.0,3.6571428571428566,0.8178104575163399,1.8505882352941176,0.0,0
335990,2007/08,5,6,73,1,9,36,84,6.0,14.0,215,142,12.166666666666666,10.142857142857142,2.023809523809524,0.63,powerplay,0,"Rajiv Gandhi International Stadium, Uppal",0.391,46,Rajasthan Royals,Deccan Chargers,13,1,1,1,1.0,0.0,0,16.0,38.0,0.0,3.0,3.833333333333334,0.8336594911937377,1.8595238095238096,0.0,0
335990,2007/08,6,1,74,1,9,37,83,6.166666666666667,13.833333333333334,215,141,12.0,10.192771084337348,1.807228915662652,0.6225,middle,1,"Rajiv Gandhi International Stadium, Uppal",0.391,46,Rajasthan Royals,Deccan Chargers,13,1,1,1,1.0,0.0,0,13.0,33.0,0.0,2.0,1.0,0.8493975903614457,1.868674698795181,10.192771084337348,1
335990,2007/08,6,2,75,1,9,38,82,6.333333333333333,13.666666666666666,215,140,11.842105263157896,10.24390243902439,1.5982028241335051,0.615,middle,1,"Rajiv Gandhi International Stadium, Uppal",0.391,46,Rajasthan Royals,Deccan Chargers,13,1,1,1,1.0,0.0,0,10.0,28.0,0.0,1.0,-1.842105263157896,0.865040650406504,1.878048780487805,10.24390243902439,1
335990,2007/08,6,3,75,1,9,39,81,6.5,13.5,215,140,11.538461538461538,10.37037037037037,1.168091168091168,0.6075,middle,1,"Rajiv Gandhi International Stadium, Uppal",0.391,46,Rajasthan Royals,Deccan Chargers,13,1,1,1,0.0,0.0,0,9.0,24.0,0.0,1.0,-2.5384615384615383,0.8987654320987655,1.9012345679012344,10.37037037037037,1
335990,2007/08,6,4,81,1,9,40,80,6.666666666666667,13.333333333333334,215,134,12.15,10.05,2.1,0.6,middle,1,"Rajiv Gandhi International Stadium, Uppal",0.391,46,Rajasthan Royals,Deccan Chargers,13,1,1,1,6.0,0.0,1,9.0,29.0,0.0,1.0,-3.1500000000000004,0.8271604938271605,1.8425,10.05,1
335990,2007/08,6,5,82,1,9,41,79,6.833333333333333,13.166666666666666,215,133,12.0,10.10126582278481,1.898734177215189,0.5925,middle,1,"Rajiv Gandhi International Stadium, Uppal",0.391,46,Rajasthan Royals,Deccan Chargers,13,1,1,1,1.0,0.0,0,10.0,26.0,0.0,1.0,-2.0,0.8417721518987342,1.8518987341772155,10.10126582278481,1
335990,2007/08,6,6,82,1,9,42,78,7.0,13.0,215,133,11.714285714285714,10.23076923076923,1.4835164835164836,0.5850000000000001,middle,1,"Rajiv Gandhi International Stadium, Uppal",0.391,46,Rajasthan Royals,Deccan Chargers,13,1,1,1,0.0,0.0,0,9.0,25.0,0.0,1.0,-2.714285714285713,0.873358348968105,1.8756410256410256,10.23076923076923,1
335990,2007/08,7,1,83,1,9,43,77,7.166666666666667,12.833333333333334,215,132,11.581395348837209,10.285714285714285,1.295681063122924,0.5775,middle,1,"Rajiv Gandhi International Stadium, Uppal",0.391,46,Rajasthan Royals,Deccan Chargers,13,1,1,1,1.0,0.0,0,9.0,22.0,0.0,1.0,-2.581395348837209,0.8881239242685025,1.8857142857142857,10.285714285714285,1
335990,2007/08,7,2,84,1,9,44,76,7.333333333333333,12.666666666666666,215,131,11.454545454545457,10.342105263157896,1.1124401913875597,0.57,middle,1,"Rajiv Gandhi International Stadium, Uppal",0.391,46,Rajasthan Royals,Deccan Chargers,13,1,1,1,1.0,0.0,0,9.0,19.0,0.0,1.0,-2.454545454545457,0.9028822055137844,1.8960526315789477,10.342105263157896,1
335990,2007/08,7,3,90,1,9,45,75,7.5,12.5,215,125,12.0,10.0,2.0,0.5625,middle,1,"Rajiv Gandhi International Stadium, Uppal",0.391,46,Rajasthan Royals,Deccan Chargers,13,1,1,1,6.0,0.0,1,15.0,24.0,0.0,2.0,3.0,0.8333333333333334,1.8333333333333333,10.0,1
335990,2007/08,7,4,94,1,9,46,74,7.666666666666667,12.333333333333334,215,121,12.26086956521739,9.81081081081081,2.45005875440658,0.555,middle,1,"Rajiv Gandhi International Stadium, Uppal",0.391,46,Rajasthan Royals,Deccan Chargers,13,1,1,1,4.0,0.0,1,13.0,22.0,0.0,2.0,0.7391304347826093,0.8001725129384704,1.7986486486486488,9.81081081081081,1
335990,2007/08,7,5,94,1,9,47,73,7.833333333333333,12.166666666666666,215,121,12.0,9.945205479452056,2.054794520547945,0.5475,middle,1,"Rajiv Gandhi International Stadium, Uppal",0.391,46,Rajasthan Royals,Deccan Chargers,13,1,1,1,0.0,0.0,0,12.0,22.0,0.0,2.0,0.0,0.8287671232876713,1.8232876712328767,9.945205479452056,1
335990,2007/08,7,6,98,1,9,48,72,8.0,12.0,215,117,12.25,9.75,2.5,0.54,middle,1,"Rajiv Gandhi International Stadium, Uppal",0.391,46,Rajasthan Royals,Deccan Chargers,13,1,1,1,4.0,0.0,1,16.0,25.0,0.0,3.0,3.75,0.7959183673469388,1.7875,9.75,1
335990,2007/08,8,1,99,1,9,49,71,8.166666666666666,11.833333333333334,215,116,12.122448979591836,9.80281690140845,2.3196320781833872,0.5325,middle,1,"Rajiv Gandhi International Stadium, Uppal",0.391,46,Rajasthan Royals,Deccan Chargers,13,1,1,1,1.0,0.0,0,16.0,25.0,0.0,3.0,3.877551020408165,0.8086498790724143,1.7971830985915496,9.80281690140845,1
335990,2007/08,8,2,99,1,9,50,70,8.333333333333334,11.666666666666666,215,116,11.88,9.942857142857145,1.937142857142856,0.525,middle,1,"Rajiv Gandhi International Stadium, Uppal",0.391,46,Rajasthan Royals,Deccan Chargers,13,1,1,1,0.0,0.0,0,15.0,24.0,0.0,3.0,3.119999999999999,0.8369408369408371,1.8228571428571432,9.942857142857145,1
335990,2007/08,8,3,100,1,9,51,69,8.5,11.5,215,115,11.764705882352942,10.0,1.764705882352942,0.5175,middle,1,"Rajiv Gandhi International Stadium, Uppal",0.391,46,Rajasthan Royals,Deccan Chargers,13,1,1,1,1.0,0.0,0,10.0,25.0,0.0,2.0,-1.764705882352942,0.85,1.8333333333333333,10.0,1
335990,2007/08,8,4,104,1,9,52,68,8.666666666666666,11.333333333333334,215,111,12.0,9.794117647058822,2.205882352941177,0.51,middle,1,"Rajiv Gandhi International Stadium, Uppal",0.391,46,Rajasthan Royals,Deccan Chargers,13,1,1,1,4.0,0.0,1,10.0,23.0,0.0,2.0,-2.0,0.8161764705882352,1.7955882352941177,9.794117647058822,1
335990,2007/08,8,5,110,1,9,53,67,8.833333333333334,11.166666666666666,215,105,12.452830188679243,9.402985074626866,3.0498451140523795,0.5025000000000001,middle,1,"Rajiv Gandhi International Stadium, Uppal",0.391,46,Rajasthan Royals,Deccan Chargers,13,1,1,1,6.0,0.0,1,16.0,28.0,0.0,3.0,3.5471698113207566,0.755088195386703,1.7238805970149256,9.402985074626866,1
335990,2007/08,8,6,110,1,9,54,66,9.0,11.0,215,105,12.22222222222222,9.545454545454543,2.6767676767676765,0.495,middle,1,"Rajiv Gandhi International Stadium, Uppal",0.391,46,Rajasthan Royals,Deccan Chargers,13,1,1,1,0.0,0.0,0,12.0,28.0,0.0,2.0,-0.2222222222222196,0.78099173553719,1.75,9.545454545454543,1
335990,2007/08,9,1,111,1,9,55,65,9.166666666666666,10.833333333333334,215,104,12.10909090909091,9.6,2.5090909090909097,0.4875,middle,1,"Rajiv Gandhi International Stadium, Uppal",0.391,46,Rajasthan Royals,Deccan Chargers,13,1,1,1,1.0,0.0,0,12.0,28.0,0.0,2.0,-0.1090909090909093,0.7927927927927928,1.7600000000000002,9.6,1
335990,2007/08,9,2,112,1,9,56,64,9.333333333333334,10.666666666666666,215,103,12.0,9.65625,2.34375,0.48,middle,1,"Rajiv Gandhi International Stadium, Uppal",0.391,46,Rajasthan Royals,Deccan Chargers,13,1,1,1,1.0,0.0,0,13.0,28.0,0.0,2.0,1.0,0.8046875,1.7703125000000002,9.65625,1
335990,2007/08,9,3,112,2,8,57,63,9.5,10.5,215,103,11.789473684210526,9.80952380952381,1.979949874686716,0.42,middle,1,"Rajiv Gandhi International Stadium, Uppal",0.391,46,Rajasthan Royals,Deccan Chargers,13,1,1,1,0.0,1.0,0,12.0,22.0,1.0,2.0,0.2105263157894743,0.8320578231292518,1.9619047619047616,9.80952380952381,2
335990,2007/08,9,4,113,2,8,58,62,9.666666666666666,10.333333333333334,215,102,11.689655172413794,9.870967741935484,1.8186874304783096,0.4133333333333334,middle,1,"Rajiv Gandhi International Stadium, Uppal",0.391,46,Rajasthan Royals,Deccan Chargers,13,1,1,1,1.0,0.0,0,9.0,19.0,1.0,1.0,-2.6896551724137936,0.8444190693691122,1.9741935483870967,9.870967741935484,2
335990,2007/08,9,5,114,2,8,59,61,9.833333333333334,10.166666666666666,215,101,11.59322033898305,9.934426229508198,1.6587941094748526,0.4066666666666667,middle,1,"Rajiv Gandhi International Stadium, Uppal",0.391,46,Rajasthan Royals,Deccan Chargers,13,1,1,1,1.0,0.0,0,4.0,20.0,1.0,0.0,-7.59322033898305,0.8569168823698592,1.9868852459016395,9.934426229508198,2
335990,2007/08,9,6,114,2,8,60,60,10.0,10.0,215,101,11.4,10.1,1.3000000000000007,0.4,middle,1,"Rajiv Gandhi International Stadium, Uppal",0.391,46,Rajasthan Royals,Deccan Chargers,13,1,1,1,0.0,0.0,0,4.0,16.0,1.0,0.0,-7.4,0.8859649122807017,2.02,10.1,2
335990,2007/08,10,1,115,2,8,61,59,10.166666666666666,9.833333333333334,215,100,11.311475409836069,10.169491525423728,1.141983884412339,0.3933333333333333,middle,1,"Rajiv Gandhi International Stadium, Uppal",0.391,46,Rajasthan Royals,Deccan Chargers,13,1,1,1,1.0,0.0,0,4.0,16.0,1.0,0.0,-7.311475409836069,0.8990420044215177,2.0338983050847457,10.169491525423728,2
335990,2007/08,10,2,116,2,8,62,58,10.333333333333334,9.666666666666666,215,99,11.225806451612902,10.241379310344827,0.9844271412680748,0.3866666666666667,middle,1,"Rajiv Gandhi International Stadium, Uppal",0.391,46,Rajasthan Royals,Deccan Chargers,13,1,1,1,1.0,0.0,0,4.0,17.0,1.0,0.0,-7.225806451612902,0.91230677764566,2.0482758620689654,10.241379310344827,2
335990,2007/08,10,3,116,2,8,63,57,10.5,9.5,215,99,11.047619047619047,10.421052631578949,0.6265664160401005,0.38,middle,1,"Rajiv Gandhi International Stadium, Uppal",0.391,46,Rajasthan Royals,Deccan Chargers,13,1,1,1,0.0,0.0,0,4.0,16.0,1.0,0.0,-7.047619047619048,0.943284936479129,2.0842105263157893,10.421052631578949,2
335990,2007/08,10,4,120,2,8,64,56,10.666666666666666,9.333333333333334,215,95,11.25,10.178571428571429,1.071428571428573,0.3733333333333333,middle,1,"Rajiv Gandhi International Stadium, Uppal",0.391,46,Rajasthan Royals,Deccan Chargers,13,1,1,1,4.0,0.0,1,7.0,16.0,1.0,1.0,-4.25,0.9047619047619048,2.0357142857142856,10.178571428571429,2
335990,2007/08,10,5,120,2,8,65,55,10.833333333333334,9.166666666666666,215,95,11.076923076923077,10.363636363636363,0.7132867132867116,0.3666666666666667,middle,1,"Rajiv Gandhi International Stadium, Uppal",0.391,46,Rajasthan Royals,Deccan Chargers,13,1,1,1,0.0,0.0,0,6.0,10.0,1.0,1.0,-5.076923076923077,0.9356060606060606,2.0727272727272728,10.363636363636363,2
335990,2007/08,10,6,121,2,8,66,54,11.0,9.0,215,94,11.0,10.444444444444445,0.5555555555555554,0.36,middle,1,"Rajiv Gandhi International Stadium, Uppal",0.391,46,Rajasthan Royals,Deccan Chargers,13,1,1,1,1.0,0.0,0,7.0,11.0,1.0,1.0,-4.0,0.9494949494949496,2.088888888888889,10.444444444444445,2
335990,2007/08,11,1,122,2,8,67,53,11.166666666666666,8.833333333333334,215,93,10.92537313432836,10.528301886792452,0.3970712475359068,0.3533333333333333,middle,1,"Rajiv Gandhi International Stadium, Uppal",0.391,46,Rajasthan Royals,Deccan Chargers,13,1,1,1,1.0,0.0,0,7.0,11.0,1.0,1.0,-3.92537313432836,0.963656047015156,2.1056603773584905,10.528301886792452,2
335990,2007/08,11,2,123,2,8,68,52,11.333333333333334,8.666666666666666,215,92,10.852941176470589,10.615384615384617,0.2375565610859702,0.3466666666666667,middle,1,"Rajiv Gandhi International Stadium, Uppal",0.391,46,Rajasthan Royals,Deccan Chargers,13,1,1,1,1.0,0.0,0,7.0,11.0,1.0,1.0,-3.8529411764705888,0.9781113195747344,2.123076923076923,10.615384615384617,2
335990,2007/08,11,3,124,2,8,69,51,11.5,8.5,215,91,10.782608695652174,10.705882352941176,0.0767263427109981,0.34,middle,1,"Rajiv Gandhi International Stadium, Uppal",0.391,46,Rajasthan Royals,Deccan Chargers,13,1,1,1,1.0,0.0,0,8.0,12.0,0.0,1.0,-2.782608695652174,0.9928842504743832,2.1411764705882352,10.705882352941176,2
335990,2007/08,11,4,125,2,8,70,50,11.666666666666666,8.333333333333334,215,90,10.714285714285715,10.8,-0.0857142857142836,0.3333333333333333,middle,1,"Rajiv Gandhi International Stadium, Uppal",0.391,46,Rajasthan Royals,Deccan Chargers,13,1,1,1,1.0,0.0,0,5.0,12.0,0.0,0.0,-5.714285714285715,1.008,2.16,10.8,2
335990,2007/08,11,5,126,2,8,71,49,11.833333333333334,8.166666666666666,215,89,10.647887323943662,10.89795918367347,-0.2500718597298075,0.3266666666666666,middle,1,"Rajiv Gandhi International Stadium, Uppal",0.391,46,Rajasthan Royals,Deccan Chargers,13,1,1,1,1.0,0.0,0,6.0,12.0,0.0,0.0,-4.647887323943662,1.0234855847100746,2.179591836734694,10.89795918367347,2
335990,2007/08,11,6,126,3,7,72,48,12.0,8.0,215,89,10.5,11.125,-0.625,0.2799999999999999,middle,1,"Rajiv Gandhi International Stadium, Uppal",0.391,46,Rajasthan Royals,Deccan Chargers,13,1,1,1,0.0,1.0,0,5.0,12.0,1.0,0.0,-5.5,1.0595238095238095,2.410416666666667,11.125,3
335990,2007/08,12,1,127,3,7,73,47,12.166666666666666,7.833333333333333,215,88,10.438356164383562,11.23404255319149,-0.795686388807928,0.2741666666666666,middle,1,"Rajiv Gandhi International Stadium, Uppal",0.391,46,Rajasthan Royals,Deccan Chargers,13,1,1,1,1.0,0.0,0,5.0,12.0,1.0,0.0,-5.438356164383562,1.0762271737309432,2.4340425531914893,11.23404255319149,3
335990,2007/08,12,2,128,3,7,74,46,12.333333333333334,7.666666666666667,215,87,10.378378378378375,11.347826086956522,-0.9694477085781444,0.2683333333333333,middle,1,"Rajiv Gandhi International Stadium, Uppal",0.391,46,Rajasthan Royals,Deccan Chargers,13,1,1,1,1.0,0.0,0,5.0,12.0,1.0,0.0,-5.378378378378375,1.0934103260869568,2.458695652173913,11.347826086956522,3
335990,2007/08,12,3,129,3,7,75,45,12.5,7.5,215,86,10.32,11.466666666666669,-1.1466666666666665,0.2624999999999999,middle,1,"Rajiv Gandhi International Stadium, Uppal",0.391,46,Rajasthan Royals,Deccan Chargers,13,1,1,1,1.0,0.0,0,5.0,13.0,1.0,0.0,-5.32,1.1111111111111112,2.4844444444444447,11.466666666666669,3
335990,2007/08,12,4,133,3,7,76,44,12.666666666666666,7.333333333333333,215,82,10.5,11.181818181818182,-0.6818181818181817,0.2566666666666666,middle,1,"Rajiv Gandhi International Stadium, Uppal",0.391,46,Rajasthan Royals,Deccan Chargers,13,1,1,1,4.0,0.0,1,8.0,13.0,1.0,1.0,-2.5,1.0649350649350648,2.422727272727273,11.181818181818182,3
335990,2007/08,12,5,133,3,7,77,43,12.833333333333334,7.166666666666667,215,82,10.363636363636363,11.441860465116278,-1.0782241014799148,0.2508333333333333,middle,1,"Rajiv Gandhi International Stadium, Uppal",0.391,46,Rajasthan Royals,Deccan Chargers,13,1,1,1,0.0,0.0,0,7.0,13.0,1.0,1.0,-3.3636363636363638,1.1040391676866586,2.4790697674418607,11.441860465116278,3
335990,2007/08,12,6,134,3,7,78,42,13.0,7.0,215,81,10.307692307692308,11.571428571428571,-1.2637362637362628,0.2449999999999999,middle,1,"Rajiv Gandhi International Stadium, Uppal",0.391,46,Rajasthan Royals,Deccan Chargers,13,1,1,1,1.0,0.0,0,8.0,13.0,1.0,1.0,-2.3076923076923084,1.1226012793176972,2.507142857142857,11.571428571428571,3
335990,2007/08,13,1,135,3,7,79,41,13.166666666666666,6.833333333333333,215,80,10.253164556962028,11.707317073170731,-1.4541525162087048,0.2391666666666666,middle,1,"Rajiv Gandhi International Stadium, Uppal",0.391,46,Rajasthan Royals,Deccan Chargers,13,1,1,1,1.0,0.0,0,8.0,13.0,1.0,1.0,-2.2531645569620284,1.1418247515808488,2.5365853658536586,11.707317073170731,3
335990,2007/08,13,2,136,3,7,80,40,13.333333333333334,6.666666666666667,215,79,10.2,11.85,-1.6500000000000004,0.2333333333333333,middle,1,"Rajiv Gandhi International Stadium, Uppal",0.391,46,Rajasthan Royals,Deccan Chargers,13,1,1,1,1.0,0.0,0,8.0,13.0,1.0,1.0,-2.1999999999999997,1.161764705882353,2.5675000000000003,11.85,3
335990,2007/08,13,3,137,3,7,81,39,13.5,6.5,215,78,10.148148148148149,12.0,-1.8518518518518512,0.2274999999999999,middle,1,"Rajiv Gandhi International Stadium, Uppal",0.391,46,Rajasthan Royals,Deccan Chargers,13,1,1,1,1.0,0.0,0,8.0,13.0,1.0,1.0,-2.148148148148149,1.1824817518248174,2.6,12.0,3
335990,2007/08,13,4,137,3,7,82,38,13.666666666666666,6.333333333333333,215,78,10.02439024390244,12.31578947368421,-2.2913992297817707,0.2216666666666666,middle,1,"Rajiv Gandhi International Stadium, Uppal",0.391,46,Rajasthan Royals,Deccan Chargers,13,1,1,1,0.0,0.0,0,4.0,12.0,1.0,0.0,-6.02439024390244,1.228582404917403,2.6684210526315795,12.31578947368421,3
335990,2007/08,13,5,139,3,7,83,37,13.833333333333334,6.166666666666667,215,76,10.048192771084336,12.324324324324325,-2.2761315532399884,0.2158333333333333,middle,1,"Rajiv Gandhi International Stadium, Uppal",0.391,46,Rajasthan Royals,Deccan Chargers,13,1,1,1,2.0,0.0,0,6.0,13.0,1.0,0.0,-4.048192771084336,1.2265214855142914,2.67027027027027,12.324324324324325,3
335990,2007/08,13,6,139,3,7,84,36,14.0,6.0,215,76,9.928571428571429,12.666666666666666,-2.738095238095237,0.21,middle,1,"Rajiv Gandhi International Stadium, Uppal",0.391,46,Rajasthan Royals,Deccan Chargers,13,1,1,1,0.0,0.0,0,5.0,13.0,0.0,0.0,-4.928571428571429,1.2757793764988008,2.7444444444444445,12.666666666666666,3
335990,2007/08,14,1,145,3,7,85,35,14.166666666666666,5.833333333333333,215,70,10.23529411764706,12.0,-1.7647058823529402,0.2041666666666666,middle,1,"Rajiv Gandhi International Stadium, Uppal",0.391,46,Rajasthan Royals,Deccan Chargers,13,1,1,1,6.0,0.0,1,10.0,18.0,0.0,1.0,-0.2352941176470597,1.1724137931034482,2.6,12.0,3
335990,2007/08,14,2,145,3,7,86,34,14.333333333333334,5.666666666666667,215,70,10.116279069767442,12.352941176470589,-2.236662106703145,0.1983333333333333,middle,1,"Rajiv Gandhi International Stadium, Uppal",0.391,46,Rajasthan Royals,Deccan Chargers,13,1,1,1,0.0,0.0,0,9.0,17.0,0.0,1.0,-1.116279069767442,1.2210953346855984,2.676470588235294,12.352941176470589,3
335990,2007/08,14,3,146,3,7,87,33,14.5,5.5,215,69,10.06896551724138,12.545454545454543,-2.476489028213166,0.1925,middle,1,"Rajiv Gandhi International Stadium, Uppal",0.391,46,Rajasthan Royals,Deccan Chargers,13,1,1,1,1.0,0.0,0,9.0,17.0,0.0,1.0,-1.0689655172413808,1.2459526774595264,2.7181818181818183,12.545454545454543,3
335990,2007/08,14,4,147,3,7,88,32,14.666666666666666,5.333333333333333,215,68,10.022727272727272,12.75,-2.727272727272726,0.1866666666666666,middle,1,"Rajiv Gandhi International Stadium, Uppal",0.391,46,Rajasthan Royals,Deccan Chargers,13,1,1,1,1.0,0.0,0,10.0,14.0,0.0,1.0,-0.0227272727272715,1.272108843537415,2.7625,12.75,3
335990,2007/08,14,5,153,3,7,89,31,14.833333333333334,5.166666666666667,215,62,10.314606741573034,12.0,-1.6853932584269664,0.1808333333333333,middle,1,"Rajiv Gandhi International Stadium, Uppal",0.391,46,Rajasthan Royals,Deccan Chargers,13,1,1,1,6.0,0.0,1,14.0,20.0,0.0,2.0,3.6853932584269664,1.1633986928104576,2.6,12.0,3
335990,2007/08,14,6,159,3,7,90,30,15.0,5.0,215,56,10.6,11.2,-0.5999999999999996,0.175,middle,1,"Rajiv Gandhi International Stadium, Uppal",0.391,46,Rajasthan Royals,Deccan Chargers,13,1,1,1,6.0,0.0,1,20.0,25.0,0.0,3.0,9.4,1.0566037735849056,2.4266666666666667,11.2,3
335990,2007/08,15,1,160,3,7,91,29,15.166666666666666,4.833333333333333,215,55,10.54945054945055,11.379310344827587,-0.8298597953770379,0.1691666666666666,death,2,"Rajiv Gandhi International Stadium, Uppal",0.391,46,Rajasthan Royals,Deccan Chargers,13,1,1,1,1.0,0.0,0,15.0,25.0,0.0,2.0,4.450549450549451,1.0786637931034484,2.4655172413793105,22.75862068965517,6
335990,2007/08,15,2,161,3,7,92,28,15.333333333333334,4.666666666666667,215,54,10.5,11.571428571428571,-1.0714285714285712,0.1633333333333333,death,2,"Rajiv Gandhi International Stadium, Uppal",0.391,46,Rajasthan Royals,Deccan Chargers,13,1,1,1,1.0,0.0,0,16.0,25.0,0.0,2.0,5.5,1.1020408163265305,2.507142857142857,23.142857142857142,6
335990,2007/08,15,3,167,3,7,93,27,15.5,4.5,215,48,10.774193548387096,10.666666666666666,0.10752688172043,0.1575,death,2,"Rajiv Gandhi International Stadium, Uppal",0.391,46,Rajasthan Royals,Deccan Chargers,13,1,1,1,6.0,0.0,1,21.0,30.0,0.0,3.0,10.225806451612904,0.9900199600798404,2.311111111111111,21.33333333333333,6
335990,2007/08,15,4,171,3,7,94,26,15.666666666666666,4.333333333333333,215,44,10.914893617021278,10.153846153846157,0.7610474631751227,0.1516666666666666,death,2,"Rajiv Gandhi International Stadium, Uppal",0.391,46,Rajasthan Royals,Deccan Chargers,13,1,1,1,4.0,0.0,1,24.0,34.0,0.0,4.0,13.085106382978722,0.9302744039586146,2.2,20.307692307692317,6
335990,2007/08,15,5,172,3,7,95,25,15.833333333333334,4.166666666666667,215,43,10.863157894736842,10.32,0.5431578947368436,0.1458333333333333,death,2,"Rajiv Gandhi International Stadium, Uppal",0.391,46,Rajasthan Royals,Deccan Chargers,13,1,1,1,1.0,0.0,0,19.0,33.0,0.0,3.0,8.136842105263158,0.95,2.236,20.64,6
335990,2007/08,15,6,176,3,7,96,24,16.0,4.0,215,39,11.0,9.75,1.25,0.1399999999999999,death,2,"Rajiv Gandhi International Stadium, Uppal",0.391,46,Rajasthan Royals,Deccan Chargers,13,1,1,1,4.0,0.0,1,17.0,37.0,0.0,3.0,6.0,0.8863636363636364,2.1125000000000003,19.5,6
335990,2007/08,16,1,180,3,7,97,23,16.166666666666668,3.8333333333333335,215,35,11.1340206185567,9.130434782608695,2.003585835948005,0.1341666666666666,death,2,"Rajiv Gandhi International Stadium, Uppal",0.391,46,Rajasthan Royals,Deccan Chargers,13,1,1,1,4.0,0.0,1,20.0,35.0,0.0,4.0,8.8659793814433,0.8200483091787439,1.9782608695652173,18.26086956521739,6
335990,2007/08,16,2,181,3,7,98,22,16.333333333333332,3.6666666666666665,215,34,11.081632653061224,9.272727272727272,1.808905380333952,0.1283333333333333,death,2,"Rajiv Gandhi International Stadium, Uppal",0.391,46,Rajasthan Royals,Deccan Chargers,13,1,1,1,1.0,0.0,0,20.0,36.0,0.0,4.0,8.918367346938776,0.8367654445002511,2.0090909090909093,18.545454545454543,6
335990,2007/08,16,3,182,3,7,99,21,16.5,3.5,215,33,11.030303030303031,9.428571428571429,1.6017316017316023,0.1224999999999999,death,2,"Rajiv Gandhi International Stadium, Uppal",0.391,46,Rajasthan Royals,Deccan Chargers,13,1,1,1,1.0,0.0,0,15.0,36.0,0.0,3.0,3.969696969696969,0.8547880690737834,2.0428571428571427,18.857142857142858,6
335990,2007/08,16,4,183,3,7,100,20,16.666666666666668,3.333333333333333,215,32,10.98,9.6,1.379999999999999,0.1166666666666666,death,2,"Rajiv Gandhi International Stadium, Uppal",0.391,46,Rajasthan Royals,Deccan Chargers,13,1,1,1,1.0,0.0,0,12.0,36.0,0.0,2.0,1.0199999999999996,0.8743169398907104,2.08,19.2,6
335990,2007/08,16,5,184,3,7,101,19,16.833333333333332,3.1666666666666665,215,31,10.930693069306932,9.789473684210527,1.141219385096404,0.1108333333333333,death,2,"Rajiv Gandhi International Stadium, Uppal",0.391,46,Rajasthan Royals,Deccan Chargers,13,1,1,1,1.0,0.0,0,12.0,31.0,0.0,2.0,1.0693069306930685,0.8955949656750573,2.1210526315789475,19.57894736842105,6
335990,2007/08,16,6,186,3,7,102,18,17.0,3.0,215,29,10.941176470588236,9.666666666666666,1.2745098039215694,0.105,death,2,"Rajiv Gandhi International Stadium, Uppal",0.391,46,Rajasthan Royals,Deccan Chargers,13,1,1,1,2.0,0.0,0,10.0,27.0,0.0,1.0,-0.9411764705882356,0.8835125448028673,2.094444444444445,19.33333333333333,6
335990,2007/08,17,1,186,4,6,103,17,17.166666666666668,2.833333333333333,215,29,10.834951456310678,10.235294117647058,0.5996573386636204,0.0849999999999999,death,2,"Rajiv Gandhi International Stadium, Uppal",0.391,46,Rajasthan Royals,Deccan Chargers,13,1,1,1,0.0,1.0,0,6.0,26.0,1.0,0.0,-4.834951456310678,0.9446552814674256,2.388235294117647,20.47058823529412,8
335990,2007/08,17,2,187,4,6,103,17,17.166666666666668,2.833333333333333,215,28,10.893203883495143,9.88235294117647,1.010850942318676,0.0849999999999999,death,2,"Rajiv Gandhi International Stadium, Uppal",0.391,46,Rajasthan Royals,Deccan Chargers,13,1,1,1,1.0,0.0,0,6.0,26.0,1.0,0.0,-4.893203883495144,0.907203523120478,2.3058823529411763,19.76470588235294,8
335990,2007/08,17,3,187,5,5,104,16,17.333333333333332,2.6666666666666665,215,28,10.788461538461538,10.5,0.2884615384615383,0.0666666666666666,death,2,"Rajiv Gandhi International Stadium, Uppal",0.391,46,Rajasthan Royals,Deccan Chargers,13,1,1,1,0.0,1.0,0,5.0,20.0,2.0,0.0,-5.788461538461538,0.9732620320855616,2.625,21.0,10
335990,2007/08,17,4,188,5,5,105,15,17.5,2.5,215,27,10.742857142857142,10.8,-0.0571428571428587,0.0625,death,2,"Rajiv Gandhi International Stadium, Uppal",0.391,46,Rajasthan Royals,Deccan Chargers,13,1,1,1,1.0,0.0,0,5.0,17.0,2.0,0.0,-5.742857142857142,1.0053191489361704,2.7,21.6,10
335990,2007/08,17,5,188,5,5,106,14,17.666666666666668,2.333333333333333,215,27,10.641509433962264,11.571428571428571,-0.9299191374663084,0.0583333333333333,death,2,"Rajiv Gandhi International Stadium, Uppal",0.391,46,Rajasthan Royals,Deccan Chargers,13,1,1,1,0.0,0.0,0,4.0,16.0,2.0,0.0,-6.6415094339622645,1.087386018237082,2.892857142857143,23.142857142857142,10
335990,2007/08,17,6,188,5,5,107,13,17.833333333333332,2.1666666666666665,215,27,10.542056074766355,12.461538461538462,-1.9194823867721065,0.0541666666666666,death,2,"Rajiv Gandhi International Stadium, Uppal",0.391,46,Rajasthan Royals,Deccan Chargers,13,1,1,1,0.0,0.0,0,2.0,12.0,2.0,0.0,-8.542056074766355,1.1820785597381342,3.115384615384616,24.923076923076923,10
335990,2007/08,17,7,192,5,5,108,12,18.0,2.0,215,23,10.666666666666666,11.5,-0.8333333333333339,0.05,death,2,"Rajiv Gandhi International Stadium, Uppal",0.391,46,Rajasthan Royals,Deccan Chargers,13,1,1,1,4.0,0.0,1,6.0,12.0,2.0,1.0,-4.666666666666666,1.078125,2.875,23.0,10
335990,2007/08,18,1,193,5,5,109,11,18.166666666666668,1.8333333333333333,215,22,10.623853211009171,12.0,-1.3761467889908268,0.0458333333333333,death,2,"Rajiv Gandhi International Stadium, Uppal",0.391,46,Rajasthan Royals,Deccan Chargers,13,1,1,1,1.0,0.0,0,6.0,12.0,2.0,1.0,-4.623853211009172,1.129533678756477,3.0,24.0,10
335990,2007/08,18,2,195,5,5,109,11,18.166666666666668,1.8333333333333333,215,20,10.73394495412844,10.90909090909091,-0.1751459549624705,0.0458333333333333,death,2,"Rajiv Gandhi International Stadium, Uppal",0.391,46,Rajasthan Royals,Deccan Chargers,13,1,1,1,2.0,0.0,0,8.0,13.0,2.0,1.0,-2.7339449541284395,1.0163170163170163,2.727272727272727,21.81818181818182,10
335990,2007/08,18,3,195,6,4,110,10,18.33333333333333,1.6666666666666667,215,20,10.636363636363637,12.0,-1.363636363636363,0.0333333333333333,death,2,"Rajiv Gandhi International Stadium, Uppal",0.391,46,Rajasthan Royals,Deccan Chargers,13,1,1,1,0.0,1.0,0,7.0,12.0,3.0,1.0,-3.6363636363636367,1.1282051282051282,3.2,24.0,12
335990,2007/08,18,4,196,6,4,111,9,18.5,1.5,215,19,10.594594594594597,12.666666666666666,-2.072072072072072,0.03,death,2,"Rajiv Gandhi International Stadium, Uppal",0.391,46,Rajasthan Royals,Deccan Chargers,13,1,1,1,1.0,0.0,0,8.0,12.0,3.0,1.0,-2.5945945945945965,1.1955782312925167,3.377777777777778,25.33333333333333,12
335990,2007/08,18,5,196,7,3,112,8,18.666666666666668,1.3333333333333333,215,19,10.5,14.25,-3.75,0.02,death,2,"Rajiv Gandhi International Stadium, Uppal",0.391,46,Rajasthan Royals,Deccan Chargers,13,1,1,1,0.0,1.0,0,8.0,10.0,4.0,1.0,-2.5,1.3571428571428572,4.0375,28.5,14
335990,2007/08,18,6,197,7,3,113,7,18.83333333333333,1.1666666666666667,215,18,10.460176991150442,15.428571428571429,-4.968394437420985,0.0174999999999999,death,2,"Rajiv Gandhi International Stadium, Uppal",0.391,46,Rajasthan Royals,Deccan Chargers,13,1,1,1,1.0,0.0,0,5.0,11.0,3.0,0.0,-5.460176991150442,1.4749818709209572,4.371428571428572,30.857142857142858,14
335990,2007/08,18,7,198,7,3,114,6,19.0,1.0,215,17,10.421052631578949,17.0,-6.578947368421053,0.015,death,2,"Rajiv Gandhi International Stadium, Uppal",0.391,46,Rajasthan Royals,Deccan Chargers,13,1,1,1,1.0,0.0,0,5.0,11.0,3.0,0.0,-5.421052631578949,1.631313131313131,4.816666666666666,34.0,14
335990,2007/08,19,1,200,7,3,115,5,19.166666666666668,0.8333333333333334,215,15,10.434782608695652,18.0,-7.565217391304348,0.0124999999999999,death,2,"Rajiv Gandhi International Stadium, Uppal",0.391,46,Rajasthan Royals,Deccan Chargers,13,1,1,1,2.0,0.0,0,5.0,13.0,2.0,0.0,-5.434782608695652,1.725,5.1,36.0,14
335990,2007/08,19,2,201,7,3,116,4,19.33333333333333,0.6666666666666666,215,14,10.396551724137932,21.0,-10.603448275862068,0.01,death,2,"Rajiv Gandhi International Stadium, Uppal",0.391,46,Rajasthan Royals,Deccan Chargers,13,1,1,1,1.0,0.0,0,6.0,13.0,2.0,0.0,-4.396551724137932,2.0199004975124377,5.95,42.0,14
335990,2007/08,19,3,205,7,3,117,3,19.5,0.5,215,10,10.512820512820513,20.0,-9.487179487179487,0.0075,death,2,"Rajiv Gandhi International Stadium, Uppal",0.391,46,Rajasthan Royals,Deccan Chargers,13,1,1,1,4.0,0.0,1,9.0,17.0,2.0,1.0,-1.5128205128205128,1.902439024390244,5.666666666666667,40.0,14
335990,2007/08,19,4,211,7,3,118,2,19.666666666666668,0.3333333333333333,215,4,10.728813559322033,12.0,-1.2711864406779672,0.005,death,2,"Rajiv Gandhi International Stadium, Uppal",0.391,46,Rajasthan Royals,Deccan Chargers,13,1,1,1,6.0,0.0,1,15.0,23.0,2.0,2.0,4.271186440677967,1.1184834123222749,3.4,24.0,14
335990,2007/08,19,5,217,7,3,119,1,19.83333333333333,0.1666666666666666,215,0,10.941176470588236,0.0,10.941176470588236,0.0025,death,2,"Rajiv Gandhi International Stadium, Uppal",0.391,46,Rajasthan Royals,Deccan Chargers,13,1,1,1,6.0,0.0,1,20.0,25.0,2.0,3.0,9.058823529411764,0.0,0.0,0.0,14
335991,2007/08,0,1,0,0,10,1,119,0.1666666666666666,19.83333333333333,183,183,0.0,9.226890756302522,-9.226890756302522,0.9916666666666668,powerplay,0,"Punjab Cricket Association Stadium, Mohali",0.229,35,Mumbai Indians,Kings XI Punjab,10,6,1,0,0.0,0.0,0,0.0,0.0,0.0,0.0,0.0,5.0,1.5378151260504205,0.0,0
335991,2007/08,0,2,1,0,10,2,118,0.3333333333333333,19.666666666666668,183,182,3.0,9.254237288135592,-6.254237288135593,0.9833333333333332,powerplay,0,"Punjab Cricket Association Stadium, Mohali",0.229,35,Mumbai Indians,Kings XI Punjab,10,6,1,0,1.0,0.0,0,1.0,1.0,0.0,0.0,-2.0,3.084745762711864,1.5423728813559323,0.0,0
335991,2007/08,0,3,1,0,10,3,117,0.5,19.5,183,182,2.0,9.333333333333334,-7.333333333333334,0.975,powerplay,0,"Punjab Cricket Association Stadium, Mohali",0.229,35,Mumbai Indians,Kings XI Punjab,10,6,1,0,0.0,0.0,0,1.0,1.0,0.0,0.0,-1.0,4.666666666666667,1.5555555555555556,0.0,0
335991,2007/08,0,4,1,0,10,4,116,0.6666666666666666,19.33333333333333,183,182,1.5,9.413793103448276,-7.913793103448276,0.9666666666666668,powerplay,0,"Punjab Cricket Association Stadium, Mohali",0.229,35,Mumbai Indians,Kings XI Punjab,10,6,1,0,0.0,0.0,0,1.0,1.0,0.0,0.0,-0.5,6.275862068965517,1.5689655172413792,0.0,0
335991,2007/08,0,5,2,0,10,5,115,0.8333333333333334,19.166666666666668,183,181,2.4,9.443478260869565,-7.0434782608695645,0.9583333333333334,powerplay,0,"Punjab Cricket Association Stadium, Mohali",0.229,35,Mumbai Indians,Kings XI Punjab,10,6,1,0,1.0,0.0,0,2.0,2.0,0.0,0.0,-0.3999999999999999,3.934782608695652,1.5739130434782609,0.0,0
335991,2007/08,0,6,2,0,10,6,114,1.0,19.0,183,181,2.0,9.526315789473683,-7.526315789473685,0.95,powerplay,0,"Punjab Cricket Association Stadium, Mohali",0.229,35,Mumbai Indians,Kings XI Punjab,10,6,1,0,0.0,0.0,0,2.0,2.0,0.0,0.0,0.0,4.763157894736842,1.587719298245614,0.0,0
335991,2007/08,1,1,3,0,10,7,113,1.1666666666666667,18.83333333333333,183,180,2.571428571428571,9.557522123893806,-6.986093552465235,0.9416666666666668,powerplay,0,"Punjab Cricket Association Stadium, Mohali",0.229,35,Mumbai Indians,Kings XI Punjab,10,6,1,0,1.0,0.0,0,3.0,3.0,0.0,0.0,0.4285714285714288,3.716814159292036,1.592920353982301,0.0,0
335991,2007/08,1,2,9,0,10,8,112,1.3333333333333333,18.666666666666668,183,174,6.75,9.321428571428571,-2.571428571428571,0.9333333333333332,powerplay,0,"Punjab Cricket Association Stadium, Mohali",0.229,35,Mumbai Indians,Kings XI Punjab,10,6,1,0,6.0,0.0,1,8.0,9.0,0.0,1.0,1.25,1.380952380952381,1.5535714285714286,0.0,0
335991,2007/08,1,3,9,0,10,9,111,1.5,18.5,183,174,6.0,9.405405405405403,-3.4054054054054053,0.925,powerplay,0,"Punjab Cricket Association Stadium, Mohali",0.229,35,Mumbai Indians,Kings XI Punjab,10,6,1,0,0.0,0.0,0,8.0,9.0,0.0,1.0,2.0,1.567567567567567,1.5675675675675675,0.0,0
335991,2007/08,1,4,9,0,10,10,110,1.6666666666666667,18.33333333333333,183,174,5.4,9.490909090909092,-4.090909090909093,0.9166666666666666,powerplay,0,"Punjab Cricket Association Stadium, Mohali",0.229,35,Mumbai Indians,Kings XI Punjab,10,6,1,0,0.0,0.0,0,8.0,9.0,0.0,1.0,2.6,1.7575757575757576,1.5818181818181818,0.0,0
335991,2007/08,1,5,10,0,10,10,110,1.6666666666666667,18.33333333333333,183,173,6.0,9.436363636363636,-3.4363636363636374,0.9166666666666666,powerplay,0,"Punjab Cricket Association Stadium, Mohali",0.229,35,Mumbai Indians,Kings XI Punjab,10,6,1,0,1.0,0.0,0,8.0,10.0,0.0,1.0,2.0,1.5727272727272723,1.5727272727272728,0.0,0
335991,2007/08,1,6,14,0,10,11,109,1.8333333333333333,18.166666666666668,183,169,7.636363636363637,9.30275229357798,-1.6663886572143447,0.9083333333333332,powerplay,0,"Punjab Cricket Association Stadium, Mohali",0.229,35,Mumbai Indians,Kings XI Punjab,10,6,1,0,4.0,0.0,1,12.0,14.0,0.0,2.0,4.363636363636363,1.2182175622542593,1.5504587155963303,0.0,0
335991,2007/08,1,7,14,0,10,12,108,2.0,18.0,183,169,7.0,9.38888888888889,-2.3888888888888893,0.9,powerplay,0,"Punjab Cricket Association Stadium, Mohali",0.229,35,Mumbai Indians,Kings XI Punjab,10,6,1,0,0.0,0.0,0,11.0,14.0,0.0,2.0,4.0,1.3412698412698414,1.5648148148148149,0.0,0
335991,2007/08,2,1,14,0,10,13,107,2.1666666666666665,17.833333333333332,183,169,6.461538461538462,9.476635514018692,-3.0150970524802307,0.8916666666666667,powerplay,0,"Punjab Cricket Association Stadium, Mohali",0.229,35,Mumbai Indians,Kings XI Punjab,10,6,1,0,0.0,0.0,0,5.0,13.0,0.0,1.0,-1.4615384615384617,1.4666221628838452,1.5794392523364489,0.0,0
335991,2007/08,2,2,14,0,10,14,106,2.333333333333333,17.666666666666668,183,169,6.0,9.566037735849056,-3.566037735849056,0.8833333333333333,powerplay,0,"Punjab Cricket Association Stadium, Mohali",0.229,35,Mumbai Indians,Kings XI Punjab,10,6,1,0,0.0,0.0,0,5.0,13.0,0.0,1.0,-1.0,1.5943396226415094,1.5943396226415094,0.0,0
335991,2007/08,2,3,14,1,9,15,105,2.5,17.5,183,169,5.6,9.657142857142857,-4.057142857142857,0.7875,powerplay,0,"Punjab Cricket Association Stadium, Mohali",0.229,35,Mumbai Indians,Kings XI Punjab,10,6,1,0,0.0,1.0,0,5.0,13.0,1.0,1.0,-0.5999999999999996,1.7244897959183674,1.7704761904761908,0.0,0
335991,2007/08,2,4,14,2,8,16,104,2.6666666666666665,17.333333333333332,183,169,5.25,9.75,-4.5,0.6933333333333334,powerplay,0,"Punjab Cricket Association Stadium, Mohali",0.229,35,Mumbai Indians,Kings XI Punjab,10,6,1,0,0.0,1.0,0,4.0,12.0,2.0,1.0,-1.25,1.8571428571428568,1.95,0.0,0
335991,2007/08,2,5,18,2,8,17,103,2.833333333333333,17.166666666666668,183,165,6.352941176470588,9.611650485436892,-3.258709308966305,0.6866666666666666,powerplay,0,"Punjab Cricket Association Stadium, Mohali",0.229,35,Mumbai Indians,Kings XI Punjab,10,6,1,0,4.0,0.0,1,4.0,16.0,2.0,1.0,-2.352941176470588,1.51294498381877,1.9223300970873785,0.0,0
335991,2007/08,2,6,18,2,8,18,102,3.0,17.0,183,165,6.0,9.705882352941176,-3.705882352941176,0.68,powerplay,0,"Punjab Cricket Association Stadium, Mohali",0.229,35,Mumbai Indians,Kings XI Punjab,10,6,1,0,0.0,0.0,0,4.0,15.0,2.0,1.0,-2.0,1.6176470588235292,1.9411764705882355,0.0,0
335991,2007/08,3,1,19,2,8,19,101,3.1666666666666665,16.833333333333332,183,164,6.0,9.742574257425744,-3.742574257425744,0.6733333333333333,powerplay,0,"Punjab Cricket Association Stadium, Mohali",0.229,35,Mumbai Indians,Kings XI Punjab,10,6,1,0,1.0,0.0,0,5.0,10.0,2.0,1.0,-1.0,1.623762376237624,1.9485148514851485,0.0,0
335991,2007/08,3,2,19,2,8,20,100,3.333333333333333,16.666666666666668,183,164,5.7,9.84,-4.14,0.6666666666666667,powerplay,0,"Punjab Cricket Association Stadium, Mohali",0.229,35,Mumbai Indians,Kings XI Punjab,10,6,1,0,0.0,0.0,0,5.0,10.0,2.0,1.0,-0.7000000000000002,1.726315789473684,1.968,0.0,0
335991,2007/08,3,3,20,2,8,20,100,3.333333333333333,16.666666666666668,183,163,6.0,9.78,-3.78,0.6666666666666667,powerplay,0,"Punjab Cricket Association Stadium, Mohali",0.229,35,Mumbai Indians,Kings XI Punjab,10,6,1,0,1.0,0.0,0,6.0,11.0,2.0,1.0,0.0,1.63,1.956,0.0,0
335991,2007/08,3,4,21,2,8,21,99,3.5,16.5,183,162,6.0,9.818181818181818,-3.8181818181818175,0.66,powerplay,0,"Punjab Cricket Association Stadium, Mohali",0.229,35,Mumbai Indians,Kings XI Punjab,10,6,1,0,1.0,0.0,0,7.0,11.0,2.0,1.0,1.0,1.6363636363636365,1.963636363636364,0.0,0
335991,2007/08,3,5,21,2,8,22,98,3.6666666666666665,16.333333333333332,183,162,5.727272727272728,9.918367346938776,-4.191094619666049,0.6533333333333333,powerplay,0,"Punjab Cricket Association Stadium, Mohali",0.229,35,Mumbai Indians,Kings XI Punjab,10,6,1,0,0.0,0.0,0,3.0,7.0,2.0,0.0,-2.7272727272727284,1.7317784256559765,1.9836734693877551,0.0,0
335991,2007/08,3,6,21,2,8,23,97,3.8333333333333335,16.166666666666668,183,162,5.478260869565217,10.02061855670103,-4.542357687135814,0.6466666666666667,powerplay,0,"Punjab Cricket Association Stadium, Mohali",0.229,35,Mumbai Indians,Kings XI Punjab,10,6,1,0,0.0,0.0,0,3.0,7.0,2.0,0.0,-2.478260869565217,1.8291605301914584,2.004123711340206,0.0,0
335991,2007/08,3,7,21,2,8,24,96,4.0,16.0,183,162,5.25,10.125,-4.875,0.6400000000000001,powerplay,0,"Punjab Cricket Association Stadium, Mohali",0.229,35,Mumbai Indians,Kings XI Punjab,10,6,1,0,0.0,0.0,0,2.0,7.0,2.0,0.0,-3.25,1.9285714285714288,2.025,0.0,0
335991,2007/08,4,1,25,2,8,25,95,4.166666666666667,15.833333333333334,183,158,6.0,9.978947368421052,-3.978947368421052,0.6333333333333333,powerplay,0,"Punjab Cricket Association Stadium, Mohali",0.229,35,Mumbai Indians,Kings XI Punjab,10,6,1,0,4.0,0.0,1,6.0,11.0,2.0,1.0,0.0,1.663157894736842,1.9957894736842103,0.0,0
335991,2007/08,4,2,25,2,8,26,94,4.333333333333333,15.666666666666666,183,158,5.76923076923077,10.085106382978724,-4.315875613747954,0.6266666666666667,powerplay,0,"Punjab Cricket Association Stadium, Mohali",0.229,35,Mumbai Indians,Kings XI Punjab,10,6,1,0,0.0,0.0,0,5.0,11.0,1.0,1.0,-0.76923076923077,1.7480851063829783,2.0170212765957447,0.0,0
335991,2007/08,4,3,29,2,8,27,93,4.5,15.5,183,154,6.444444444444445,9.935483870967742,-3.4910394265232974,0.6200000000000001,powerplay,0,"Punjab Cricket Association Stadium, Mohali",0.229,35,Mumbai Indians,Kings XI Punjab,10,6,1,0,4.0,0.0,1,8.0,15.0,0.0,2.0,1.5555555555555554,1.5417130144605116,1.9870967741935484,0.0,0
335991,2007/08,4,4,30,2,8,28,92,4.666666666666667,15.333333333333334,183,153,6.428571428571428,9.978260869565217,-3.549689440993789,0.6133333333333334,powerplay,0,"Punjab Cricket Association Stadium, Mohali",0.229,35,Mumbai Indians,Kings XI Punjab,10,6,1,0,1.0,0.0,0,9.0,12.0,0.0,2.0,2.571428571428572,1.5521739130434784,1.9956521739130435,0.0,0
335991,2007/08,4,5,34,2,8,29,91,4.833333333333333,15.166666666666666,183,149,7.03448275862069,9.824175824175825,-2.7896930655551344,0.6066666666666667,powerplay,0,"Punjab Cricket Association Stadium, Mohali",0.229,35,Mumbai Indians,Kings XI Punjab,10,6,1,0,4.0,0.0,1,13.0,16.0,0.0,3.0,5.96551724137931,1.396574014221073,1.9648351648351647,0.0,0
335991,2007/08,4,6,34,2,8,30,90,5.0,15.0,183,149,6.8,9.933333333333334,-3.1333333333333337,0.6000000000000001,powerplay,0,"Punjab Cricket Association Stadium, Mohali",0.229,35,Mumbai Indians,Kings XI Punjab,10,6,1,0,0.0,0.0,0,13.0,15.0,0.0,3.0,6.2,1.4607843137254903,1.9866666666666664,0.0,0
335991,2007/08,5,1,35,2,8,31,89,5.166666666666667,14.833333333333334,183,148,6.774193548387096,9.97752808988764,-3.203334541500544,0.5933333333333334,powerplay,0,"Punjab Cricket Association Stadium, Mohali",0.229,35,Mumbai Indians,Kings XI Punjab,10,6,1,0,1.0,0.0,0,10.0,16.0,0.0,2.0,3.225806451612904,1.472873194221509,1.995505617977528,0.0,0
335991,2007/08,5,2,37,2,8,32,88,5.333333333333333,14.666666666666666,183,146,6.9375,9.954545454545457,-3.017045454545455,0.5866666666666667,powerplay,0,"Punjab Cricket Association Stadium, Mohali",0.229,35,Mumbai Indians,Kings XI Punjab,10,6,1,0,2.0,0.0,0,12.0,17.0,0.0,2.0,5.0625,1.4348894348894352,1.990909090909091,0.0,0
335991,2007/08,5,3,37,2,8,33,87,5.5,14.5,183,146,6.727272727272728,10.06896551724138,-3.3416927899686515,0.58,powerplay,0,"Punjab Cricket Association Stadium, Mohali",0.229,35,Mumbai Indians,Kings XI Punjab,10,6,1,0,0.0,0.0,0,8.0,16.0,0.0,1.0,1.2727272727272716,1.4967381174277723,2.013793103448276,0.0,0
335991,2007/08,5,4,38,2,8,34,86,5.666666666666667,14.333333333333334,183,145,6.705882352941176,10.116279069767442,-3.4103967168262663,0.5733333333333334,powerplay,0,"Punjab Cricket Association Stadium, Mohali",0.229,35,Mumbai Indians,Kings XI Punjab,10,6,1,0,1.0,0.0,0,8.0,17.0,0.0,1.0,1.2941176470588245,1.5085679314565483,2.0232558139534884,0.0,0
335991,2007/08,5,5,38,2,8,35,85,5.833333333333333,14.166666666666666,183,145,6.514285714285714,10.23529411764706,-3.7210084033613455,0.5666666666666668,powerplay,0,"Punjab Cricket Association Stadium, Mohali",0.229,35,Mumbai Indians,Kings XI Punjab,10,6,1,0,0.0,0.0,0,4.0,17.0,0.0,0.0,-2.5142857142857142,1.5712074303405574,2.047058823529412,0.0,0
335991,2007/08,5,6,39,2,8,36,84,6.0,14.0,183,144,6.5,10.285714285714286,-3.785714285714288,0.5599999999999999,powerplay,0,"Punjab Cricket Association Stadium, Mohali",0.229,35,Mumbai Indians,Kings XI Punjab,10,6,1,0,1.0,0.0,0,5.0,18.0,0.0,0.0,-1.5,1.5824175824175826,2.057142857142857,0.0,0
335991,2007/08,6,1,39,2,8,37,83,6.166666666666667,13.833333333333334,183,144,6.324324324324324,10.409638554216867,-4.085314229892544,0.5533333333333333,middle,1,"Punjab Cricket Association Stadium, Mohali",0.229,35,Mumbai Indians,Kings XI Punjab,10,6,1,0,0.0,0.0,0,4.0,14.0,0.0,0.0,-2.324324324324324,1.6459684893419837,2.0819277108433734,10.409638554216867,2
335991,2007/08,6,2,40,2,8,38,82,6.333333333333333,13.666666666666666,183,143,6.315789473684211,10.463414634146345,-4.147625160462132,0.5466666666666667,middle,1,"Punjab Cricket Association Stadium, Mohali",0.229,35,Mumbai Indians,Kings XI Punjab,10,6,1,0,1.0,0.0,0,3.0,15.0,0.0,0.0,-3.3157894736842106,1.6567073170731712,2.0926829268292684,10.463414634146345,2
335991,2007/08,6,3,44,2,8,39,81,6.5,13.5,183,139,6.769230769230769,10.296296296296296,-3.5270655270655267,0.54,middle,1,"Punjab Cricket Association Stadium, Mohali",0.229,35,Mumbai Indians,Kings XI Punjab,10,6,1,0,4.0,0.0,1,7.0,15.0,0.0,1.0,0.2307692307692308,1.521043771043771,2.05925925925926,10.296296296296296,2
335991,2007/08,6,4,44,2,8,40,80,6.666666666666667,13.333333333333334,183,139,6.6,10.425,-3.8249999999999993,0.5333333333333333,middle,1,"Punjab Cricket Association Stadium, Mohali",0.229,35,Mumbai Indians,Kings XI Punjab,10,6,1,0,0.0,0.0,0,6.0,14.0,0.0,1.0,-0.5999999999999996,1.5795454545454548,2.085,10.425,2
335991,2007/08,6,5,45,2,8,40,80,6.666666666666667,13.333333333333334,183,138,6.75,10.35,-3.6,0.5333333333333333,middle,1,"Punjab Cricket Association Stadium, Mohali",0.229,35,Mumbai Indians,Kings XI Punjab,10,6,1,0,1.0,0.0,0,7.0,11.0,0.0,1.0,0.25,1.5333333333333332,2.07,10.35,2
335991,2007/08,6,6,45,2,8,41,79,6.833333333333333,13.166666666666666,183,138,6.585365853658537,10.481012658227847,-3.895646804569312,0.5266666666666667,middle,1,"Punjab Cricket Association Stadium, Mohali",0.229,35,Mumbai Indians,Kings XI Punjab,10,6,1,0,0.0,0.0,0,6.0,11.0,0.0,1.0,-0.5853658536585371,1.591561181434599,2.0962025316455697,10.481012658227847,2
335991,2007/08,6,7,46,2,8,42,78,7.0,13.0,183,137,6.571428571428571,10.538461538461538,-3.967032967032967,0.52,middle,1,"Punjab Cricket Association Stadium, Mohali",0.229,35,Mumbai Indians,Kings XI Punjab,10,6,1,0,1.0,0.0,0,7.0,11.0,0.0,1.0,0.4285714285714288,1.6036789297658862,2.107692307692308,10.538461538461538,2
335991,2007/08,7,1,52,2,8,43,77,7.166666666666667,12.833333333333334,183,131,7.255813953488372,10.207792207792208,-2.951978254303836,0.5133333333333334,middle,1,"Punjab Cricket Association Stadium, Mohali",0.229,35,Mumbai Indians,Kings XI Punjab,10,6,1,0,6.0,0.0,1,12.0,15.0,0.0,2.0,4.744186046511628,1.406843156843157,2.0415584415584416,10.207792207792208,2
335991,2007/08,7,2,53,2,8,44,76,7.333333333333333,12.666666666666666,183,130,7.227272727272727,10.263157894736842,-3.035885167464115,0.5066666666666667,middle,1,"Punjab Cricket Association Stadium, Mohali",0.229,35,Mumbai Indians,Kings XI Punjab,10,6,1,0,1.0,0.0,0,9.0,16.0,0.0,1.0,1.7727272727272734,1.4200595829195632,2.052631578947368,10.263157894736842,2
335991,2007/08,7,3,53,2,8,45,75,7.5,12.5,183,130,7.066666666666666,10.4,-3.333333333333334,0.5,middle,1,"Punjab Cricket Association Stadium, Mohali",0.229,35,Mumbai Indians,Kings XI Punjab,10,6,1,0,0.0,0.0,0,9.0,15.0,0.0,1.0,1.9333333333333336,1.4716981132075473,2.08,10.4,2
335991,2007/08,7,4,57,2,8,46,74,7.666666666666667,12.333333333333334,183,126,7.434782608695652,10.216216216216216,-2.7814336075205635,0.4933333333333334,middle,1,"Punjab Cricket Association Stadium, Mohali",0.229,35,Mumbai Indians,Kings XI Punjab,10,6,1,0,4.0,0.0,1,12.0,19.0,0.0,2.0,4.565217391304348,1.374110953058321,2.0432432432432432,10.216216216216216,2
335991,2007/08,7,5,58,2,8,47,73,7.833333333333333,12.166666666666666,183,125,7.404255319148937,10.273972602739727,-2.8697172835907905,0.4866666666666666,middle,1,"Punjab Cricket Association Stadium, Mohali",0.229,35,Mumbai Indians,Kings XI Punjab,10,6,1,0,1.0,0.0,0,13.0,19.0,0.0,2.0,5.595744680851063,1.387576759565423,2.054794520547945,10.273972602739727,2
335991,2007/08,7,6,60,2,8,47,73,7.833333333333333,12.166666666666666,183,123,7.659574468085107,10.10958904109589,-2.450014573010784,0.4866666666666666,middle,1,"Punjab Cricket Association Stadium, Mohali",0.229,35,Mumbai Indians,Kings XI Punjab,10,6,1,0,2.0,0.0,0,14.0,21.0,0.0,2.0,6.340425531914893,1.31986301369863,2.021917808219178,10.10958904109589,2
335991,2007/08,7,7,61,2,8,48,72,8.0,12.0,183,122,7.625,10.166666666666666,-2.541666666666666,0.48,middle,1,"Punjab Cricket Association Stadium, Mohali",0.229,35,Mumbai Indians,Kings XI Punjab,10,6,1,0,1.0,0.0,0,9.0,21.0,0.0,1.0,1.375,1.3333333333333333,2.033333333333333,10.166666666666666,2
335991,2007/08,8,1,61,2,8,49,71,8.166666666666666,11.833333333333334,183,122,7.469387755102042,10.309859154929576,-2.8404713998275346,0.4733333333333334,middle,1,"Punjab Cricket Association Stadium, Mohali",0.229,35,Mumbai Indians,Kings XI Punjab,10,6,1,0,0.0,0.0,0,8.0,17.0,0.0,1.0,0.5306122448979584,1.3802816901408448,2.0619718309859154,10.309859154929576,2
335991,2007/08,8,2,61,2,8,50,70,8.333333333333334,11.666666666666666,183,122,7.319999999999999,10.457142857142856,-3.137142857142858,0.4666666666666667,middle,1,"Punjab Cricket Association Stadium, Mohali",0.229,35,Mumbai Indians,Kings XI Punjab,10,6,1,0,0.0,0.0,0,8.0,17.0,0.0,1.0,0.6800000000000006,1.4285714285714284,2.091428571428571,10.457142857142856,2
335991,2007/08,8,3,61,2,8,51,69,8.5,11.5,183,122,7.176470588235294,10.608695652173912,-3.432225063938618,0.4599999999999999,middle,1,"Punjab Cricket Association Stadium, Mohali",0.229,35,Mumbai Indians,Kings XI Punjab,10,6,1,0,0.0,0.0,0,4.0,16.0,0.0,0.0,-3.1764705882352944,1.4782608695652173,2.121739130434783,10.608695652173912,2
335991,2007/08,8,4,61,3,7,52,68,8.666666666666666,11.333333333333334,183,122,7.038461538461539,10.76470588235294,-3.726244343891401,0.3966666666666666,middle,1,"Punjab Cricket Association Stadium, Mohali",0.229,35,Mumbai Indians,Kings XI Punjab,10,6,1,0,0.0,1.0,0,3.0,16.0,1.0,0.0,-4.038461538461539,1.529411764705882,2.3323529411764707,10.76470588235294,3
335991,2007/08,8,5,61,3,7,53,67,8.833333333333334,11.166666666666666,183,122,6.90566037735849,10.92537313432836,-4.019712756969868,0.3908333333333333,middle,1,"Punjab Cricket Association Stadium, Mohali",0.229,35,Mumbai Indians,Kings XI Punjab,10,6,1,0,0.0,0.0,0,1.0,15.0,1.0,0.0,-5.90566037735849,1.5820895522388063,2.3671641791044777,10.92537313432836,3
335991,2007/08,8,6,65,3,7,54,66,9.0,11.0,183,118,7.222222222222222,10.727272727272728,-3.5050505050505043,0.385,middle,1,"Punjab Cricket Association Stadium, Mohali",0.229,35,Mumbai Indians,Kings XI Punjab,10,6,1,0,4.0,0.0,1,4.0,13.0,1.0,1.0,-3.2222222222222223,1.4853146853146857,2.324242424242424,10.727272727272728,3
335991,2007/08,9,1,65,4,6,55,65,9.166666666666666,10.833333333333334,183,118,7.090909090909092,10.892307692307693,-3.801398601398599,0.3249999999999999,middle,1,"Punjab Cricket Association Stadium, Mohali",0.229,35,Mumbai Indians,Kings XI Punjab,10,6,1,0,0.0,1.0,0,4.0,12.0,2.0,1.0,-3.090909090909092,1.536094674556213,2.5415384615384613,10.892307692307693,4
335991,2007/08,9,2,65,4,6,56,64,9.333333333333334,10.666666666666666,183,118,6.9642857142857135,11.0625,-4.098214285714287,0.32,middle,1,"Punjab Cricket Association Stadium, Mohali",0.229,35,Mumbai Indians,Kings XI Punjab,10,6,1,0,0.0,0.0,0,4.0,12.0,2.0,1.0,-2.964285714285713,1.5884615384615386,2.58125,11.0625,4
335991,2007/08,9,3,66,4,6,57,63,9.5,10.5,183,117,6.947368421052632,11.142857142857142,-4.195488721804511,0.315,middle,1,"Punjab Cricket Association Stadium, Mohali",0.229,35,Mumbai Indians,Kings XI Punjab,10,6,1,0,1.0,0.0,0,5.0,9.0,2.0,1.0,-1.947368421052632,1.6038961038961037,2.6,11.142857142857142,4
335991,2007/08,9,4,66,4,6,58,62,9.666666666666666,10.333333333333334,183,117,6.8275862068965525,11.32258064516129,-4.4949944382647375,0.31,middle,1,"Punjab Cricket Association Stadium, Mohali",0.229,35,Mumbai Indians,Kings XI Punjab,10,6,1,0,0.0,0.0,0,5.0,8.0,2.0,1.0,-1.8275862068965525,1.658357771260997,2.641935483870968,11.32258064516129,4
335991,2007/08,9,5,66,4,6,59,61,9.833333333333334,10.166666666666666,183,117,6.711864406779661,11.508196721311476,-4.796332314531815,0.305,middle,1,"Punjab Cricket Association Stadium, Mohali",0.229,35,Mumbai Indians,Kings XI Punjab,10,6,1,0,0.0,0.0,0,5.0,6.0,2.0,1.0,-1.711864406779661,1.7146050670640836,2.685245901639344,11.508196721311476,4
335991,2007/08,9,6,67,4,6,60,60,10.0,10.0,183,116,6.7,11.6,-4.9,0.3,middle,1,"Punjab Cricket Association Stadium, Mohali",0.229,35,Mumbai Indians,Kings XI Punjab,10,6,1,0,1.0,0.0,0,2.0,6.0,2.0,0.0,-4.7,1.7313432835820894,2.7066666666666666,11.6,4
335991,2007/08,10,1,68,4,6,61,59,10.166666666666666,9.833333333333334,183,115,6.688524590163935,11.694915254237287,-5.006390664073352,0.295,middle,1,"Punjab Cricket Association Stadium, Mohali",0.229,35,Mumbai Indians,Kings XI Punjab,10,6,1,0,1.0,0.0,0,3.0,7.0,2.0,0.0,-3.688524590163935,1.7485044865403787,2.7288135593220337,11.694915254237287,4
335991,2007/08,10,2,68,4,6,62,58,10.333333333333334,9.666666666666666,183,115,6.580645161290322,11.896551724137932,-5.31590656284761,0.29,middle,1,"Punjab Cricket Association Stadium, Mohali",0.229,35,Mumbai Indians,Kings XI Punjab,10,6,1,0,0.0,0.0,0,3.0,7.0,2.0,0.0,-3.580645161290322,1.807809330628804,2.7758620689655173,11.896551724137932,4
335991,2007/08,10,3,68,4,6,63,57,10.5,9.5,183,115,6.476190476190476,12.105263157894736,-5.62907268170426,0.285,middle,1,"Punjab Cricket Association Stadium, Mohali",0.229,35,Mumbai Indians,Kings XI Punjab,10,6,1,0,0.0,0.0,0,2.0,7.0,2.0,0.0,-4.476190476190476,1.8691950464396283,2.824561403508772,12.105263157894736,4
335991,2007/08,10,4,68,4,6,64,56,10.666666666666666,9.333333333333334,183,115,6.375,12.321428571428571,-5.946428571428571,0.2799999999999999,middle,1,"Punjab Cricket Association Stadium, Mohali",0.229,35,Mumbai Indians,Kings XI Punjab,10,6,1,0,0.0,0.0,0,2.0,7.0,1.0,0.0,-4.375,1.9327731092436973,2.875,12.321428571428571,4
335991,2007/08,10,5,68,4,6,65,55,10.833333333333334,9.166666666666666,183,115,6.276923076923077,12.545454545454549,-6.26853146853147,0.2749999999999999,middle,1,"Punjab Cricket Association Stadium, Mohali",0.229,35,Mumbai Indians,Kings XI Punjab,10,6,1,0,0.0,0.0,0,2.0,7.0,1.0,0.0,-4.276923076923077,1.9986631016042784,2.927272727272727,12.545454545454549,4
335991,2007/08,10,6,68,4,6,66,54,11.0,9.0,183,115,6.181818181818182,12.77777777777778,-6.595959595959597,0.27,middle,1,"Punjab Cricket Association Stadium, Mohali",0.229,35,Mumbai Indians,Kings XI Punjab,10,6,1,0,0.0,0.0,0,1.0,3.0,1.0,0.0,-5.181818181818182,2.066993464052288,2.9814814814814814,12.77777777777778,4
335991,2007/08,11,1,72,4,6,67,53,11.166666666666666,8.833333333333334,183,111,6.447761194029851,12.566037735849056,-6.118276541819205,0.2649999999999999,middle,1,"Punjab Cricket Association Stadium, Mohali",0.229,35,Mumbai Indians,Kings XI Punjab,10,6,1,0,4.0,0.0,1,4.0,7.0,0.0,1.0,-2.4477611940298507,1.9488993710691824,2.932075471698113,12.566037735849056,4
335991,2007/08,11,2,73,4,6,68,52,11.333333333333334,8.666666666666666,183,110,6.441176470588235,12.692307692307692,-6.251131221719459,0.26,middle,1,"Punjab Cricket Association Stadium, Mohali",0.229,35,Mumbai Indians,Kings XI Punjab,10,6,1,0,1.0,0.0,0,5.0,8.0,0.0,1.0,-1.4411764705882346,1.9704952581664912,2.961538461538461,12.692307692307692,4
335991,2007/08,11,3,77,4,6,69,51,11.5,8.5,183,106,6.695652173913044,12.470588235294118,-5.774936061381074,0.255,middle,1,"Punjab Cricket Association Stadium, Mohali",0.229,35,Mumbai Indians,Kings XI Punjab,10,6,1,0,4.0,0.0,1,9.0,11.0,0.0,2.0,2.304347826086956,1.8624904507257447,2.9098039215686278,12.470588235294118,4
335991,2007/08,11,4,83,4,6,70,50,11.666666666666666,8.333333333333334,183,100,7.114285714285715,12.0,-4.885714285714285,0.25,middle,1,"Punjab Cricket Association Stadium, Mohali",0.229,35,Mumbai Indians,Kings XI Punjab,10,6,1,0,6.0,0.0,1,15.0,17.0,0.0,3.0,7.885714285714285,1.686746987951807,2.8,12.0,4
335991,2007/08,11,5,84,4,6,71,49,11.833333333333334,8.166666666666666,183,99,7.098591549295774,12.122448979591836,-5.023857430296063,0.245,middle,1,"Punjab Cricket Association Stadium, Mohali",0.229,35,Mumbai Indians,Kings XI Punjab,10,6,1,0,1.0,0.0,0,16.0,18.0,0.0,3.0,8.901408450704226,1.7077259475218658,2.8285714285714283,12.122448979591836,4
335991,2007/08,11,6,90,4,6,72,48,12.0,8.0,183,93,7.5,11.625,-4.125,0.24,middle,1,"Punjab Cricket Association Stadium, Mohali",0.229,35,Mumbai Indians,Kings XI Punjab,10,6,1,0,6.0,0.0,1,22.0,23.0,0.0,4.0,14.5,1.55,2.7125,11.625,4
335991,2007/08,12,1,91,4,6,73,47,12.166666666666666,7.833333333333333,183,92,7.479452054794521,11.74468085106383,-4.265228796269309,0.235,middle,1,"Punjab Cricket Association Stadium, Mohali",0.229,35,Mumbai Indians,Kings XI Punjab,10,6,1,0,1.0,0.0,0,19.0,23.0,0.0,3.0,11.52054794520548,1.570259527706336,2.7404255319148936,11.74468085106383,4
335991,2007/08,12,2,91,5,5,74,46,12.333333333333334,7.666666666666667,183,92,7.378378378378378,12.0,-4.621621621621622,0.1916666666666666,middle,1,"Punjab Cricket Association Stadium, Mohali",0.229,35,Mumbai Indians,Kings XI Punjab,10,6,1,0,0.0,1.0,0,18.0,23.0,1.0,3.0,10.62162162162162,1.6263736263736264,3.0,12.0,5
335991,2007/08,12,3,92,5,5,75,45,12.5,7.5,183,91,7.36,12.133333333333333,-4.7733333333333325,0.1875,middle,1,"Punjab Cricket Association Stadium, Mohali",0.229,35,Mumbai Indians,Kings XI Punjab,10,6,1,0,1.0,0.0,0,15.0,24.0,1.0,2.0,7.64,1.648550724637681,3.033333333333333,12.133333333333333,5
335991,2007/08,12,4,93,5,5,76,44,12.666666666666666,7.333333333333333,183,90,7.342105263157895,12.272727272727272,-4.930622009569379,0.1833333333333333,middle,1,"Punjab Cricket Association Stadium, Mohali",0.229,35,Mumbai Indians,Kings XI Punjab,10,6,1,0,1.0,0.0,0,10.0,25.0,1.0,1.0,2.6578947368421053,1.6715542521994131,3.0681818181818183,12.272727272727272,5
335991,2007/08,12,5,94,5,5,77,43,12.833333333333334,7.166666666666667,183,89,7.324675324675324,12.41860465116279,-5.093929326487466,0.1791666666666666,middle,1,"Punjab Cricket Association Stadium, Mohali",0.229,35,Mumbai Indians,Kings XI Punjab,10,6,1,0,1.0,0.0,0,10.0,26.0,1.0,1.0,2.675324675324676,1.6954477981197429,3.104651162790698,12.41860465116279,5
335991,2007/08,12,6,94,5,5,78,42,13.0,7.0,183,89,7.230769230769231,12.714285714285714,-5.483516483516483,0.175,middle,1,"Punjab Cricket Association Stadium, Mohali",0.229,35,Mumbai Indians,Kings XI Punjab,10,6,1,0,0.0,0.0,0,4.0,26.0,1.0,0.0,-3.230769230769231,1.7583586626139815,3.178571428571429,12.714285714285714,5
335991,2007/08,13,1,94,6,4,79,41,13.166666666666666,6.833333333333333,183,89,7.139240506329115,13.02439024390244,-5.885149737573325,0.1366666666666667,middle,1,"Punjab Cricket Association Stadium, Mohali",0.229,35,Mumbai Indians,Kings XI Punjab,10,6,1,0,0.0,1.0,0,3.0,22.0,2.0,0.0,-4.139240506329115,1.824338349766476,3.473170731707317,13.02439024390244,6
335991,2007/08,13,2,94,7,3,80,40,13.333333333333334,6.666666666666667,183,89,7.05,13.35,-6.3,0.0999999999999999,middle,1,"Punjab Cricket Association Stadium, Mohali",0.229,35,Mumbai Indians,Kings XI Punjab,10,6,1,0,0.0,1.0,0,3.0,21.0,3.0,0.0,-4.05,1.893617021276596,3.7825,13.35,7
335991,2007/08,13,3,95,7,3,81,39,13.5,6.5,183,88,7.037037037037037,13.538461538461538,-6.501424501424501,0.0975,middle,1,"Punjab Cricket Association Stadium, Mohali",0.229,35,Mumbai Indians,Kings XI Punjab,10,6,1,0,1.0,0.0,0,3.0,18.0,3.0,0.0,-4.037037037037037,1.9238866396761132,3.835897435897436,13.538461538461538,7
335991,2007/08,13,4,96,7,3,82,38,13.666666666666666,6.333333333333333,183,87,7.024390243902439,13.73684210526316,-6.71245186136072,0.0949999999999999,middle,1,"Punjab Cricket Association Stadium, Mohali",0.229,35,Mumbai Indians,Kings XI Punjab,10,6,1,0,1.0,0.0,0,3.0,13.0,3.0,0.0,-4.024390243902439,1.9555921052631584,3.892105263157894,13.73684210526316,7
335991,2007/08,13,5,97,7,3,83,37,13.833333333333334,6.166666666666667,183,86,7.012048192771084,13.945945945945946,-6.933897753174862,0.0925,middle,1,"Punjab Cricket Association Stadium, Mohali",0.229,35,Mumbai Indians,Kings XI Punjab,10,6,1,0,1.0,0.0,0,3.0,13.0,3.0,0.0,-4.012048192771084,1.9888548342156591,3.951351351351351,13.945945945945946,7
335991,2007/08,13,6,98,7,3,84,36,14.0,6.0,183,85,7.0,14.166666666666666,-7.166666666666666,0.09,middle,1,"Punjab Cricket Association Stadium, Mohali",0.229,35,Mumbai Indians,Kings XI Punjab,10,6,1,0,1.0,0.0,0,4.0,8.0,3.0,0.0,-3.0,2.023809523809524,4.013888888888889,14.166666666666666,7
335991,2007/08,14,1,99,7,3,85,35,14.166666666666666,5.833333333333333,183,84,6.988235294117647,14.4,-7.411764705882353,0.0875,middle,1,"Punjab Cricket Association Stadium, Mohali",0.229,35,Mumbai Indians,Kings XI Punjab,10,6,1,0,1.0,0.0,0,5.0,8.0,3.0,0.0,-1.988235294117647,2.060606060606061,4.08,14.4,7
335991,2007/08,14,2,100,7,3,86,34,14.333333333333334,5.666666666666667,183,83,6.976744186046512,14.647058823529411,-7.6703146374829,0.0849999999999999,middle,1,"Punjab Cricket Association Stadium, Mohali",0.229,35,Mumbai Indians,Kings XI Punjab,10,6,1,0,1.0,0.0,0,6.0,9.0,2.0,0.0,-0.9767441860465116,2.099411764705882,4.15,14.647058823529411,7
335991,2007/08,14,3,100,7,3,87,33,14.5,5.5,183,83,6.896551724137931,15.090909090909092,-8.194357366771161,0.0825,middle,1,"Punjab Cricket Association Stadium, Mohali",0.229,35,Mumbai Indians,Kings XI Punjab,10,6,1,0,0.0,0.0,0,5.0,8.0,2.0,0.0,-1.8965517241379304,2.1881818181818184,4.275757575757575,15.090909090909092,7
335991,2007/08,14,4,100,7,3,88,32,14.666666666666666,5.333333333333333,183,83,6.818181818181818,15.5625,-8.744318181818182,0.08,middle,1,"Punjab Cricket Association Stadium, Mohali",0.229,35,Mumbai Indians,Kings XI Punjab,10,6,1,0,0.0,0.0,0,4.0,7.0,2.0,0.0,-2.8181818181818183,2.2825,4.409375,15.5625,7
335991,2007/08,14,5,101,7,3,89,31,14.833333333333334,5.166666666666667,183,82,6.808988764044943,15.870967741935482,-9.06197897789054,0.0775,middle,1,"Punjab Cricket Association Stadium, Mohali",0.229,35,Mumbai Indians,Kings XI Punjab,10,6,1,0,1.0,0.0,0,4.0,7.0,2.0,0.0,-2.808988764044943,2.330884701373363,4.4967741935483865,15.870967741935482,7
335991,2007/08,14,6,101,7,3,90,30,15.0,5.0,183,82,6.733333333333333,16.4,-9.666666666666664,0.075,middle,1,"Punjab Cricket Association Stadium, Mohali",0.229,35,Mumbai Indians,Kings XI Punjab,10,6,1,0,0.0,0.0,0,3.0,7.0,2.0,0.0,-3.733333333333333,2.435643564356436,4.6466666666666665,16.4,7
335991,2007/08,15,1,105,7,3,91,29,15.166666666666666,4.833333333333333,183,78,6.923076923076923,16.137931034482758,-9.214854111405836,0.0725,death,2,"Punjab Cricket Association Stadium, Mohali",0.229,35,Mumbai Indians,Kings XI Punjab,10,6,1,0,4.0,0.0,1,6.0,11.0,1.0,1.0,-0.9230769230769234,2.3310344827586205,4.572413793103448,32.27586206896552,14
335991,2007/08,15,2,105,8,2,92,28,15.333333333333334,4.666666666666667,183,78,6.8478260869565215,16.71428571428571,-9.86645962732919,0.0466666666666666,death,2,"Punjab Cricket Association Stadium, Mohali",0.229,35,Mumbai Indians,Kings XI Punjab,10,6,1,0,0.0,1.0,0,5.0,11.0,1.0,1.0,-1.8478260869565213,2.440816326530612,5.014285714285714,33.42857142857142,16
335991,2007/08,15,3,105,8,2,93,27,15.5,4.5,183,78,6.774193548387097,17.333333333333332,-10.559139784946236,0.045,death,2,"Punjab Cricket Association Stadium, Mohali",0.229,35,Mumbai Indians,Kings XI Punjab,10,6,1,0,0.0,0.0,0,5.0,10.0,1.0,1.0,-1.774193548387097,2.5587301587301585,5.2,34.666666666666664,16
335991,2007/08,15,4,105,8,2,94,26,15.666666666666666,4.333333333333333,183,78,6.702127659574469,18.0,-11.297872340425531,0.0433333333333333,death,2,"Punjab Cricket Association Stadium, Mohali",0.229,35,Mumbai Indians,Kings XI Punjab,10,6,1,0,0.0,0.0,0,5.0,9.0,1.0,1.0,-1.7021276595744688,2.685714285714285,5.4,36.0,16
335991,2007/08,15,5,105,8,2,95,25,15.833333333333334,4.166666666666667,183,78,6.631578947368421,18.72,-12.088421052631578,0.0416666666666666,death,2,"Punjab Cricket Association Stadium, Mohali",0.229,35,Mumbai Indians,Kings XI Punjab,10,6,1,0,0.0,0.0,0,4.0,8.0,1.0,1.0,-2.631578947368421,2.8228571428571425,5.6160000000000005,37.44,16
335991,2007/08,15,6,105,8,2,96,24,16.0,4.0,183,78,6.5625,19.5,-12.9375,0.04,death,2,"Punjab Cricket Association Stadium, Mohali",0.229,35,Mumbai Indians,Kings XI Punjab,10,6,1,0,0.0,0.0,0,4.0,7.0,1.0,1.0,-2.5625,2.9714285714285715,5.8500000000000005,39.0,16
335991,2007/08,16,1,106,8,2,97,23,16.166666666666668,3.8333333333333335,183,77,6.556701030927835,20.08695652173913,-13.530255490811294,0.0383333333333333,death,2,"Punjab Cricket Association Stadium, Mohali",0.229,35,Mumbai Indians,Kings XI Punjab,10,6,1,0,1.0,0.0,0,1.0,7.0,1.0,0.0,-5.556701030927835,3.06357670221493,6.026086956521739,40.17391304347826,16
335991,2007/08,16,2,106,8,2,98,22,16.333333333333332,3.6666666666666665,183,77,6.489795918367348,21.0,-14.510204081632653,0.0366666666666666,death,2,"Punjab Cricket Association Stadium, Mohali",0.229,35,Mumbai Indians,Kings XI Punjab,10,6,1,0,0.0,0.0,0,1.0,6.0,1.0,0.0,-5.489795918367348,3.2358490566037728,6.3,42.0,16
335991,2007/08,16,3,106,8,2,99,21,16.5,3.5,183,77,6.424242424242424,22.0,-15.575757575757576,0.0349999999999999,death,2,"Punjab Cricket Association Stadium, Mohali",0.229,35,Mumbai Indians,Kings XI Punjab,10,6,1,0,0.0,0.0,0,1.0,6.0,1.0,0.0,-5.424242424242424,3.4245283018867925,6.6,44.0,16
335991,2007/08,16,4,106,8,2,100,20,16.666666666666668,3.333333333333333,183,77,6.359999999999999,23.1,-16.74,0.0333333333333333,death,2,"Punjab Cricket Association Stadium, Mohali",0.229,35,Mumbai Indians,Kings XI Punjab,10,6,1,0,0.0,0.0,0,1.0,6.0,1.0,0.0,-5.359999999999999,3.632075471698114,6.930000000000001,46.2,16
335991,2007/08,16,5,106,8,2,101,19,16.833333333333332,3.1666666666666665,183,77,6.297029702970297,24.31578947368421,-18.01875977071392,0.0316666666666666,death,2,"Punjab Cricket Association Stadium, Mohali",0.229,35,Mumbai Indians,Kings XI Punjab,10,6,1,0,0.0,0.0,0,1.0,5.0,1.0,0.0,-5.297029702970297,3.861469712015889,7.294736842105263,48.63157894736842,16
335991,2007/08,16,6,106,8,2,102,18,17.0,3.0,183,77,6.235294117647059,25.666666666666668,-19.43137254901961,0.03,death,2,"Punjab Cricket Association Stadium, Mohali",0.229,35,Mumbai Indians,Kings XI Punjab,10,6,1,0,0.0,0.0,0,1.0,5.0,1.0,0.0,-5.235294117647059,4.116352201257862,7.7,51.333333333333336,16
335991,2007/08,17,1,110,8,2,103,17,17.166666666666668,2.833333333333333,183,73,6.407766990291262,25.76470588235294,-19.35693889206168,0.0283333333333333,death,2,"Punjab Cricket Association Stadium, Mohali",0.229,35,Mumbai Indians,Kings XI Punjab,10,6,1,0,4.0,0.0,1,4.0,5.0,1.0,1.0,-2.407766990291262,4.020855614973262,7.729411764705882,51.52941176470588,16
335991,2007/08,17,2,110,9,1,104,16,17.333333333333332,2.6666666666666665,183,73,6.346153846153847,27.375,-21.02884615384616,0.0133333333333333,death,2,"Punjab Cricket Association Stadium, Mohali",0.229,35,Mumbai Indians,Kings XI Punjab,10,6,1,0,0.0,1.0,0,4.0,5.0,1.0,1.0,-2.3461538461538467,4.313636363636364,8.66875,54.75,18
335991,2007/08,17,3,110,9,1,105,15,17.5,2.5,183,73,6.285714285714286,29.2,-22.914285714285715,0.0125,death,2,"Punjab Cricket Association Stadium, Mohali",0.229,35,Mumbai Indians,Kings XI Punjab,10,6,1,0,0.0,0.0,0,4.0,5.0,1.0,1.0,-2.2857142857142856,4.6454545454545455,9.246666666666666,58.4,18
335991,2007/08,17,4,112,9,1,105,15,17.5,2.5,183,71,6.4,28.4,-22.0,0.0125,death,2,"Punjab Cricket Association Stadium, Mohali",0.229,35,Mumbai Indians,Kings XI Punjab,10,6,1,0,2.0,0.0,0,6.0,7.0,1.0,1.0,-0.4000000000000003,4.437499999999999,8.993333333333332,56.8,18
335991,2007/08,17,5,112,9,1,106,14,17.666666666666668,2.333333333333333,183,71,6.339622641509433,30.428571428571427,-24.088948787061994,0.0116666666666666,death,2,"Punjab Cricket Association Stadium, Mohali",0.229,35,Mumbai Indians,Kings XI Punjab,10,6,1,0,0.0,0.0,0,6.0,7.0,1.0,1.0,-0.3396226415094334,4.799744897959184,9.635714285714284,60.85714285714285,18
335991,2007/08,17,6,113,9,1,107,13,17.833333333333332,2.1666666666666665,183,70,6.336448598130842,32.30769230769231,-25.971243709561463,0.0108333333333333,death,2,"Punjab Cricket Association Stadium, Mohali",0.229,35,Mumbai Indians,Kings XI Punjab,10,6,1,0,1.0,0.0,0,7.0,8.0,1.0,1.0,0.6635514018691584,5.098706603131381,10.230769230769232,64.61538461538461,18
335991,2007/08,17,7,113,9,1,108,12,18.0,2.0,183,70,6.277777777777778,35.0,-28.72222222222222,0.01,death,2,"Punjab Cricket Association Stadium, Mohali",0.229,35,Mumbai Indians,Kings XI Punjab,10,6,1,0,0.0,0.0,0,3.0,7.0,1.0,0.0,-3.2777777777777777,5.575221238938053,11.083333333333332,70.0,18
335991,2007/08,18,1,114,9,1,108,12,18.0,2.0,183,69,6.333333333333333,34.5,-28.166666666666668,0.01,death,2,"Punjab Cricket Association Stadium, Mohali",0.229,35,Mumbai Indians,Kings XI Punjab,10,6,1,0,1.0,0.0,0,4.0,8.0,1.0,0.0,-2.333333333333333,5.447368421052632,10.925,69.0,18
335991,2007/08,18,2,114,9,1,109,11,18.166666666666668,1.8333333333333333,183,69,6.275229357798165,37.63636363636364,-31.36113427856548,0.0091666666666666,death,2,"Punjab Cricket Association Stadium, Mohali",0.229,35,Mumbai Indians,Kings XI Punjab,10,6,1,0,0.0,0.0,0,4.0,8.0,1.0,0.0,-2.275229357798165,5.997607655502393,11.918181818181818,75.27272727272728,18
335991,2007/08,18,3,114,9,1,110,10,18.33333333333333,1.6666666666666667,183,69,6.218181818181819,41.4,-35.18181818181818,0.0083333333333333,death,2,"Punjab Cricket Association Stadium, Mohali",0.229,35,Mumbai Indians,Kings XI Punjab,10,6,1,0,0.0,0.0,0,2.0,8.0,1.0,0.0,-4.218181818181819,6.657894736842104,13.11,82.8,18
335991,2007/08,18,4,114,9,1,111,9,18.5,1.5,183,69,6.162162162162162,46.0,-39.83783783783784,0.0075,death,2,"Punjab Cricket Association Stadium, Mohali",0.229,35,Mumbai Indians,Kings XI Punjab,10,6,1,0,0.0,0.0,0,2.0,8.0,1.0,0.0,-4.162162162162162,7.464912280701754,14.566666666666666,92.0,18
335991,2007/08,18,5,115,9,1,112,8,18.666666666666668,1.3333333333333333,183,68,6.160714285714286,51.0,-44.83928571428572,0.0066666666666666,death,2,"Punjab Cricket Association Stadium, Mohali",0.229,35,Mumbai Indians,Kings XI Punjab,10,6,1,0,1.0,0.0,0,2.0,9.0,1.0,0.0,-4.160714285714286,8.278260869565218,15.0,102.0,18
335991,2007/08,18,6,116,9,1,113,7,18.83333333333333,1.1666666666666667,183,67,6.159292035398231,57.42857142857142,-51.26927939317319,0.0058333333333333,death,2,"Punjab Cricket Association Stadium, Mohali",0.229,35,Mumbai Indians,Kings XI Punjab,10,6,1,0,1.0,0.0,0,3.0,6.0,1.0,0.0,-3.159292035398231,9.323891625615762,15.0,114.85714285714285,18
335991,2007/08,18,7,116,9,1,114,6,19.0,1.0,183,67,6.105263157894737,67.0,-60.89473684210526,0.005,death,2,"Punjab Cricket Association Stadium, Mohali",0.229,35,Mumbai Indians,Kings XI Punjab,10,6,1,0,0.0,0.0,0,2.0,6.0,0.0,0.0,-4.105263157894737,10.0,15.0,134.0,18
335991,2007/08,19,1,116,9,1,115,5,19.166666666666668,0.8333333333333334,183,67,6.052173913043478,80.39999999999999,-74.34782608695652,0.0041666666666666,death,2,"Punjab Cricket Association Stadium, Mohali",0.229,35,Mumbai Indians,Kings XI Punjab,10,6,1,0,0.0,0.0,0,2.0,6.0,0.0,0.0,-4.052173913043478,10.0,15.0,160.79999999999998,18
335991,2007/08,19,2,116,9,1,116,4,19.33333333333333,0.6666666666666666,183,67,6.0,100.5,-94.5,0.0033333333333333,death,2,"Punjab Cricket Association Stadium, Mohali",0.229,35,Mumbai Indians,Kings XI Punjab,10,6,1,0,0.0,0.0,0,2.0,4.0,0.0,0.0,-4.0,10.0,15.0,201.0,18
335991,2007/08,19,3,116,9,1,117,3,19.5,0.5,183,67,5.948717948717949,134.0,-128.05128205128204,0.0025,death,2,"Punjab Cricket Association Stadium, Mohali",0.229,35,Mumbai Indians,Kings XI Punjab,10,6,1,0,0.0,0.0,0,2.0,4.0,0.0,0.0,-3.948717948717949,10.0,15.0,268.0,18
335991,2007/08,19,4,116,9,1,118,2,19.666666666666668,0.3333333333333333,183,67,5.898305084745762,201.0,-195.10169491525423,0.0016666666666666,death,2,"Punjab Cricket Association Stadium, Mohali",0.229,35,Mumbai Indians,Kings XI Punjab,10,6,1,0,0.0,0.0,0,1.0,3.0,0.0,0.0,-4.898305084745762,10.0,15.0,402.0,18
335991,2007/08,19,5,116,9,1,119,1,19.83333333333333,0.1666666666666666,183,67,5.84873949579832,402.0,-396.1512605042017,0.0008333333333333,death,2,"Punjab Cricket Association Stadium, Mohali",0.229,35,Mumbai Indians,Kings XI Punjab,10,6,1,0,0.0,0.0,0,0.0,3.0,0.0,0.0,-5.84873949579832,10.0,15.0,804.0,18
335991,2007/08,19,6,116,9,1,120,0,20.0,0.0,183,67,5.8,402.0,-396.2,0.0,death,2,"Punjab Cricket Association Stadium, Mohali",0.229,35,Mumbai Indians,Kings XI Punjab,10,6,1,0,0.0,0.0,0,0.0,2.0,0.0,0.0,-5.8,10.0,10.0,804.0,18
